      step_size function value
              0              1
         0.0001         0.9999
         0.0002         0.9998
         0.0003         0.9997
         0.0004         0.9996
         0.0005         0.9995
         0.0006         0.9994
         0.0007         0.9993
         0.0008         0.9992
         0.0009         0.9991
          0.001       0.999001
         0.0011       0.998901
         0.0012       0.998801
         0.0013       0.998701
         0.0014       0.998601
         0.0015       0.998501
         0.0016       0.998401
         0.0017       0.998301
         0.0018       0.998202
         0.0019       0.998102
          0.002       0.998002
         0.0021       0.997902
         0.0022       0.997802
         0.0023       0.997703
         0.0024       0.997603
         0.0025       0.997503
         0.0026       0.997403
         0.0027       0.997304
         0.0028       0.997204
         0.0029       0.997104
          0.003       0.997005
         0.0031       0.996905
         0.0032       0.996805
         0.0033       0.996705
         0.0034       0.996606
         0.0035       0.996506
         0.0036       0.996407
         0.0037       0.996307
         0.0038       0.996207
         0.0039       0.996108
          0.004       0.996008
         0.0041       0.995908
         0.0042       0.995809
         0.0043       0.995709
         0.0044        0.99561
         0.0045        0.99551
         0.0046       0.995411
         0.0047       0.995311
         0.0048       0.995212
         0.0049       0.995112
          0.005       0.995013
         0.0051       0.994913
         0.0052       0.994814
         0.0053       0.994714
         0.0054       0.994615
         0.0055       0.994515
         0.0056       0.994416
         0.0057       0.994316
         0.0058       0.994217
         0.0059       0.994117
          0.006       0.994018
         0.0061       0.993919
         0.0062       0.993819
         0.0063        0.99372
         0.0064        0.99362
         0.0065       0.993521
         0.0066       0.993422
         0.0067       0.993322
         0.0068       0.993223
         0.0069       0.993124
          0.007       0.993024
         0.0071       0.992925
         0.0072       0.992826
         0.0073       0.992727
         0.0074       0.992627
         0.0075       0.992528
         0.0076       0.992429
         0.0077        0.99233
         0.0078        0.99223
         0.0079       0.992131
          0.008       0.992032
         0.0081       0.991933
         0.0082       0.991834
         0.0083       0.991734
         0.0084       0.991635
         0.0085       0.991536
         0.0086       0.991437
         0.0087       0.991338
         0.0088       0.991239
         0.0089        0.99114
          0.009        0.99104
         0.0091       0.990941
         0.0092       0.990842
         0.0093       0.990743
         0.0094       0.990644
         0.0095       0.990545
         0.0096       0.990446
         0.0097       0.990347
         0.0098       0.990248
         0.0099       0.990149
           0.01        0.99005
         0.0101       0.989951
         0.0102       0.989852
         0.0103       0.989753
         0.0104       0.989654
         0.0105       0.989555
         0.0106       0.989456
         0.0107       0.989357
         0.0108       0.989258
         0.0109       0.989159
          0.011        0.98906
         0.0111       0.988961
         0.0112       0.988863
         0.0113       0.988764
         0.0114       0.988665
         0.0115       0.988566
         0.0116       0.988467
         0.0117       0.988368
         0.0118       0.988269
         0.0119       0.988171
          0.012       0.988072
         0.0121       0.987973
         0.0122       0.987874
         0.0123       0.987775
         0.0124       0.987677
         0.0125       0.987578
         0.0126       0.987479
         0.0127        0.98738
         0.0128       0.987282
         0.0129       0.987183
          0.013       0.987084
         0.0131       0.986985
         0.0132       0.986887
         0.0133       0.986788
         0.0134       0.986689
         0.0135       0.986591
         0.0136       0.986492
         0.0137       0.986393
         0.0138       0.986295
         0.0139       0.986196
          0.014       0.986098
         0.0141       0.985999
         0.0142         0.9859
         0.0143       0.985802
         0.0144       0.985703
         0.0145       0.985605
         0.0146       0.985506
         0.0147       0.985408
         0.0148       0.985309
         0.0149       0.985211
          0.015       0.985112
         0.0151       0.985013
         0.0152       0.984915
         0.0153       0.984816
         0.0154       0.984718
         0.0155        0.98462
         0.0156       0.984521
         0.0157       0.984423
         0.0158       0.984324
         0.0159       0.984226
          0.016       0.984127
         0.0161       0.984029
         0.0162       0.983931
         0.0163       0.983832
         0.0164       0.983734
         0.0165       0.983635
         0.0166       0.983537
         0.0167       0.983439
         0.0168        0.98334
         0.0169       0.983242
          0.017       0.983144
         0.0171       0.983045
         0.0172       0.982947
         0.0173       0.982849
         0.0174       0.982751
         0.0175       0.982652
         0.0176       0.982554
         0.0177       0.982456
         0.0178       0.982358
         0.0179       0.982259
          0.018       0.982161
         0.0181       0.982063
         0.0182       0.981965
         0.0183       0.981866
         0.0184       0.981768
         0.0185        0.98167
         0.0186       0.981572
         0.0187       0.981474
         0.0188       0.981376
         0.0189       0.981278
          0.019       0.981179
         0.0191       0.981081
         0.0192       0.980983
         0.0193       0.980885
         0.0194       0.980787
         0.0195       0.980689
         0.0196       0.980591
         0.0197       0.980493
         0.0198       0.980395
         0.0199       0.980297
           0.02       0.980199
         0.0201       0.980101
         0.0202       0.980003
         0.0203       0.979905
         0.0204       0.979807
         0.0205       0.979709
         0.0206       0.979611
         0.0207       0.979513
         0.0208       0.979415
         0.0209       0.979317
          0.021       0.979219
         0.0211       0.979121
         0.0212       0.979023
         0.0213       0.978925
         0.0214       0.978827
         0.0215        0.97873
         0.0216       0.978632
         0.0217       0.978534
         0.0218       0.978436
         0.0219       0.978338
          0.022        0.97824
         0.0221       0.978142
         0.0222       0.978045
         0.0223       0.977947
         0.0224       0.977849
         0.0225       0.977751
         0.0226       0.977654
         0.0227       0.977556
         0.0228       0.977458
         0.0229        0.97736
          0.023       0.977263
         0.0231       0.977165
         0.0232       0.977067
         0.0233       0.976969
         0.0234       0.976872
         0.0235       0.976774
         0.0236       0.976676
         0.0237       0.976579
         0.0238       0.976481
         0.0239       0.976383
          0.024       0.976286
         0.0241       0.976188
         0.0242       0.976091
         0.0243       0.975993
         0.0244       0.975895
         0.0245       0.975798
         0.0246         0.9757
         0.0247       0.975603
         0.0248       0.975505
         0.0249       0.975407
          0.025        0.97531
         0.0251       0.975212
         0.0252       0.975115
         0.0253       0.975017
         0.0254        0.97492
         0.0255       0.974822
         0.0256       0.974725
         0.0257       0.974627
         0.0258        0.97453
         0.0259       0.974433
          0.026       0.974335
         0.0261       0.974238
         0.0262        0.97414
         0.0263       0.974043
         0.0264       0.973945
         0.0265       0.973848
         0.0266       0.973751
         0.0267       0.973653
         0.0268       0.973556
         0.0269       0.973459
          0.027       0.973361
         0.0271       0.973264
         0.0272       0.973167
         0.0273       0.973069
         0.0274       0.972972
         0.0275       0.972875
         0.0276       0.972777
         0.0277        0.97268
         0.0278       0.972583
         0.0279       0.972486
          0.028       0.972388
         0.0281       0.972291
         0.0282       0.972194
         0.0283       0.972097
         0.0284          0.972
         0.0285       0.971902
         0.0286       0.971805
         0.0287       0.971708
         0.0288       0.971611
         0.0289       0.971514
          0.029       0.971417
         0.0291       0.971319
         0.0292       0.971222
         0.0293       0.971125
         0.0294       0.971028
         0.0295       0.970931
         0.0296       0.970834
         0.0297       0.970737
         0.0298        0.97064
         0.0299       0.970543
           0.03       0.970446
         0.0301       0.970349
         0.0302       0.970252
         0.0303       0.970154
         0.0304       0.970057
         0.0305        0.96996
         0.0306       0.969863
         0.0307       0.969767
         0.0308        0.96967
         0.0309       0.969573
          0.031       0.969476
         0.0311       0.969379
         0.0312       0.969282
         0.0313       0.969185
         0.0314       0.969088
         0.0315       0.968991
         0.0316       0.968894
         0.0317       0.968797
         0.0318         0.9687
         0.0319       0.968603
          0.032       0.968507
         0.0321        0.96841
         0.0322       0.968313
         0.0323       0.968216
         0.0324       0.968119
         0.0325       0.968022
         0.0326       0.967926
         0.0327       0.967829
         0.0328       0.967732
         0.0329       0.967635
          0.033       0.967539
         0.0331       0.967442
         0.0332       0.967345
         0.0333       0.967248
         0.0334       0.967152
         0.0335       0.967055
         0.0336       0.966958
         0.0337       0.966862
         0.0338       0.966765
         0.0339       0.966668
          0.034       0.966572
         0.0341       0.966475
         0.0342       0.966378
         0.0343       0.966282
         0.0344       0.966185
         0.0345       0.966088
         0.0346       0.965992
         0.0347       0.965895
         0.0348       0.965799
         0.0349       0.965702
          0.035       0.965605
         0.0351       0.965509
         0.0352       0.965412
         0.0353       0.965316
         0.0354       0.965219
         0.0355       0.965123
         0.0356       0.965026
         0.0357        0.96493
         0.0358       0.964833
         0.0359       0.964737
          0.036        0.96464
         0.0361       0.964544
         0.0362       0.964447
         0.0363       0.964351
         0.0364       0.964255
         0.0365       0.964158
         0.0366       0.964062
         0.0367       0.963965
         0.0368       0.963869
         0.0369       0.963773
          0.037       0.963676
         0.0371        0.96358
         0.0372       0.963483
         0.0373       0.963387
         0.0374       0.963291
         0.0375       0.963194
         0.0376       0.963098
         0.0377       0.963002
         0.0378       0.962906
         0.0379       0.962809
          0.038       0.962713
         0.0381       0.962617
         0.0382        0.96252
         0.0383       0.962424
         0.0384       0.962328
         0.0385       0.962232
         0.0386       0.962136
         0.0387       0.962039
         0.0388       0.961943
         0.0389       0.961847
          0.039       0.961751
         0.0391       0.961655
         0.0392       0.961558
         0.0393       0.961462
         0.0394       0.961366
         0.0395        0.96127
         0.0396       0.961174
         0.0397       0.961078
         0.0398       0.960982
         0.0399       0.960886
           0.04       0.960789
         0.0401       0.960693
         0.0402       0.960597
         0.0403       0.960501
         0.0404       0.960405
         0.0405       0.960309
         0.0406       0.960213
         0.0407       0.960117
         0.0408       0.960021
         0.0409       0.959925
          0.041       0.959829
         0.0411       0.959733
         0.0412       0.959637
         0.0413       0.959541
         0.0414       0.959445
         0.0415       0.959349
         0.0416       0.959253
         0.0417       0.959158
         0.0418       0.959062
         0.0419       0.958966
          0.042        0.95887
         0.0421       0.958774
         0.0422       0.958678
         0.0423       0.958582
         0.0424       0.958486
         0.0425       0.958391
         0.0426       0.958295
         0.0427       0.958199
         0.0428       0.958103
         0.0429       0.958007
          0.043       0.957911
         0.0431       0.957816
         0.0432        0.95772
         0.0433       0.957624
         0.0434       0.957528
         0.0435       0.957433
         0.0436       0.957337
         0.0437       0.957241
         0.0438       0.957145
         0.0439        0.95705
          0.044       0.956954
         0.0441       0.956858
         0.0442       0.956763
         0.0443       0.956667
         0.0444       0.956571
         0.0445       0.956476
         0.0446        0.95638
         0.0447       0.956284
         0.0448       0.956189
         0.0449       0.956093
          0.045       0.955998
         0.0451       0.955902
         0.0452       0.955806
         0.0453       0.955711
         0.0454       0.955615
         0.0455        0.95552
         0.0456       0.955424
         0.0457       0.955329
         0.0458       0.955233
         0.0459       0.955138
          0.046       0.955042
         0.0461       0.954947
         0.0462       0.954851
         0.0463       0.954756
         0.0464        0.95466
         0.0465       0.954565
         0.0466       0.954469
         0.0467       0.954374
         0.0468       0.954278
         0.0469       0.954183
          0.047       0.954087
         0.0471       0.953992
         0.0472       0.953897
         0.0473       0.953801
         0.0474       0.953706
         0.0475       0.953611
         0.0476       0.953515
         0.0477        0.95342
         0.0478       0.953324
         0.0479       0.953229
          0.048       0.953134
         0.0481       0.953039
         0.0482       0.952943
         0.0483       0.952848
         0.0484       0.952753
         0.0485       0.952657
         0.0486       0.952562
         0.0487       0.952467
         0.0488       0.952372
         0.0489       0.952276
          0.049       0.952181
         0.0491       0.952086
         0.0492       0.951991
         0.0493       0.951896
         0.0494         0.9518
         0.0495       0.951705
         0.0496        0.95161
         0.0497       0.951515
         0.0498        0.95142
         0.0499       0.951325
           0.05       0.951229
         0.0501       0.951134
         0.0502       0.951039
         0.0503       0.950944
         0.0504       0.950849
         0.0505       0.950754
         0.0506       0.950659
         0.0507       0.950564
         0.0508       0.950469
         0.0509       0.950374
          0.051       0.950279
         0.0511       0.950184
         0.0512       0.950089
         0.0513       0.949994
         0.0514       0.949899
         0.0515       0.949804
         0.0516       0.949709
         0.0517       0.949614
         0.0518       0.949519
         0.0519       0.949424
          0.052       0.949329
         0.0521       0.949234
         0.0522       0.949139
         0.0523       0.949044
         0.0524       0.948949
         0.0525       0.948854
         0.0526       0.948759
         0.0527       0.948665
         0.0528        0.94857
         0.0529       0.948475
          0.053        0.94838
         0.0531       0.948285
         0.0532        0.94819
         0.0533       0.948096
         0.0534       0.948001
         0.0535       0.947906
         0.0536       0.947811
         0.0537       0.947716
         0.0538       0.947622
         0.0539       0.947527
          0.054       0.947432
         0.0541       0.947337
         0.0542       0.947243
         0.0543       0.947148
         0.0544       0.947053
         0.0545       0.946959
         0.0546       0.946864
         0.0547       0.946769
         0.0548       0.946675
         0.0549        0.94658
          0.055       0.946485
         0.0551       0.946391
         0.0552       0.946296
         0.0553       0.946201
         0.0554       0.946107
         0.0555       0.946012
         0.0556       0.945917
         0.0557       0.945823
         0.0558       0.945728
         0.0559       0.945634
          0.056       0.945539
         0.0561       0.945445
         0.0562        0.94535
         0.0563       0.945256
         0.0564       0.945161
         0.0565       0.945067
         0.0566       0.944972
         0.0567       0.944878
         0.0568       0.944783
         0.0569       0.944689
          0.057       0.944594
         0.0571         0.9445
         0.0572       0.944405
         0.0573       0.944311
         0.0574       0.944216
         0.0575       0.944122
         0.0576       0.944028
         0.0577       0.943933
         0.0578       0.943839
         0.0579       0.943744
          0.058        0.94365
         0.0581       0.943556
         0.0582       0.943461
         0.0583       0.943367
         0.0584       0.943273
         0.0585       0.943178
         0.0586       0.943084
         0.0587        0.94299
         0.0588       0.942895
         0.0589       0.942801
          0.059       0.942707
         0.0591       0.942613
         0.0592       0.942518
         0.0593       0.942424
         0.0594        0.94233
         0.0595       0.942236
         0.0596       0.942141
         0.0597       0.942047
         0.0598       0.941953
         0.0599       0.941859
           0.06       0.941765
         0.0601        0.94167
         0.0602       0.941576
         0.0603       0.941482
         0.0604       0.941388
         0.0605       0.941294
         0.0606         0.9412
         0.0607       0.941106
         0.0608       0.941011
         0.0609       0.940917
          0.061       0.940823
         0.0611       0.940729
         0.0612       0.940635
         0.0613       0.940541
         0.0614       0.940447
         0.0615       0.940353
         0.0616       0.940259
         0.0617       0.940165
         0.0618       0.940071
         0.0619       0.939977
          0.062       0.939883
         0.0621       0.939789
         0.0622       0.939695
         0.0623       0.939601
         0.0624       0.939507
         0.0625       0.939413
         0.0626       0.939319
         0.0627       0.939225
         0.0628       0.939131
         0.0629       0.939037
          0.063       0.938944
         0.0631        0.93885
         0.0632       0.938756
         0.0633       0.938662
         0.0634       0.938568
         0.0635       0.938474
         0.0636        0.93838
         0.0637       0.938286
         0.0638       0.938193
         0.0639       0.938099
          0.064       0.938005
         0.0641       0.937911
         0.0642       0.937817
         0.0643       0.937724
         0.0644        0.93763
         0.0645       0.937536
         0.0646       0.937442
         0.0647       0.937349
         0.0648       0.937255
         0.0649       0.937161
          0.065       0.937068
         0.0651       0.936974
         0.0652        0.93688
         0.0653       0.936786
         0.0654       0.936693
         0.0655       0.936599
         0.0656       0.936505
         0.0657       0.936412
         0.0658       0.936318
         0.0659       0.936225
          0.066       0.936131
         0.0661       0.936037
         0.0662       0.935944
         0.0663        0.93585
         0.0664       0.935757
         0.0665       0.935663
         0.0666       0.935569
         0.0667       0.935476
         0.0668       0.935382
         0.0669       0.935289
          0.067       0.935195
         0.0671       0.935102
         0.0672       0.935008
         0.0673       0.934915
         0.0674       0.934821
         0.0675       0.934728
         0.0676       0.934634
         0.0677       0.934541
         0.0678       0.934447
         0.0679       0.934354
          0.068       0.934261
         0.0681       0.934167
         0.0682       0.934074
         0.0683        0.93398
         0.0684       0.933887
         0.0685       0.933794
         0.0686         0.9337
         0.0687       0.933607
         0.0688       0.933513
         0.0689        0.93342
          0.069       0.933327
         0.0691       0.933233
         0.0692        0.93314
         0.0693       0.933047
         0.0694       0.932953
         0.0695        0.93286
         0.0696       0.932767
         0.0697       0.932674
         0.0698        0.93258
         0.0699       0.932487
           0.07       0.932394
         0.0701       0.932301
         0.0702       0.932207
         0.0703       0.932114
         0.0704       0.932021
         0.0705       0.931928
         0.0706       0.931835
         0.0707       0.931741
         0.0708       0.931648
         0.0709       0.931555
          0.071       0.931462
         0.0711       0.931369
         0.0712       0.931276
         0.0713       0.931183
         0.0714       0.931089
         0.0715       0.930996
         0.0716       0.930903
         0.0717        0.93081
         0.0718       0.930717
         0.0719       0.930624
          0.072       0.930531
         0.0721       0.930438
         0.0722       0.930345
         0.0723       0.930252
         0.0724       0.930159
         0.0725       0.930066
         0.0726       0.929973
         0.0727        0.92988
         0.0728       0.929787
         0.0729       0.929694
          0.073       0.929601
         0.0731       0.929508
         0.0732       0.929415
         0.0733       0.929322
         0.0734       0.929229
         0.0735       0.929136
         0.0736       0.929043
         0.0737        0.92895
         0.0738       0.928857
         0.0739       0.928765
          0.074       0.928672
         0.0741       0.928579
         0.0742       0.928486
         0.0743       0.928393
         0.0744         0.9283
         0.0745       0.928208
         0.0746       0.928115
         0.0747       0.928022
         0.0748       0.927929
         0.0749       0.927836
          0.075       0.927744
         0.0751       0.927651
         0.0752       0.927558
         0.0753       0.927465
         0.0754       0.927373
         0.0755        0.92728
         0.0756       0.927187
         0.0757       0.927094
         0.0758       0.927002
         0.0759       0.926909
          0.076       0.926816
         0.0761       0.926724
         0.0762       0.926631
         0.0763       0.926538
         0.0764       0.926446
         0.0765       0.926353
         0.0766        0.92626
         0.0767       0.926168
         0.0768       0.926075
         0.0769       0.925982
          0.077        0.92589
         0.0771       0.925797
         0.0772       0.925705
         0.0773       0.925612
         0.0774        0.92552
         0.0775       0.925427
         0.0776       0.925335
         0.0777       0.925242
         0.0778       0.925149
         0.0779       0.925057
          0.078       0.924964
         0.0781       0.924872
         0.0782       0.924779
         0.0783       0.924687
         0.0784       0.924595
         0.0785       0.924502
         0.0786        0.92441
         0.0787       0.924317
         0.0788       0.924225
         0.0789       0.924132
          0.079        0.92404
         0.0791       0.923948
         0.0792       0.923855
         0.0793       0.923763
         0.0794        0.92367
         0.0795       0.923578
         0.0796       0.923486
         0.0797       0.923393
         0.0798       0.923301
         0.0799       0.923209
           0.08       0.923116
         0.0801       0.923024
         0.0802       0.922932
         0.0803       0.922839
         0.0804       0.922747
         0.0805       0.922655
         0.0806       0.922563
         0.0807        0.92247
         0.0808       0.922378
         0.0809       0.922286
          0.081       0.922194
         0.0811       0.922102
         0.0812       0.922009
         0.0813       0.921917
         0.0814       0.921825
         0.0815       0.921733
         0.0816       0.921641
         0.0817       0.921548
         0.0818       0.921456
         0.0819       0.921364
          0.082       0.921272
         0.0821        0.92118
         0.0822       0.921088
         0.0823       0.920996
         0.0824       0.920904
         0.0825       0.920811
         0.0826       0.920719
         0.0827       0.920627
         0.0828       0.920535
         0.0829       0.920443
          0.083       0.920351
         0.0831       0.920259
         0.0832       0.920167
         0.0833       0.920075
         0.0834       0.919983
         0.0835       0.919891
         0.0836       0.919799
         0.0837       0.919707
         0.0838       0.919615
         0.0839       0.919523
          0.084       0.919431
         0.0841       0.919339
         0.0842       0.919247
         0.0843       0.919156
         0.0844       0.919064
         0.0845       0.918972
         0.0846        0.91888
         0.0847       0.918788
         0.0848       0.918696
         0.0849       0.918604
          0.085       0.918512
         0.0851        0.91842
         0.0852       0.918329
         0.0853       0.918237
         0.0854       0.918145
         0.0855       0.918053
         0.0856       0.917961
         0.0857        0.91787
         0.0858       0.917778
         0.0859       0.917686
          0.086       0.917594
         0.0861       0.917503
         0.0862       0.917411
         0.0863       0.917319
         0.0864       0.917227
         0.0865       0.917136
         0.0866       0.917044
         0.0867       0.916952
         0.0868        0.91686
         0.0869       0.916769
          0.087       0.916677
         0.0871       0.916585
         0.0872       0.916494
         0.0873       0.916402
         0.0874       0.916311
         0.0875       0.916219
         0.0876       0.916127
         0.0877       0.916036
         0.0878       0.915944
         0.0879       0.915853
          0.088       0.915761
         0.0881       0.915669
         0.0882       0.915578
         0.0883       0.915486
         0.0884       0.915395
         0.0885       0.915303
         0.0886       0.915212
         0.0887        0.91512
         0.0888       0.915029
         0.0889       0.914937
          0.089       0.914846
         0.0891       0.914754
         0.0892       0.914663
         0.0893       0.914571
         0.0894        0.91448
         0.0895       0.914388
         0.0896       0.914297
         0.0897       0.914205
         0.0898       0.914114
         0.0899       0.914023
           0.09       0.913931
         0.0901        0.91384
         0.0902       0.913748
         0.0903       0.913657
         0.0904       0.913566
         0.0905       0.913474
         0.0906       0.913383
         0.0907       0.913292
         0.0908         0.9132
         0.0909       0.913109
          0.091       0.913018
         0.0911       0.912926
         0.0912       0.912835
         0.0913       0.912744
         0.0914       0.912653
         0.0915       0.912561
         0.0916        0.91247
         0.0917       0.912379
         0.0918       0.912288
         0.0919       0.912196
          0.092       0.912105
         0.0921       0.912014
         0.0922       0.911923
         0.0923       0.911832
         0.0924        0.91174
         0.0925       0.911649
         0.0926       0.911558
         0.0927       0.911467
         0.0928       0.911376
         0.0929       0.911285
          0.093       0.911194
         0.0931       0.911102
         0.0932       0.911011
         0.0933        0.91092
         0.0934       0.910829
         0.0935       0.910738
         0.0936       0.910647
         0.0937       0.910556
         0.0938       0.910465
         0.0939       0.910374
          0.094       0.910283
         0.0941       0.910192
         0.0942       0.910101
         0.0943        0.91001
         0.0944       0.909919
         0.0945       0.909828
         0.0946       0.909737
         0.0947       0.909646
         0.0948       0.909555
         0.0949       0.909464
          0.095       0.909373
         0.0951       0.909282
         0.0952       0.909191
         0.0953         0.9091
         0.0954       0.909009
         0.0955       0.908918
         0.0956       0.908828
         0.0957       0.908737
         0.0958       0.908646
         0.0959       0.908555
          0.096       0.908464
         0.0961       0.908373
         0.0962       0.908282
         0.0963       0.908192
         0.0964       0.908101
         0.0965        0.90801
         0.0966       0.907919
         0.0967       0.907828
         0.0968       0.907738
         0.0969       0.907647
          0.097       0.907556
         0.0971       0.907465
         0.0972       0.907375
         0.0973       0.907284
         0.0974       0.907193
         0.0975       0.907102
         0.0976       0.907012
         0.0977       0.906921
         0.0978        0.90683
         0.0979        0.90674
          0.098       0.906649
         0.0981       0.906558
         0.0982       0.906468
         0.0983       0.906377
         0.0984       0.906286
         0.0985       0.906196
         0.0986       0.906105
         0.0987       0.906015
         0.0988       0.905924
         0.0989       0.905833
          0.099       0.905743
         0.0991       0.905652
         0.0992       0.905562
         0.0993       0.905471
         0.0994       0.905381
         0.0995        0.90529
         0.0996       0.905199
         0.0997       0.905109
         0.0998       0.905018
         0.0999       0.904928
            0.1       0.904837
         0.1001       0.904747
         0.1002       0.904657
         0.1003       0.904566
         0.1004       0.904476
         0.1005       0.904385
         0.1006       0.904295
         0.1007       0.904204
         0.1008       0.904114
         0.1009       0.904023
          0.101       0.903933
         0.1011       0.903843
         0.1012       0.903752
         0.1013       0.903662
         0.1014       0.903572
         0.1015       0.903481
         0.1016       0.903391
         0.1017       0.903301
         0.1018        0.90321
         0.1019        0.90312
          0.102        0.90303
         0.1021       0.902939
         0.1022       0.902849
         0.1023       0.902759
         0.1024       0.902668
         0.1025       0.902578
         0.1026       0.902488
         0.1027       0.902398
         0.1028       0.902307
         0.1029       0.902217
          0.103       0.902127
         0.1031       0.902037
         0.1032       0.901947
         0.1033       0.901856
         0.1034       0.901766
         0.1035       0.901676
         0.1036       0.901586
         0.1037       0.901496
         0.1038       0.901406
         0.1039       0.901315
          0.104       0.901225
         0.1041       0.901135
         0.1042       0.901045
         0.1043       0.900955
         0.1044       0.900865
         0.1045       0.900775
         0.1046       0.900685
         0.1047       0.900595
         0.1048       0.900505
         0.1049       0.900415
          0.105       0.900325
         0.1051       0.900235
         0.1052       0.900145
         0.1053       0.900055
         0.1054       0.899965
         0.1055       0.899875
         0.1056       0.899785
         0.1057       0.899695
         0.1058       0.899605
         0.1059       0.899515
          0.106       0.899425
         0.1061       0.899335
         0.1062       0.899245
         0.1063       0.899155
         0.1064       0.899065
         0.1065       0.898975
         0.1066       0.898885
         0.1067       0.898795
         0.1068       0.898705
         0.1069       0.898616
          0.107       0.898526
         0.1071       0.898436
         0.1072       0.898346
         0.1073       0.898256
         0.1074       0.898166
         0.1075       0.898077
         0.1076       0.897987
         0.1077       0.897897
         0.1078       0.897807
         0.1079       0.897717
          0.108       0.897628
         0.1081       0.897538
         0.1082       0.897448
         0.1083       0.897358
         0.1084       0.897269
         0.1085       0.897179
         0.1086       0.897089
         0.1087          0.897
         0.1088        0.89691
         0.1089        0.89682
          0.109        0.89673
         0.1091       0.896641
         0.1092       0.896551
         0.1093       0.896461
         0.1094       0.896372
         0.1095       0.896282
         0.1096       0.896193
         0.1097       0.896103
         0.1098       0.896013
         0.1099       0.895924
           0.11       0.895834
         0.1101       0.895745
         0.1102       0.895655
         0.1103       0.895565
         0.1104       0.895476
         0.1105       0.895386
         0.1106       0.895297
         0.1107       0.895207
         0.1108       0.895118
         0.1109       0.895028
          0.111       0.894939
         0.1111       0.894849
         0.1112        0.89476
         0.1113        0.89467
         0.1114       0.894581
         0.1115       0.894491
         0.1116       0.894402
         0.1117       0.894313
         0.1118       0.894223
         0.1119       0.894134
          0.112       0.894044
         0.1121       0.893955
         0.1122       0.893866
         0.1123       0.893776
         0.1124       0.893687
         0.1125       0.893597
         0.1126       0.893508
         0.1127       0.893419
         0.1128       0.893329
         0.1129        0.89324
          0.113       0.893151
         0.1131       0.893061
         0.1132       0.892972
         0.1133       0.892883
         0.1134       0.892794
         0.1135       0.892704
         0.1136       0.892615
         0.1137       0.892526
         0.1138       0.892436
         0.1139       0.892347
          0.114       0.892258
         0.1141       0.892169
         0.1142        0.89208
         0.1143        0.89199
         0.1144       0.891901
         0.1145       0.891812
         0.1146       0.891723
         0.1147       0.891634
         0.1148       0.891544
         0.1149       0.891455
          0.115       0.891366
         0.1151       0.891277
         0.1152       0.891188
         0.1153       0.891099
         0.1154        0.89101
         0.1155       0.890921
         0.1156       0.890832
         0.1157       0.890742
         0.1158       0.890653
         0.1159       0.890564
          0.116       0.890475
         0.1161       0.890386
         0.1162       0.890297
         0.1163       0.890208
         0.1164       0.890119
         0.1165        0.89003
         0.1166       0.889941
         0.1167       0.889852
         0.1168       0.889763
         0.1169       0.889674
          0.117       0.889585
         0.1171       0.889496
         0.1172       0.889407
         0.1173       0.889318
         0.1174       0.889229
         0.1175       0.889141
         0.1176       0.889052
         0.1177       0.888963
         0.1178       0.888874
         0.1179       0.888785
          0.118       0.888696
         0.1181       0.888607
         0.1182       0.888518
         0.1183        0.88843
         0.1184       0.888341
         0.1185       0.888252
         0.1186       0.888163
         0.1187       0.888074
         0.1188       0.887985
         0.1189       0.887897
          0.119       0.887808
         0.1191       0.887719
         0.1192        0.88763
         0.1193       0.887542
         0.1194       0.887453
         0.1195       0.887364
         0.1196       0.887275
         0.1197       0.887187
         0.1198       0.887098
         0.1199       0.887009
           0.12        0.88692
         0.1201       0.886832
         0.1202       0.886743
         0.1203       0.886654
         0.1204       0.886566
         0.1205       0.886477
         0.1206       0.886388
         0.1207         0.8863
         0.1208       0.886211
         0.1209       0.886123
          0.121       0.886034
         0.1211       0.885945
         0.1212       0.885857
         0.1213       0.885768
         0.1214        0.88568
         0.1215       0.885591
         0.1216       0.885503
         0.1217       0.885414
         0.1218       0.885325
         0.1219       0.885237
          0.122       0.885148
         0.1221        0.88506
         0.1222       0.884971
         0.1223       0.884883
         0.1224       0.884794
         0.1225       0.884706
         0.1226       0.884617
         0.1227       0.884529
         0.1228       0.884441
         0.1229       0.884352
          0.123       0.884264
         0.1231       0.884175
         0.1232       0.884087
         0.1233       0.883998
         0.1234        0.88391
         0.1235       0.883822
         0.1236       0.883733
         0.1237       0.883645
         0.1238       0.883557
         0.1239       0.883468
          0.124        0.88338
         0.1241       0.883292
         0.1242       0.883203
         0.1243       0.883115
         0.1244       0.883027
         0.1245       0.882938
         0.1246        0.88285
         0.1247       0.882762
         0.1248       0.882673
         0.1249       0.882585
          0.125       0.882497
         0.1251       0.882409
         0.1252        0.88232
         0.1253       0.882232
         0.1254       0.882144
         0.1255       0.882056
         0.1256       0.881968
         0.1257       0.881879
         0.1258       0.881791
         0.1259       0.881703
          0.126       0.881615
         0.1261       0.881527
         0.1262       0.881439
         0.1263        0.88135
         0.1264       0.881262
         0.1265       0.881174
         0.1266       0.881086
         0.1267       0.880998
         0.1268        0.88091
         0.1269       0.880822
          0.127       0.880734
         0.1271       0.880646
         0.1272       0.880558
         0.1273        0.88047
         0.1274       0.880381
         0.1275       0.880293
         0.1276       0.880205
         0.1277       0.880117
         0.1278       0.880029
         0.1279       0.879941
          0.128       0.879853
         0.1281       0.879765
         0.1282       0.879677
         0.1283        0.87959
         0.1284       0.879502
         0.1285       0.879414
         0.1286       0.879326
         0.1287       0.879238
         0.1288        0.87915
         0.1289       0.879062
          0.129       0.878974
         0.1291       0.878886
         0.1292       0.878798
         0.1293        0.87871
         0.1294       0.878622
         0.1295       0.878535
         0.1296       0.878447
         0.1297       0.878359
         0.1298       0.878271
         0.1299       0.878183
           0.13       0.878095
         0.1301       0.878008
         0.1302        0.87792
         0.1303       0.877832
         0.1304       0.877744
         0.1305       0.877657
         0.1306       0.877569
         0.1307       0.877481
         0.1308       0.877393
         0.1309       0.877306
          0.131       0.877218
         0.1311        0.87713
         0.1312       0.877042
         0.1313       0.876955
         0.1314       0.876867
         0.1315       0.876779
         0.1316       0.876692
         0.1317       0.876604
         0.1318       0.876516
         0.1319       0.876429
          0.132       0.876341
         0.1321       0.876253
         0.1322       0.876166
         0.1323       0.876078
         0.1324       0.875991
         0.1325       0.875903
         0.1326       0.875815
         0.1327       0.875728
         0.1328        0.87564
         0.1329       0.875553
          0.133       0.875465
         0.1331       0.875378
         0.1332        0.87529
         0.1333       0.875203
         0.1334       0.875115
         0.1335       0.875028
         0.1336        0.87494
         0.1337       0.874853
         0.1338       0.874765
         0.1339       0.874678
          0.134        0.87459
         0.1341       0.874503
         0.1342       0.874415
         0.1343       0.874328
         0.1344        0.87424
         0.1345       0.874153
         0.1346       0.874066
         0.1347       0.873978
         0.1348       0.873891
         0.1349       0.873803
          0.135       0.873716
         0.1351       0.873629
         0.1352       0.873541
         0.1353       0.873454
         0.1354       0.873367
         0.1355       0.873279
         0.1356       0.873192
         0.1357       0.873105
         0.1358       0.873017
         0.1359        0.87293
          0.136       0.872843
         0.1361       0.872755
         0.1362       0.872668
         0.1363       0.872581
         0.1364       0.872494
         0.1365       0.872406
         0.1366       0.872319
         0.1367       0.872232
         0.1368       0.872145
         0.1369       0.872057
          0.137        0.87197
         0.1371       0.871883
         0.1372       0.871796
         0.1373       0.871709
         0.1374       0.871622
         0.1375       0.871534
         0.1376       0.871447
         0.1377        0.87136
         0.1378       0.871273
         0.1379       0.871186
          0.138       0.871099
         0.1381       0.871012
         0.1382       0.870925
         0.1383       0.870837
         0.1384        0.87075
         0.1385       0.870663
         0.1386       0.870576
         0.1387       0.870489
         0.1388       0.870402
         0.1389       0.870315
          0.139       0.870228
         0.1391       0.870141
         0.1392       0.870054
         0.1393       0.869967
         0.1394        0.86988
         0.1395       0.869793
         0.1396       0.869706
         0.1397       0.869619
         0.1398       0.869532
         0.1399       0.869445
           0.14       0.869358
         0.1401       0.869271
         0.1402       0.869184
         0.1403       0.869098
         0.1404       0.869011
         0.1405       0.868924
         0.1406       0.868837
         0.1407        0.86875
         0.1408       0.868663
         0.1409       0.868576
          0.141       0.868489
         0.1411       0.868403
         0.1412       0.868316
         0.1413       0.868229
         0.1414       0.868142
         0.1415       0.868055
         0.1416       0.867968
         0.1417       0.867882
         0.1418       0.867795
         0.1419       0.867708
          0.142       0.867621
         0.1421       0.867535
         0.1422       0.867448
         0.1423       0.867361
         0.1424       0.867274
         0.1425       0.867188
         0.1426       0.867101
         0.1427       0.867014
         0.1428       0.866927
         0.1429       0.866841
          0.143       0.866754
         0.1431       0.866667
         0.1432       0.866581
         0.1433       0.866494
         0.1434       0.866407
         0.1435       0.866321
         0.1436       0.866234
         0.1437       0.866148
         0.1438       0.866061
         0.1439       0.865974
          0.144       0.865888
         0.1441       0.865801
         0.1442       0.865715
         0.1443       0.865628
         0.1444       0.865542
         0.1445       0.865455
         0.1446       0.865368
         0.1447       0.865282
         0.1448       0.865195
         0.1449       0.865109
          0.145       0.865022
         0.1451       0.864936
         0.1452       0.864849
         0.1453       0.864763
         0.1454       0.864676
         0.1455        0.86459
         0.1456       0.864503
         0.1457       0.864417
         0.1458       0.864331
         0.1459       0.864244
          0.146       0.864158
         0.1461       0.864071
         0.1462       0.863985
         0.1463       0.863899
         0.1464       0.863812
         0.1465       0.863726
         0.1466       0.863639
         0.1467       0.863553
         0.1468       0.863467
         0.1469        0.86338
          0.147       0.863294
         0.1471       0.863208
         0.1472       0.863121
         0.1473       0.863035
         0.1474       0.862949
         0.1475       0.862862
         0.1476       0.862776
         0.1477        0.86269
         0.1478       0.862604
         0.1479       0.862517
          0.148       0.862431
         0.1481       0.862345
         0.1482       0.862259
         0.1483       0.862172
         0.1484       0.862086
         0.1485          0.862
         0.1486       0.861914
         0.1487       0.861828
         0.1488       0.861741
         0.1489       0.861655
          0.149       0.861569
         0.1491       0.861483
         0.1492       0.861397
         0.1493       0.861311
         0.1494       0.861225
         0.1495       0.861138
         0.1496       0.861052
         0.1497       0.860966
         0.1498        0.86088
         0.1499       0.860794
           0.15       0.860708
         0.1501       0.860622
         0.1502       0.860536
         0.1503        0.86045
         0.1504       0.860364
         0.1505       0.860278
         0.1506       0.860192
         0.1507       0.860106
         0.1508        0.86002
         0.1509       0.859934
          0.151       0.859848
         0.1511       0.859762
         0.1512       0.859676
         0.1513        0.85959
         0.1514       0.859504
         0.1515       0.859418
         0.1516       0.859332
         0.1517       0.859246
         0.1518        0.85916
         0.1519       0.859074
          0.152       0.858988
         0.1521       0.858902
         0.1522       0.858817
         0.1523       0.858731
         0.1524       0.858645
         0.1525       0.858559
         0.1526       0.858473
         0.1527       0.858387
         0.1528       0.858301
         0.1529       0.858216
          0.153        0.85813
         0.1531       0.858044
         0.1532       0.857958
         0.1533       0.857872
         0.1534       0.857787
         0.1535       0.857701
         0.1536       0.857615
         0.1537       0.857529
         0.1538       0.857444
         0.1539       0.857358
          0.154       0.857272
         0.1541       0.857186
         0.1542       0.857101
         0.1543       0.857015
         0.1544       0.856929
         0.1545       0.856844
         0.1546       0.856758
         0.1547       0.856672
         0.1548       0.856587
         0.1549       0.856501
          0.155       0.856415
         0.1551        0.85633
         0.1552       0.856244
         0.1553       0.856158
         0.1554       0.856073
         0.1555       0.855987
         0.1556       0.855902
         0.1557       0.855816
         0.1558        0.85573
         0.1559       0.855645
          0.156       0.855559
         0.1561       0.855474
         0.1562       0.855388
         0.1563       0.855303
         0.1564       0.855217
         0.1565       0.855132
         0.1566       0.855046
         0.1567       0.854961
         0.1568       0.854875
         0.1569        0.85479
          0.157       0.854704
         0.1571       0.854619
         0.1572       0.854533
         0.1573       0.854448
         0.1574       0.854362
         0.1575       0.854277
         0.1576       0.854191
         0.1577       0.854106
         0.1578       0.854021
         0.1579       0.853935
          0.158        0.85385
         0.1581       0.853764
         0.1582       0.853679
         0.1583       0.853594
         0.1584       0.853508
         0.1585       0.853423
         0.1586       0.853338
         0.1587       0.853252
         0.1588       0.853167
         0.1589       0.853082
          0.159       0.852996
         0.1591       0.852911
         0.1592       0.852826
         0.1593       0.852741
         0.1594       0.852655
         0.1595        0.85257
         0.1596       0.852485
         0.1597         0.8524
         0.1598       0.852314
         0.1599       0.852229
           0.16       0.852144
         0.1601       0.852059
         0.1602       0.851973
         0.1603       0.851888
         0.1604       0.851803
         0.1605       0.851718
         0.1606       0.851633
         0.1607       0.851548
         0.1608       0.851462
         0.1609       0.851377
          0.161       0.851292
         0.1611       0.851207
         0.1612       0.851122
         0.1613       0.851037
         0.1614       0.850952
         0.1615       0.850867
         0.1616       0.850781
         0.1617       0.850696
         0.1618       0.850611
         0.1619       0.850526
          0.162       0.850441
         0.1621       0.850356
         0.1622       0.850271
         0.1623       0.850186
         0.1624       0.850101
         0.1625       0.850016
         0.1626       0.849931
         0.1627       0.849846
         0.1628       0.849761
         0.1629       0.849676
          0.163       0.849591
         0.1631       0.849506
         0.1632       0.849421
         0.1633       0.849336
         0.1634       0.849251
         0.1635       0.849167
         0.1636       0.849082
         0.1637       0.848997
         0.1638       0.848912
         0.1639       0.848827
          0.164       0.848742
         0.1641       0.848657
         0.1642       0.848572
         0.1643       0.848487
         0.1644       0.848403
         0.1645       0.848318
         0.1646       0.848233
         0.1647       0.848148
         0.1648       0.848063
         0.1649       0.847979
          0.165       0.847894
         0.1651       0.847809
         0.1652       0.847724
         0.1653       0.847639
         0.1654       0.847555
         0.1655        0.84747
         0.1656       0.847385
         0.1657         0.8473
         0.1658       0.847216
         0.1659       0.847131
          0.166       0.847046
         0.1661       0.846962
         0.1662       0.846877
         0.1663       0.846792
         0.1664       0.846708
         0.1665       0.846623
         0.1666       0.846538
         0.1667       0.846454
         0.1668       0.846369
         0.1669       0.846284
          0.167         0.8462
         0.1671       0.846115
         0.1672        0.84603
         0.1673       0.845946
         0.1674       0.845861
         0.1675       0.845777
         0.1676       0.845692
         0.1677       0.845608
         0.1678       0.845523
         0.1679       0.845438
          0.168       0.845354
         0.1681       0.845269
         0.1682       0.845185
         0.1683         0.8451
         0.1684       0.845016
         0.1685       0.844931
         0.1686       0.844847
         0.1687       0.844762
         0.1688       0.844678
         0.1689       0.844593
          0.169       0.844509
         0.1691       0.844424
         0.1692        0.84434
         0.1693       0.844256
         0.1694       0.844171
         0.1695       0.844087
         0.1696       0.844002
         0.1697       0.843918
         0.1698       0.843834
         0.1699       0.843749
           0.17       0.843665
         0.1701        0.84358
         0.1702       0.843496
         0.1703       0.843412
         0.1704       0.843327
         0.1705       0.843243
         0.1706       0.843159
         0.1707       0.843075
         0.1708        0.84299
         0.1709       0.842906
          0.171       0.842822
         0.1711       0.842737
         0.1712       0.842653
         0.1713       0.842569
         0.1714       0.842485
         0.1715         0.8424
         0.1716       0.842316
         0.1717       0.842232
         0.1718       0.842148
         0.1719       0.842063
          0.172       0.841979
         0.1721       0.841895
         0.1722       0.841811
         0.1723       0.841727
         0.1724       0.841642
         0.1725       0.841558
         0.1726       0.841474
         0.1727        0.84139
         0.1728       0.841306
         0.1729       0.841222
          0.173       0.841138
         0.1731       0.841054
         0.1732       0.840969
         0.1733       0.840885
         0.1734       0.840801
         0.1735       0.840717
         0.1736       0.840633
         0.1737       0.840549
         0.1738       0.840465
         0.1739       0.840381
          0.174       0.840297
         0.1741       0.840213
         0.1742       0.840129
         0.1743       0.840045
         0.1744       0.839961
         0.1745       0.839877
         0.1746       0.839793
         0.1747       0.839709
         0.1748       0.839625
         0.1749       0.839541
          0.175       0.839457
         0.1751       0.839373
         0.1752       0.839289
         0.1753       0.839205
         0.1754       0.839121
         0.1755       0.839037
         0.1756       0.838954
         0.1757        0.83887
         0.1758       0.838786
         0.1759       0.838702
          0.176       0.838618
         0.1761       0.838534
         0.1762        0.83845
         0.1763       0.838366
         0.1764       0.838283
         0.1765       0.838199
         0.1766       0.838115
         0.1767       0.838031
         0.1768       0.837947
         0.1769       0.837864
          0.177        0.83778
         0.1771       0.837696
         0.1772       0.837612
         0.1773       0.837529
         0.1774       0.837445
         0.1775       0.837361
         0.1776       0.837277
         0.1777       0.837194
         0.1778        0.83711
         0.1779       0.837026
          0.178       0.836942
         0.1781       0.836859
         0.1782       0.836775
         0.1783       0.836691
         0.1784       0.836608
         0.1785       0.836524
         0.1786        0.83644
         0.1787       0.836357
         0.1788       0.836273
         0.1789        0.83619
          0.179       0.836106
         0.1791       0.836022
         0.1792       0.835939
         0.1793       0.835855
         0.1794       0.835772
         0.1795       0.835688
         0.1796       0.835604
         0.1797       0.835521
         0.1798       0.835437
         0.1799       0.835354
           0.18        0.83527
         0.1801       0.835187
         0.1802       0.835103
         0.1803        0.83502
         0.1804       0.834936
         0.1805       0.834853
         0.1806       0.834769
         0.1807       0.834686
         0.1808       0.834602
         0.1809       0.834519
          0.181       0.834435
         0.1811       0.834352
         0.1812       0.834269
         0.1813       0.834185
         0.1814       0.834102
         0.1815       0.834018
         0.1816       0.833935
         0.1817       0.833852
         0.1818       0.833768
         0.1819       0.833685
          0.182       0.833601
         0.1821       0.833518
         0.1822       0.833435
         0.1823       0.833351
         0.1824       0.833268
         0.1825       0.833185
         0.1826       0.833101
         0.1827       0.833018
         0.1828       0.832935
         0.1829       0.832851
          0.183       0.832768
         0.1831       0.832685
         0.1832       0.832602
         0.1833       0.832518
         0.1834       0.832435
         0.1835       0.832352
         0.1836       0.832269
         0.1837       0.832185
         0.1838       0.832102
         0.1839       0.832019
          0.184       0.831936
         0.1841       0.831853
         0.1842       0.831769
         0.1843       0.831686
         0.1844       0.831603
         0.1845        0.83152
         0.1846       0.831437
         0.1847       0.831354
         0.1848       0.831271
         0.1849       0.831187
          0.185       0.831104
         0.1851       0.831021
         0.1852       0.830938
         0.1853       0.830855
         0.1854       0.830772
         0.1855       0.830689
         0.1856       0.830606
         0.1857       0.830523
         0.1858        0.83044
         0.1859       0.830357
          0.186       0.830274
         0.1861       0.830191
         0.1862       0.830108
         0.1863       0.830025
         0.1864       0.829942
         0.1865       0.829859
         0.1866       0.829776
         0.1867       0.829693
         0.1868        0.82961
         0.1869       0.829527
          0.187       0.829444
         0.1871       0.829361
         0.1872       0.829278
         0.1873       0.829195
         0.1874       0.829112
         0.1875       0.829029
         0.1876       0.828946
         0.1877       0.828863
         0.1878        0.82878
         0.1879       0.828698
          0.188       0.828615
         0.1881       0.828532
         0.1882       0.828449
         0.1883       0.828366
         0.1884       0.828283
         0.1885       0.828201
         0.1886       0.828118
         0.1887       0.828035
         0.1888       0.827952
         0.1889       0.827869
          0.189       0.827787
         0.1891       0.827704
         0.1892       0.827621
         0.1893       0.827538
         0.1894       0.827455
         0.1895       0.827373
         0.1896        0.82729
         0.1897       0.827207
         0.1898       0.827125
         0.1899       0.827042
           0.19       0.826959
         0.1901       0.826876
         0.1902       0.826794
         0.1903       0.826711
         0.1904       0.826628
         0.1905       0.826546
         0.1906       0.826463
         0.1907       0.826381
         0.1908       0.826298
         0.1909       0.826215
          0.191       0.826133
         0.1911        0.82605
         0.1912       0.825967
         0.1913       0.825885
         0.1914       0.825802
         0.1915        0.82572
         0.1916       0.825637
         0.1917       0.825555
         0.1918       0.825472
         0.1919       0.825389
          0.192       0.825307
         0.1921       0.825224
         0.1922       0.825142
         0.1923       0.825059
         0.1924       0.824977
         0.1925       0.824894
         0.1926       0.824812
         0.1927       0.824729
         0.1928       0.824647
         0.1929       0.824564
          0.193       0.824482
         0.1931         0.8244
         0.1932       0.824317
         0.1933       0.824235
         0.1934       0.824152
         0.1935        0.82407
         0.1936       0.823987
         0.1937       0.823905
         0.1938       0.823823
         0.1939        0.82374
          0.194       0.823658
         0.1941       0.823576
         0.1942       0.823493
         0.1943       0.823411
         0.1944       0.823329
         0.1945       0.823246
         0.1946       0.823164
         0.1947       0.823082
         0.1948       0.822999
         0.1949       0.822917
          0.195       0.822835
         0.1951       0.822752
         0.1952        0.82267
         0.1953       0.822588
         0.1954       0.822506
         0.1955       0.822423
         0.1956       0.822341
         0.1957       0.822259
         0.1958       0.822177
         0.1959       0.822094
          0.196       0.822012
         0.1961        0.82193
         0.1962       0.821848
         0.1963       0.821766
         0.1964       0.821684
         0.1965       0.821601
         0.1966       0.821519
         0.1967       0.821437
         0.1968       0.821355
         0.1969       0.821273
          0.197       0.821191
         0.1971       0.821109
         0.1972       0.821026
         0.1973       0.820944
         0.1974       0.820862
         0.1975        0.82078
         0.1976       0.820698
         0.1977       0.820616
         0.1978       0.820534
         0.1979       0.820452
          0.198        0.82037
         0.1981       0.820288
         0.1982       0.820206
         0.1983       0.820124
         0.1984       0.820042
         0.1985        0.81996
         0.1986       0.819878
         0.1987       0.819796
         0.1988       0.819714
         0.1989       0.819632
          0.199        0.81955
         0.1991       0.819468
         0.1992       0.819386
         0.1993       0.819304
         0.1994       0.819222
         0.1995        0.81914
         0.1996       0.819058
         0.1997       0.818976
         0.1998       0.818895
         0.1999       0.818813
            0.2       0.818731
         0.2001       0.818649
         0.2002       0.818567
         0.2003       0.818485
         0.2004       0.818403
         0.2005       0.818322
         0.2006        0.81824
         0.2007       0.818158
         0.2008       0.818076
         0.2009       0.817994
          0.201       0.817912
         0.2011       0.817831
         0.2012       0.817749
         0.2013       0.817667
         0.2014       0.817585
         0.2015       0.817504
         0.2016       0.817422
         0.2017        0.81734
         0.2018       0.817258
         0.2019       0.817177
          0.202       0.817095
         0.2021       0.817013
         0.2022       0.816932
         0.2023        0.81685
         0.2024       0.816768
         0.2025       0.816687
         0.2026       0.816605
         0.2027       0.816523
         0.2028       0.816442
         0.2029        0.81636
          0.203       0.816278
         0.2031       0.816197
         0.2032       0.816115
         0.2033       0.816033
         0.2034       0.815952
         0.2035        0.81587
         0.2036       0.815789
         0.2037       0.815707
         0.2038       0.815626
         0.2039       0.815544
          0.204       0.815462
         0.2041       0.815381
         0.2042       0.815299
         0.2043       0.815218
         0.2044       0.815136
         0.2045       0.815055
         0.2046       0.814973
         0.2047       0.814892
         0.2048        0.81481
         0.2049       0.814729
          0.205       0.814647
         0.2051       0.814566
         0.2052       0.814484
         0.2053       0.814403
         0.2054       0.814322
         0.2055        0.81424
         0.2056       0.814159
         0.2057       0.814077
         0.2058       0.813996
         0.2059       0.813915
          0.206       0.813833
         0.2061       0.813752
         0.2062        0.81367
         0.2063       0.813589
         0.2064       0.813508
         0.2065       0.813426
         0.2066       0.813345
         0.2067       0.813264
         0.2068       0.813182
         0.2069       0.813101
          0.207        0.81302
         0.2071       0.812938
         0.2072       0.812857
         0.2073       0.812776
         0.2074       0.812695
         0.2075       0.812613
         0.2076       0.812532
         0.2077       0.812451
         0.2078        0.81237
         0.2079       0.812288
          0.208       0.812207
         0.2081       0.812126
         0.2082       0.812045
         0.2083       0.811963
         0.2084       0.811882
         0.2085       0.811801
         0.2086        0.81172
         0.2087       0.811639
         0.2088       0.811558
         0.2089       0.811476
          0.209       0.811395
         0.2091       0.811314
         0.2092       0.811233
         0.2093       0.811152
         0.2094       0.811071
         0.2095        0.81099
         0.2096       0.810909
         0.2097       0.810827
         0.2098       0.810746
         0.2099       0.810665
           0.21       0.810584
         0.2101       0.810503
         0.2102       0.810422
         0.2103       0.810341
         0.2104        0.81026
         0.2105       0.810179
         0.2106       0.810098
         0.2107       0.810017
         0.2108       0.809936
         0.2109       0.809855
          0.211       0.809774
         0.2111       0.809693
         0.2112       0.809612
         0.2113       0.809531
         0.2114        0.80945
         0.2115       0.809369
         0.2116       0.809288
         0.2117       0.809207
         0.2118       0.809127
         0.2119       0.809046
          0.212       0.808965
         0.2121       0.808884
         0.2122       0.808803
         0.2123       0.808722
         0.2124       0.808641
         0.2125        0.80856
         0.2126        0.80848
         0.2127       0.808399
         0.2128       0.808318
         0.2129       0.808237
          0.213       0.808156
         0.2131       0.808075
         0.2132       0.807995
         0.2133       0.807914
         0.2134       0.807833
         0.2135       0.807752
         0.2136       0.807671
         0.2137       0.807591
         0.2138        0.80751
         0.2139       0.807429
          0.214       0.807348
         0.2141       0.807268
         0.2142       0.807187
         0.2143       0.807106
         0.2144       0.807026
         0.2145       0.806945
         0.2146       0.806864
         0.2147       0.806783
         0.2148       0.806703
         0.2149       0.806622
          0.215       0.806541
         0.2151       0.806461
         0.2152        0.80638
         0.2153         0.8063
         0.2154       0.806219
         0.2155       0.806138
         0.2156       0.806058
         0.2157       0.805977
         0.2158       0.805897
         0.2159       0.805816
          0.216       0.805735
         0.2161       0.805655
         0.2162       0.805574
         0.2163       0.805494
         0.2164       0.805413
         0.2165       0.805333
         0.2166       0.805252
         0.2167       0.805172
         0.2168       0.805091
         0.2169       0.805011
          0.217        0.80493
         0.2171        0.80485
         0.2172       0.804769
         0.2173       0.804689
         0.2174       0.804608
         0.2175       0.804528
         0.2176       0.804447
         0.2177       0.804367
         0.2178       0.804286
         0.2179       0.804206
          0.218       0.804125
         0.2181       0.804045
         0.2182       0.803965
         0.2183       0.803884
         0.2184       0.803804
         0.2185       0.803724
         0.2186       0.803643
         0.2187       0.803563
         0.2188       0.803482
         0.2189       0.803402
          0.219       0.803322
         0.2191       0.803241
         0.2192       0.803161
         0.2193       0.803081
         0.2194          0.803
         0.2195        0.80292
         0.2196        0.80284
         0.2197        0.80276
         0.2198       0.802679
         0.2199       0.802599
           0.22       0.802519
         0.2201       0.802439
         0.2202       0.802358
         0.2203       0.802278
         0.2204       0.802198
         0.2205       0.802118
         0.2206       0.802037
         0.2207       0.801957
         0.2208       0.801877
         0.2209       0.801797
          0.221       0.801717
         0.2211       0.801637
         0.2212       0.801556
         0.2213       0.801476
         0.2214       0.801396
         0.2215       0.801316
         0.2216       0.801236
         0.2217       0.801156
         0.2218       0.801076
         0.2219       0.800995
          0.222       0.800915
         0.2221       0.800835
         0.2222       0.800755
         0.2223       0.800675
         0.2224       0.800595
         0.2225       0.800515
         0.2226       0.800435
         0.2227       0.800355
         0.2228       0.800275
         0.2229       0.800195
          0.223       0.800115
         0.2231       0.800035
         0.2232       0.799955
         0.2233       0.799875
         0.2234       0.799795
         0.2235       0.799715
         0.2236       0.799635
         0.2237       0.799555
         0.2238       0.799475
         0.2239       0.799395
          0.224       0.799315
         0.2241       0.799235
         0.2242       0.799155
         0.2243       0.799075
         0.2244       0.798996
         0.2245       0.798916
         0.2246       0.798836
         0.2247       0.798756
         0.2248       0.798676
         0.2249       0.798596
          0.225       0.798516
         0.2251       0.798436
         0.2252       0.798357
         0.2253       0.798277
         0.2254       0.798197
         0.2255       0.798117
         0.2256       0.798037
         0.2257       0.797957
         0.2258       0.797878
         0.2259       0.797798
          0.226       0.797718
         0.2261       0.797638
         0.2262       0.797559
         0.2263       0.797479
         0.2264       0.797399
         0.2265       0.797319
         0.2266        0.79724
         0.2267        0.79716
         0.2268        0.79708
         0.2269       0.797001
          0.227       0.796921
         0.2271       0.796841
         0.2272       0.796761
         0.2273       0.796682
         0.2274       0.796602
         0.2275       0.796522
         0.2276       0.796443
         0.2277       0.796363
         0.2278       0.796284
         0.2279       0.796204
          0.228       0.796124
         0.2281       0.796045
         0.2282       0.795965
         0.2283       0.795885
         0.2284       0.795806
         0.2285       0.795726
         0.2286       0.795647
         0.2287       0.795567
         0.2288       0.795488
         0.2289       0.795408
          0.229       0.795329
         0.2291       0.795249
         0.2292        0.79517
         0.2293        0.79509
         0.2294       0.795011
         0.2295       0.794931
         0.2296       0.794852
         0.2297       0.794772
         0.2298       0.794693
         0.2299       0.794613
           0.23       0.794534
         0.2301       0.794454
         0.2302       0.794375
         0.2303       0.794295
         0.2304       0.794216
         0.2305       0.794136
         0.2306       0.794057
         0.2307       0.793978
         0.2308       0.793898
         0.2309       0.793819
          0.231        0.79374
         0.2311        0.79366
         0.2312       0.793581
         0.2313       0.793501
         0.2314       0.793422
         0.2315       0.793343
         0.2316       0.793263
         0.2317       0.793184
         0.2318       0.793105
         0.2319       0.793025
          0.232       0.792946
         0.2321       0.792867
         0.2322       0.792788
         0.2323       0.792708
         0.2324       0.792629
         0.2325        0.79255
         0.2326       0.792471
         0.2327       0.792391
         0.2328       0.792312
         0.2329       0.792233
          0.233       0.792154
         0.2331       0.792074
         0.2332       0.791995
         0.2333       0.791916
         0.2334       0.791837
         0.2335       0.791758
         0.2336       0.791678
         0.2337       0.791599
         0.2338        0.79152
         0.2339       0.791441
          0.234       0.791362
         0.2341       0.791283
         0.2342       0.791204
         0.2343       0.791124
         0.2344       0.791045
         0.2345       0.790966
         0.2346       0.790887
         0.2347       0.790808
         0.2348       0.790729
         0.2349        0.79065
          0.235       0.790571
         0.2351       0.790492
         0.2352       0.790413
         0.2353       0.790334
         0.2354       0.790255
         0.2355       0.790176
         0.2356       0.790097
         0.2357       0.790018
         0.2358       0.789939
         0.2359        0.78986
          0.236       0.789781
         0.2361       0.789702
         0.2362       0.789623
         0.2363       0.789544
         0.2364       0.789465
         0.2365       0.789386
         0.2366       0.789307
         0.2367       0.789228
         0.2368       0.789149
         0.2369        0.78907
          0.237       0.788991
         0.2371       0.788912
         0.2372       0.788834
         0.2373       0.788755
         0.2374       0.788676
         0.2375       0.788597
         0.2376       0.788518
         0.2377       0.788439
         0.2378        0.78836
         0.2379       0.788282
          0.238       0.788203
         0.2381       0.788124
         0.2382       0.788045
         0.2383       0.787966
         0.2384       0.787888
         0.2385       0.787809
         0.2386        0.78773
         0.2387       0.787651
         0.2388       0.787572
         0.2389       0.787494
          0.239       0.787415
         0.2391       0.787336
         0.2392       0.787257
         0.2393       0.787179
         0.2394         0.7871
         0.2395       0.787021
         0.2396       0.786943
         0.2397       0.786864
         0.2398       0.786785
         0.2399       0.786707
           0.24       0.786628
         0.2401       0.786549
         0.2402       0.786471
         0.2403       0.786392
         0.2404       0.786313
         0.2405       0.786235
         0.2406       0.786156
         0.2407       0.786077
         0.2408       0.785999
         0.2409        0.78592
          0.241       0.785842
         0.2411       0.785763
         0.2412       0.785685
         0.2413       0.785606
         0.2414       0.785527
         0.2415       0.785449
         0.2416        0.78537
         0.2417       0.785292
         0.2418       0.785213
         0.2419       0.785135
          0.242       0.785056
         0.2421       0.784978
         0.2422       0.784899
         0.2423       0.784821
         0.2424       0.784742
         0.2425       0.784664
         0.2426       0.784585
         0.2427       0.784507
         0.2428       0.784428
         0.2429        0.78435
          0.243       0.784272
         0.2431       0.784193
         0.2432       0.784115
         0.2433       0.784036
         0.2434       0.783958
         0.2435        0.78388
         0.2436       0.783801
         0.2437       0.783723
         0.2438       0.783644
         0.2439       0.783566
          0.244       0.783488
         0.2441       0.783409
         0.2442       0.783331
         0.2443       0.783253
         0.2444       0.783174
         0.2445       0.783096
         0.2446       0.783018
         0.2447       0.782939
         0.2448       0.782861
         0.2449       0.782783
          0.245       0.782705
         0.2451       0.782626
         0.2452       0.782548
         0.2453        0.78247
         0.2454       0.782392
         0.2455       0.782313
         0.2456       0.782235
         0.2457       0.782157
         0.2458       0.782079
         0.2459          0.782
          0.246       0.781922
         0.2461       0.781844
         0.2462       0.781766
         0.2463       0.781688
         0.2464        0.78161
         0.2465       0.781531
         0.2466       0.781453
         0.2467       0.781375
         0.2468       0.781297
         0.2469       0.781219
          0.247       0.781141
         0.2471       0.781063
         0.2472       0.780985
         0.2473       0.780906
         0.2474       0.780828
         0.2475        0.78075
         0.2476       0.780672
         0.2477       0.780594
         0.2478       0.780516
         0.2479       0.780438
          0.248        0.78036
         0.2481       0.780282
         0.2482       0.780204
         0.2483       0.780126
         0.2484       0.780048
         0.2485        0.77997
         0.2486       0.779892
         0.2487       0.779814
         0.2488       0.779736
         0.2489       0.779658
          0.249        0.77958
         0.2491       0.779502
         0.2492       0.779424
         0.2493       0.779346
         0.2494       0.779268
         0.2495        0.77919
         0.2496       0.779112
         0.2497       0.779034
         0.2498       0.778957
         0.2499       0.778879
           0.25       0.778801
         0.2501       0.778723
         0.2502       0.778645
         0.2503       0.778567
         0.2504       0.778489
         0.2505       0.778412
         0.2506       0.778334
         0.2507       0.778256
         0.2508       0.778178
         0.2509         0.7781
          0.251       0.778022
         0.2511       0.777945
         0.2512       0.777867
         0.2513       0.777789
         0.2514       0.777711
         0.2515       0.777633
         0.2516       0.777556
         0.2517       0.777478
         0.2518         0.7774
         0.2519       0.777323
          0.252       0.777245
         0.2521       0.777167
         0.2522       0.777089
         0.2523       0.777012
         0.2524       0.776934
         0.2525       0.776856
         0.2526       0.776779
         0.2527       0.776701
         0.2528       0.776623
         0.2529       0.776546
          0.253       0.776468
         0.2531        0.77639
         0.2532       0.776313
         0.2533       0.776235
         0.2534       0.776157
         0.2535        0.77608
         0.2536       0.776002
         0.2537       0.775925
         0.2538       0.775847
         0.2539       0.775769
          0.254       0.775692
         0.2541       0.775614
         0.2542       0.775537
         0.2543       0.775459
         0.2544       0.775382
         0.2545       0.775304
         0.2546       0.775227
         0.2547       0.775149
         0.2548       0.775072
         0.2549       0.774994
          0.255       0.774917
         0.2551       0.774839
         0.2552       0.774762
         0.2553       0.774684
         0.2554       0.774607
         0.2555       0.774529
         0.2556       0.774452
         0.2557       0.774374
         0.2558       0.774297
         0.2559       0.774219
          0.256       0.774142
         0.2561       0.774065
         0.2562       0.773987
         0.2563        0.77391
         0.2564       0.773832
         0.2565       0.773755
         0.2566       0.773678
         0.2567         0.7736
         0.2568       0.773523
         0.2569       0.773446
          0.257       0.773368
         0.2571       0.773291
         0.2572       0.773214
         0.2573       0.773136
         0.2574       0.773059
         0.2575       0.772982
         0.2576       0.772904
         0.2577       0.772827
         0.2578        0.77275
         0.2579       0.772673
          0.258       0.772595
         0.2581       0.772518
         0.2582       0.772441
         0.2583       0.772364
         0.2584       0.772286
         0.2585       0.772209
         0.2586       0.772132
         0.2587       0.772055
         0.2588       0.771977
         0.2589         0.7719
          0.259       0.771823
         0.2591       0.771746
         0.2592       0.771669
         0.2593       0.771592
         0.2594       0.771514
         0.2595       0.771437
         0.2596        0.77136
         0.2597       0.771283
         0.2598       0.771206
         0.2599       0.771129
           0.26       0.771052
         0.2601       0.770975
         0.2602       0.770897
         0.2603        0.77082
         0.2604       0.770743
         0.2605       0.770666
         0.2606       0.770589
         0.2607       0.770512
         0.2608       0.770435
         0.2609       0.770358
          0.261       0.770281
         0.2611       0.770204
         0.2612       0.770127
         0.2613        0.77005
         0.2614       0.769973
         0.2615       0.769896
         0.2616       0.769819
         0.2617       0.769742
         0.2618       0.769665
         0.2619       0.769588
          0.262       0.769511
         0.2621       0.769434
         0.2622       0.769357
         0.2623        0.76928
         0.2624       0.769203
         0.2625       0.769126
         0.2626       0.769049
         0.2627       0.768973
         0.2628       0.768896
         0.2629       0.768819
          0.263       0.768742
         0.2631       0.768665
         0.2632       0.768588
         0.2633       0.768511
         0.2634       0.768435
         0.2635       0.768358
         0.2636       0.768281
         0.2637       0.768204
         0.2638       0.768127
         0.2639        0.76805
          0.264       0.767974
         0.2641       0.767897
         0.2642        0.76782
         0.2643       0.767743
         0.2644       0.767666
         0.2645        0.76759
         0.2646       0.767513
         0.2647       0.767436
         0.2648       0.767359
         0.2649       0.767283
          0.265       0.767206
         0.2651       0.767129
         0.2652       0.767053
         0.2653       0.766976
         0.2654       0.766899
         0.2655       0.766822
         0.2656       0.766746
         0.2657       0.766669
         0.2658       0.766592
         0.2659       0.766516
          0.266       0.766439
         0.2661       0.766363
         0.2662       0.766286
         0.2663       0.766209
         0.2664       0.766133
         0.2665       0.766056
         0.2666       0.765979
         0.2667       0.765903
         0.2668       0.765826
         0.2669        0.76575
          0.267       0.765673
         0.2671       0.765597
         0.2672        0.76552
         0.2673       0.765443
         0.2674       0.765367
         0.2675        0.76529
         0.2676       0.765214
         0.2677       0.765137
         0.2678       0.765061
         0.2679       0.764984
          0.268       0.764908
         0.2681       0.764831
         0.2682       0.764755
         0.2683       0.764678
         0.2684       0.764602
         0.2685       0.764525
         0.2686       0.764449
         0.2687       0.764373
         0.2688       0.764296
         0.2689        0.76422
          0.269       0.764143
         0.2691       0.764067
         0.2692        0.76399
         0.2693       0.763914
         0.2694       0.763838
         0.2695       0.763761
         0.2696       0.763685
         0.2697       0.763609
         0.2698       0.763532
         0.2699       0.763456
           0.27        0.76338
         0.2701       0.763303
         0.2702       0.763227
         0.2703       0.763151
         0.2704       0.763074
         0.2705       0.762998
         0.2706       0.762922
         0.2707       0.762845
         0.2708       0.762769
         0.2709       0.762693
          0.271       0.762617
         0.2711        0.76254
         0.2712       0.762464
         0.2713       0.762388
         0.2714       0.762312
         0.2715       0.762235
         0.2716       0.762159
         0.2717       0.762083
         0.2718       0.762007
         0.2719        0.76193
          0.272       0.761854
         0.2721       0.761778
         0.2722       0.761702
         0.2723       0.761626
         0.2724        0.76155
         0.2725       0.761473
         0.2726       0.761397
         0.2727       0.761321
         0.2728       0.761245
         0.2729       0.761169
          0.273       0.761093
         0.2731       0.761017
         0.2732       0.760941
         0.2733       0.760865
         0.2734       0.760788
         0.2735       0.760712
         0.2736       0.760636
         0.2737        0.76056
         0.2738       0.760484
         0.2739       0.760408
          0.274       0.760332
         0.2741       0.760256
         0.2742        0.76018
         0.2743       0.760104
         0.2744       0.760028
         0.2745       0.759952
         0.2746       0.759876
         0.2747         0.7598
         0.2748       0.759724
         0.2749       0.759648
          0.275       0.759572
         0.2751       0.759496
         0.2752        0.75942
         0.2753       0.759344
         0.2754       0.759268
         0.2755       0.759192
         0.2756       0.759117
         0.2757       0.759041
         0.2758       0.758965
         0.2759       0.758889
          0.276       0.758813
         0.2761       0.758737
         0.2762       0.758661
         0.2763       0.758585
         0.2764        0.75851
         0.2765       0.758434
         0.2766       0.758358
         0.2767       0.758282
         0.2768       0.758206
         0.2769        0.75813
          0.277       0.758055
         0.2771       0.757979
         0.2772       0.757903
         0.2773       0.757827
         0.2774       0.757751
         0.2775       0.757676
         0.2776         0.7576
         0.2777       0.757524
         0.2778       0.757448
         0.2779       0.757373
          0.278       0.757297
         0.2781       0.757221
         0.2782       0.757145
         0.2783        0.75707
         0.2784       0.756994
         0.2785       0.756918
         0.2786       0.756843
         0.2787       0.756767
         0.2788       0.756691
         0.2789       0.756616
          0.279        0.75654
         0.2791       0.756464
         0.2792       0.756389
         0.2793       0.756313
         0.2794       0.756237
         0.2795       0.756162
         0.2796       0.756086
         0.2797       0.756011
         0.2798       0.755935
         0.2799       0.755859
           0.28       0.755784
         0.2801       0.755708
         0.2802       0.755633
         0.2803       0.755557
         0.2804       0.755482
         0.2805       0.755406
         0.2806        0.75533
         0.2807       0.755255
         0.2808       0.755179
         0.2809       0.755104
          0.281       0.755028
         0.2811       0.754953
         0.2812       0.754877
         0.2813       0.754802
         0.2814       0.754726
         0.2815       0.754651
         0.2816       0.754575
         0.2817         0.7545
         0.2818       0.754425
         0.2819       0.754349
          0.282       0.754274
         0.2821       0.754198
         0.2822       0.754123
         0.2823       0.754047
         0.2824       0.753972
         0.2825       0.753897
         0.2826       0.753821
         0.2827       0.753746
         0.2828       0.753671
         0.2829       0.753595
          0.283        0.75352
         0.2831       0.753444
         0.2832       0.753369
         0.2833       0.753294
         0.2834       0.753218
         0.2835       0.753143
         0.2836       0.753068
         0.2837       0.752993
         0.2838       0.752917
         0.2839       0.752842
          0.284       0.752767
         0.2841       0.752691
         0.2842       0.752616
         0.2843       0.752541
         0.2844       0.752466
         0.2845        0.75239
         0.2846       0.752315
         0.2847        0.75224
         0.2848       0.752165
         0.2849       0.752089
          0.285       0.752014
         0.2851       0.751939
         0.2852       0.751864
         0.2853       0.751789
         0.2854       0.751714
         0.2855       0.751638
         0.2856       0.751563
         0.2857       0.751488
         0.2858       0.751413
         0.2859       0.751338
          0.286       0.751263
         0.2861       0.751188
         0.2862       0.751112
         0.2863       0.751037
         0.2864       0.750962
         0.2865       0.750887
         0.2866       0.750812
         0.2867       0.750737
         0.2868       0.750662
         0.2869       0.750587
          0.287       0.750512
         0.2871       0.750437
         0.2872       0.750362
         0.2873       0.750287
         0.2874       0.750212
         0.2875       0.750137
         0.2876       0.750062
         0.2877       0.749987
         0.2878       0.749912
         0.2879       0.749837
          0.288       0.749762
         0.2881       0.749687
         0.2882       0.749612
         0.2883       0.749537
         0.2884       0.749462
         0.2885       0.749387
         0.2886       0.749312
         0.2887       0.749237
         0.2888       0.749162
         0.2889       0.749087
          0.289       0.749012
         0.2891       0.748937
         0.2892       0.748862
         0.2893       0.748788
         0.2894       0.748713
         0.2895       0.748638
         0.2896       0.748563
         0.2897       0.748488
         0.2898       0.748413
         0.2899       0.748338
           0.29       0.748264
         0.2901       0.748189
         0.2902       0.748114
         0.2903       0.748039
         0.2904       0.747964
         0.2905        0.74789
         0.2906       0.747815
         0.2907        0.74774
         0.2908       0.747665
         0.2909        0.74759
          0.291       0.747516
         0.2911       0.747441
         0.2912       0.747366
         0.2913       0.747291
         0.2914       0.747217
         0.2915       0.747142
         0.2916       0.747067
         0.2917       0.746993
         0.2918       0.746918
         0.2919       0.746843
          0.292       0.746769
         0.2921       0.746694
         0.2922       0.746619
         0.2923       0.746545
         0.2924        0.74647
         0.2925       0.746395
         0.2926       0.746321
         0.2927       0.746246
         0.2928       0.746171
         0.2929       0.746097
          0.293       0.746022
         0.2931       0.745948
         0.2932       0.745873
         0.2933       0.745798
         0.2934       0.745724
         0.2935       0.745649
         0.2936       0.745575
         0.2937         0.7455
         0.2938       0.745426
         0.2939       0.745351
          0.294       0.745277
         0.2941       0.745202
         0.2942       0.745127
         0.2943       0.745053
         0.2944       0.744978
         0.2945       0.744904
         0.2946       0.744829
         0.2947       0.744755
         0.2948       0.744681
         0.2949       0.744606
          0.295       0.744532
         0.2951       0.744457
         0.2952       0.744383
         0.2953       0.744308
         0.2954       0.744234
         0.2955       0.744159
         0.2956       0.744085
         0.2957       0.744011
         0.2958       0.743936
         0.2959       0.743862
          0.296       0.743787
         0.2961       0.743713
         0.2962       0.743639
         0.2963       0.743564
         0.2964        0.74349
         0.2965       0.743416
         0.2966       0.743341
         0.2967       0.743267
         0.2968       0.743193
         0.2969       0.743118
          0.297       0.743044
         0.2971        0.74297
         0.2972       0.742895
         0.2973       0.742821
         0.2974       0.742747
         0.2975       0.742673
         0.2976       0.742598
         0.2977       0.742524
         0.2978        0.74245
         0.2979       0.742376
          0.298       0.742301
         0.2981       0.742227
         0.2982       0.742153
         0.2983       0.742079
         0.2984       0.742005
         0.2985        0.74193
         0.2986       0.741856
         0.2987       0.741782
         0.2988       0.741708
         0.2989       0.741634
          0.299       0.741559
         0.2991       0.741485
         0.2992       0.741411
         0.2993       0.741337
         0.2994       0.741263
         0.2995       0.741189
         0.2996       0.741115
         0.2997       0.741041
         0.2998       0.740966
         0.2999       0.740892
            0.3       0.740818
         0.3001       0.740744
         0.3002        0.74067
         0.3003       0.740596
         0.3004       0.740522
         0.3005       0.740448
         0.3006       0.740374
         0.3007         0.7403
         0.3008       0.740226
         0.3009       0.740152
          0.301       0.740078
         0.3011       0.740004
         0.3012        0.73993
         0.3013       0.739856
         0.3014       0.739782
         0.3015       0.739708
         0.3016       0.739634
         0.3017        0.73956
         0.3018       0.739486
         0.3019       0.739412
          0.302       0.739338
         0.3021       0.739264
         0.3022        0.73919
         0.3023       0.739116
         0.3024       0.739042
         0.3025       0.738969
         0.3026       0.738895
         0.3027       0.738821
         0.3028       0.738747
         0.3029       0.738673
          0.303       0.738599
         0.3031       0.738525
         0.3032       0.738451
         0.3033       0.738378
         0.3034       0.738304
         0.3035        0.73823
         0.3036       0.738156
         0.3037       0.738082
         0.3038       0.738008
         0.3039       0.737935
          0.304       0.737861
         0.3041       0.737787
         0.3042       0.737713
         0.3043        0.73764
         0.3044       0.737566
         0.3045       0.737492
         0.3046       0.737418
         0.3047       0.737345
         0.3048       0.737271
         0.3049       0.737197
          0.305       0.737123
         0.3051        0.73705
         0.3052       0.736976
         0.3053       0.736902
         0.3054       0.736829
         0.3055       0.736755
         0.3056       0.736681
         0.3057       0.736608
         0.3058       0.736534
         0.3059        0.73646
          0.306       0.736387
         0.3061       0.736313
         0.3062       0.736239
         0.3063       0.736166
         0.3064       0.736092
         0.3065       0.736019
         0.3066       0.735945
         0.3067       0.735871
         0.3068       0.735798
         0.3069       0.735724
          0.307       0.735651
         0.3071       0.735577
         0.3072       0.735504
         0.3073        0.73543
         0.3074       0.735356
         0.3075       0.735283
         0.3076       0.735209
         0.3077       0.735136
         0.3078       0.735062
         0.3079       0.734989
          0.308       0.734915
         0.3081       0.734842
         0.3082       0.734768
         0.3083       0.734695
         0.3084       0.734621
         0.3085       0.734548
         0.3086       0.734475
         0.3087       0.734401
         0.3088       0.734328
         0.3089       0.734254
          0.309       0.734181
         0.3091       0.734107
         0.3092       0.734034
         0.3093       0.733961
         0.3094       0.733887
         0.3095       0.733814
         0.3096        0.73374
         0.3097       0.733667
         0.3098       0.733594
         0.3099        0.73352
           0.31       0.733447
         0.3101       0.733374
         0.3102         0.7333
         0.3103       0.733227
         0.3104       0.733154
         0.3105        0.73308
         0.3106       0.733007
         0.3107       0.732934
         0.3108        0.73286
         0.3109       0.732787
          0.311       0.732714
         0.3111       0.732641
         0.3112       0.732567
         0.3113       0.732494
         0.3114       0.732421
         0.3115       0.732348
         0.3116       0.732274
         0.3117       0.732201
         0.3118       0.732128
         0.3119       0.732055
          0.312       0.731982
         0.3121       0.731908
         0.3122       0.731835
         0.3123       0.731762
         0.3124       0.731689
         0.3125       0.731616
         0.3126       0.731543
         0.3127       0.731469
         0.3128       0.731396
         0.3129       0.731323
          0.313        0.73125
         0.3131       0.731177
         0.3132       0.731104
         0.3133       0.731031
         0.3134       0.730958
         0.3135       0.730884
         0.3136       0.730811
         0.3137       0.730738
         0.3138       0.730665
         0.3139       0.730592
          0.314       0.730519
         0.3141       0.730446
         0.3142       0.730373
         0.3143         0.7303
         0.3144       0.730227
         0.3145       0.730154
         0.3146       0.730081
         0.3147       0.730008
         0.3148       0.729935
         0.3149       0.729862
          0.315       0.729789
         0.3151       0.729716
         0.3152       0.729643
         0.3153        0.72957
         0.3154       0.729497
         0.3155       0.729424
         0.3156       0.729351
         0.3157       0.729278
         0.3158       0.729205
         0.3159       0.729132
          0.316       0.729059
         0.3161       0.728987
         0.3162       0.728914
         0.3163       0.728841
         0.3164       0.728768
         0.3165       0.728695
         0.3166       0.728622
         0.3167       0.728549
         0.3168       0.728476
         0.3169       0.728404
          0.317       0.728331
         0.3171       0.728258
         0.3172       0.728185
         0.3173       0.728112
         0.3174        0.72804
         0.3175       0.727967
         0.3176       0.727894
         0.3177       0.727821
         0.3178       0.727748
         0.3179       0.727676
          0.318       0.727603
         0.3181        0.72753
         0.3182       0.727457
         0.3183       0.727385
         0.3184       0.727312
         0.3185       0.727239
         0.3186       0.727166
         0.3187       0.727094
         0.3188       0.727021
         0.3189       0.726948
          0.319       0.726876
         0.3191       0.726803
         0.3192        0.72673
         0.3193       0.726658
         0.3194       0.726585
         0.3195       0.726512
         0.3196        0.72644
         0.3197       0.726367
         0.3198       0.726294
         0.3199       0.726222
           0.32       0.726149
         0.3201       0.726076
         0.3202       0.726004
         0.3203       0.725931
         0.3204       0.725859
         0.3205       0.725786
         0.3206       0.725714
         0.3207       0.725641
         0.3208       0.725568
         0.3209       0.725496
          0.321       0.725423
         0.3211       0.725351
         0.3212       0.725278
         0.3213       0.725206
         0.3214       0.725133
         0.3215       0.725061
         0.3216       0.724988
         0.3217       0.724916
         0.3218       0.724843
         0.3219       0.724771
          0.322       0.724698
         0.3221       0.724626
         0.3222       0.724553
         0.3223       0.724481
         0.3224       0.724408
         0.3225       0.724336
         0.3226       0.724264
         0.3227       0.724191
         0.3228       0.724119
         0.3229       0.724046
          0.323       0.723974
         0.3231       0.723901
         0.3232       0.723829
         0.3233       0.723757
         0.3234       0.723684
         0.3235       0.723612
         0.3236        0.72354
         0.3237       0.723467
         0.3238       0.723395
         0.3239       0.723323
          0.324        0.72325
         0.3241       0.723178
         0.3242       0.723106
         0.3243       0.723033
         0.3244       0.722961
         0.3245       0.722889
         0.3246       0.722816
         0.3247       0.722744
         0.3248       0.722672
         0.3249         0.7226
          0.325       0.722527
         0.3251       0.722455
         0.3252       0.722383
         0.3253       0.722311
         0.3254       0.722238
         0.3255       0.722166
         0.3256       0.722094
         0.3257       0.722022
         0.3258        0.72195
         0.3259       0.721877
          0.326       0.721805
         0.3261       0.721733
         0.3262       0.721661
         0.3263       0.721589
         0.3264       0.721517
         0.3265       0.721444
         0.3266       0.721372
         0.3267         0.7213
         0.3268       0.721228
         0.3269       0.721156
          0.327       0.721084
         0.3271       0.721012
         0.3272        0.72094
         0.3273       0.720867
         0.3274       0.720795
         0.3275       0.720723
         0.3276       0.720651
         0.3277       0.720579
         0.3278       0.720507
         0.3279       0.720435
          0.328       0.720363
         0.3281       0.720291
         0.3282       0.720219
         0.3283       0.720147
         0.3284       0.720075
         0.3285       0.720003
         0.3286       0.719931
         0.3287       0.719859
         0.3288       0.719787
         0.3289       0.719715
          0.329       0.719643
         0.3291       0.719571
         0.3292       0.719499
         0.3293       0.719427
         0.3294       0.719355
         0.3295       0.719283
         0.3296       0.719211
         0.3297       0.719139
         0.3298       0.719068
         0.3299       0.718996
           0.33       0.718924
         0.3301       0.718852
         0.3302        0.71878
         0.3303       0.718708
         0.3304       0.718636
         0.3305       0.718564
         0.3306       0.718493
         0.3307       0.718421
         0.3308       0.718349
         0.3309       0.718277
          0.331       0.718205
         0.3311       0.718133
         0.3312       0.718062
         0.3313        0.71799
         0.3314       0.717918
         0.3315       0.717846
         0.3316       0.717774
         0.3317       0.717703
         0.3318       0.717631
         0.3319       0.717559
          0.332       0.717487
         0.3321       0.717416
         0.3322       0.717344
         0.3323       0.717272
         0.3324         0.7172
         0.3325       0.717129
         0.3326       0.717057
         0.3327       0.716985
         0.3328       0.716914
         0.3329       0.716842
          0.333        0.71677
         0.3331       0.716699
         0.3332       0.716627
         0.3333       0.716555
         0.3334       0.716484
         0.3335       0.716412
         0.3336        0.71634
         0.3337       0.716269
         0.3338       0.716197
         0.3339       0.716125
          0.334       0.716054
         0.3341       0.715982
         0.3342       0.715911
         0.3343       0.715839
         0.3344       0.715767
         0.3345       0.715696
         0.3346       0.715624
         0.3347       0.715553
         0.3348       0.715481
         0.3349        0.71541
          0.335       0.715338
         0.3351       0.715267
         0.3352       0.715195
         0.3353       0.715124
         0.3354       0.715052
         0.3355       0.714981
         0.3356       0.714909
         0.3357       0.714838
         0.3358       0.714766
         0.3359       0.714695
          0.336       0.714623
         0.3361       0.714552
         0.3362        0.71448
         0.3363       0.714409
         0.3364       0.714337
         0.3365       0.714266
         0.3366       0.714194
         0.3367       0.714123
         0.3368       0.714052
         0.3369        0.71398
          0.337       0.713909
         0.3371       0.713837
         0.3372       0.713766
         0.3373       0.713695
         0.3374       0.713623
         0.3375       0.713552
         0.3376       0.713481
         0.3377       0.713409
         0.3378       0.713338
         0.3379       0.713267
          0.338       0.713195
         0.3381       0.713124
         0.3382       0.713053
         0.3383       0.712981
         0.3384        0.71291
         0.3385       0.712839
         0.3386       0.712768
         0.3387       0.712696
         0.3388       0.712625
         0.3389       0.712554
          0.339       0.712482
         0.3391       0.712411
         0.3392        0.71234
         0.3393       0.712269
         0.3394       0.712198
         0.3395       0.712126
         0.3396       0.712055
         0.3397       0.711984
         0.3398       0.711913
         0.3399       0.711842
           0.34        0.71177
         0.3401       0.711699
         0.3402       0.711628
         0.3403       0.711557
         0.3404       0.711486
         0.3405       0.711415
         0.3406       0.711343
         0.3407       0.711272
         0.3408       0.711201
         0.3409        0.71113
          0.341       0.711059
         0.3411       0.710988
         0.3412       0.710917
         0.3413       0.710846
         0.3414       0.710775
         0.3415       0.710704
         0.3416       0.710632
         0.3417       0.710561
         0.3418        0.71049
         0.3419       0.710419
          0.342       0.710348
         0.3421       0.710277
         0.3422       0.710206
         0.3423       0.710135
         0.3424       0.710064
         0.3425       0.709993
         0.3426       0.709922
         0.3427       0.709851
         0.3428        0.70978
         0.3429       0.709709
          0.343       0.709638
         0.3431       0.709567
         0.3432       0.709496
         0.3433       0.709425
         0.3434       0.709354
         0.3435       0.709284
         0.3436       0.709213
         0.3437       0.709142
         0.3438       0.709071
         0.3439          0.709
          0.344       0.708929
         0.3441       0.708858
         0.3442       0.708787
         0.3443       0.708716
         0.3444       0.708645
         0.3445       0.708575
         0.3446       0.708504
         0.3447       0.708433
         0.3448       0.708362
         0.3449       0.708291
          0.345        0.70822
         0.3451        0.70815
         0.3452       0.708079
         0.3453       0.708008
         0.3454       0.707937
         0.3455       0.707866
         0.3456       0.707796
         0.3457       0.707725
         0.3458       0.707654
         0.3459       0.707583
          0.346       0.707513
         0.3461       0.707442
         0.3462       0.707371
         0.3463         0.7073
         0.3464        0.70723
         0.3465       0.707159
         0.3466       0.707088
         0.3467       0.707017
         0.3468       0.706947
         0.3469       0.706876
          0.347       0.706805
         0.3471       0.706735
         0.3472       0.706664
         0.3473       0.706593
         0.3474       0.706523
         0.3475       0.706452
         0.3476       0.706381
         0.3477       0.706311
         0.3478        0.70624
         0.3479        0.70617
          0.348       0.706099
         0.3481       0.706028
         0.3482       0.705958
         0.3483       0.705887
         0.3484       0.705817
         0.3485       0.705746
         0.3486       0.705675
         0.3487       0.705605
         0.3488       0.705534
         0.3489       0.705464
          0.349       0.705393
         0.3491       0.705323
         0.3492       0.705252
         0.3493       0.705182
         0.3494       0.705111
         0.3495       0.705041
         0.3496        0.70497
         0.3497         0.7049
         0.3498       0.704829
         0.3499       0.704759
           0.35       0.704688
         0.3501       0.704618
         0.3502       0.704547
         0.3503       0.704477
         0.3504       0.704406
         0.3505       0.704336
         0.3506       0.704265
         0.3507       0.704195
         0.3508       0.704125
         0.3509       0.704054
          0.351       0.703984
         0.3511       0.703913
         0.3512       0.703843
         0.3513       0.703773
         0.3514       0.703702
         0.3515       0.703632
         0.3516       0.703562
         0.3517       0.703491
         0.3518       0.703421
         0.3519        0.70335
          0.352        0.70328
         0.3521        0.70321
         0.3522        0.70314
         0.3523       0.703069
         0.3524       0.702999
         0.3525       0.702929
         0.3526       0.702858
         0.3527       0.702788
         0.3528       0.702718
         0.3529       0.702647
          0.353       0.702577
         0.3531       0.702507
         0.3532       0.702437
         0.3533       0.702366
         0.3534       0.702296
         0.3535       0.702226
         0.3536       0.702156
         0.3537       0.702086
         0.3538       0.702015
         0.3539       0.701945
          0.354       0.701875
         0.3541       0.701805
         0.3542       0.701735
         0.3543       0.701664
         0.3544       0.701594
         0.3545       0.701524
         0.3546       0.701454
         0.3547       0.701384
         0.3548       0.701314
         0.3549       0.701244
          0.355       0.701173
         0.3551       0.701103
         0.3552       0.701033
         0.3553       0.700963
         0.3554       0.700893
         0.3555       0.700823
         0.3556       0.700753
         0.3557       0.700683
         0.3558       0.700613
         0.3559       0.700543
          0.356       0.700473
         0.3561       0.700403
         0.3562       0.700333
         0.3563       0.700263
         0.3564       0.700193
         0.3565       0.700123
         0.3566       0.700052
         0.3567       0.699982
         0.3568       0.699913
         0.3569       0.699843
          0.357       0.699773
         0.3571       0.699703
         0.3572       0.699633
         0.3573       0.699563
         0.3574       0.699493
         0.3575       0.699423
         0.3576       0.699353
         0.3577       0.699283
         0.3578       0.699213
         0.3579       0.699143
          0.358       0.699073
         0.3581       0.699003
         0.3582       0.698933
         0.3583       0.698863
         0.3584       0.698794
         0.3585       0.698724
         0.3586       0.698654
         0.3587       0.698584
         0.3588       0.698514
         0.3589       0.698444
          0.359       0.698374
         0.3591       0.698305
         0.3592       0.698235
         0.3593       0.698165
         0.3594       0.698095
         0.3595       0.698025
         0.3596       0.697955
         0.3597       0.697886
         0.3598       0.697816
         0.3599       0.697746
           0.36       0.697676
         0.3601       0.697607
         0.3602       0.697537
         0.3603       0.697467
         0.3604       0.697397
         0.3605       0.697328
         0.3606       0.697258
         0.3607       0.697188
         0.3608       0.697118
         0.3609       0.697049
          0.361       0.696979
         0.3611       0.696909
         0.3612        0.69684
         0.3613        0.69677
         0.3614         0.6967
         0.3615       0.696631
         0.3616       0.696561
         0.3617       0.696491
         0.3618       0.696422
         0.3619       0.696352
          0.362       0.696282
         0.3621       0.696213
         0.3622       0.696143
         0.3623       0.696074
         0.3624       0.696004
         0.3625       0.695934
         0.3626       0.695865
         0.3627       0.695795
         0.3628       0.695726
         0.3629       0.695656
          0.363       0.695586
         0.3631       0.695517
         0.3632       0.695447
         0.3633       0.695378
         0.3634       0.695308
         0.3635       0.695239
         0.3636       0.695169
         0.3637         0.6951
         0.3638        0.69503
         0.3639       0.694961
          0.364       0.694891
         0.3641       0.694822
         0.3642       0.694752
         0.3643       0.694683
         0.3644       0.694613
         0.3645       0.694544
         0.3646       0.694474
         0.3647       0.694405
         0.3648       0.694336
         0.3649       0.694266
          0.365       0.694197
         0.3651       0.694127
         0.3652       0.694058
         0.3653       0.693988
         0.3654       0.693919
         0.3655        0.69385
         0.3656        0.69378
         0.3657       0.693711
         0.3658       0.693642
         0.3659       0.693572
          0.366       0.693503
         0.3661       0.693433
         0.3662       0.693364
         0.3663       0.693295
         0.3664       0.693225
         0.3665       0.693156
         0.3666       0.693087
         0.3667       0.693018
         0.3668       0.692948
         0.3669       0.692879
          0.367        0.69281
         0.3671        0.69274
         0.3672       0.692671
         0.3673       0.692602
         0.3674       0.692533
         0.3675       0.692463
         0.3676       0.692394
         0.3677       0.692325
         0.3678       0.692256
         0.3679       0.692186
          0.368       0.692117
         0.3681       0.692048
         0.3682       0.691979
         0.3683        0.69191
         0.3684        0.69184
         0.3685       0.691771
         0.3686       0.691702
         0.3687       0.691633
         0.3688       0.691564
         0.3689       0.691495
          0.369       0.691425
         0.3691       0.691356
         0.3692       0.691287
         0.3693       0.691218
         0.3694       0.691149
         0.3695        0.69108
         0.3696       0.691011
         0.3697       0.690942
         0.3698       0.690873
         0.3699       0.690803
           0.37       0.690734
         0.3701       0.690665
         0.3702       0.690596
         0.3703       0.690527
         0.3704       0.690458
         0.3705       0.690389
         0.3706        0.69032
         0.3707       0.690251
         0.3708       0.690182
         0.3709       0.690113
          0.371       0.690044
         0.3711       0.689975
         0.3712       0.689906
         0.3713       0.689837
         0.3714       0.689768
         0.3715       0.689699
         0.3716        0.68963
         0.3717       0.689561
         0.3718       0.689492
         0.3719       0.689423
          0.372       0.689354
         0.3721       0.689285
         0.3722       0.689216
         0.3723       0.689148
         0.3724       0.689079
         0.3725        0.68901
         0.3726       0.688941
         0.3727       0.688872
         0.3728       0.688803
         0.3729       0.688734
          0.373       0.688665
         0.3731       0.688596
         0.3732       0.688528
         0.3733       0.688459
         0.3734        0.68839
         0.3735       0.688321
         0.3736       0.688252
         0.3737       0.688183
         0.3738       0.688115
         0.3739       0.688046
          0.374       0.687977
         0.3741       0.687908
         0.3742       0.687839
         0.3743       0.687771
         0.3744       0.687702
         0.3745       0.687633
         0.3746       0.687564
         0.3747       0.687496
         0.3748       0.687427
         0.3749       0.687358
          0.375       0.687289
         0.3751       0.687221
         0.3752       0.687152
         0.3753       0.687083
         0.3754       0.687014
         0.3755       0.686946
         0.3756       0.686877
         0.3757       0.686808
         0.3758        0.68674
         0.3759       0.686671
          0.376       0.686602
         0.3761       0.686534
         0.3762       0.686465
         0.3763       0.686396
         0.3764       0.686328
         0.3765       0.686259
         0.3766       0.686191
         0.3767       0.686122
         0.3768       0.686053
         0.3769       0.685985
          0.377       0.685916
         0.3771       0.685848
         0.3772       0.685779
         0.3773        0.68571
         0.3774       0.685642
         0.3775       0.685573
         0.3776       0.685505
         0.3777       0.685436
         0.3778       0.685368
         0.3779       0.685299
          0.378       0.685231
         0.3781       0.685162
         0.3782       0.685094
         0.3783       0.685025
         0.3784       0.684956
         0.3785       0.684888
         0.3786        0.68482
         0.3787       0.684751
         0.3788       0.684683
         0.3789       0.684614
          0.379       0.684546
         0.3791       0.684477
         0.3792       0.684409
         0.3793        0.68434
         0.3794       0.684272
         0.3795       0.684203
         0.3796       0.684135
         0.3797       0.684067
         0.3798       0.683998
         0.3799        0.68393
           0.38       0.683861
         0.3801       0.683793
         0.3802       0.683725
         0.3803       0.683656
         0.3804       0.683588
         0.3805        0.68352
         0.3806       0.683451
         0.3807       0.683383
         0.3808       0.683315
         0.3809       0.683246
          0.381       0.683178
         0.3811        0.68311
         0.3812       0.683041
         0.3813       0.682973
         0.3814       0.682905
         0.3815       0.682836
         0.3816       0.682768
         0.3817         0.6827
         0.3818       0.682632
         0.3819       0.682563
          0.382       0.682495
         0.3821       0.682427
         0.3822       0.682359
         0.3823        0.68229
         0.3824       0.682222
         0.3825       0.682154
         0.3826       0.682086
         0.3827       0.682018
         0.3828       0.681949
         0.3829       0.681881
          0.383       0.681813
         0.3831       0.681745
         0.3832       0.681677
         0.3833       0.681608
         0.3834        0.68154
         0.3835       0.681472
         0.3836       0.681404
         0.3837       0.681336
         0.3838       0.681268
         0.3839         0.6812
          0.384       0.681131
         0.3841       0.681063
         0.3842       0.680995
         0.3843       0.680927
         0.3844       0.680859
         0.3845       0.680791
         0.3846       0.680723
         0.3847       0.680655
         0.3848       0.680587
         0.3849       0.680519
          0.385       0.680451
         0.3851       0.680383
         0.3852       0.680315
         0.3853       0.680247
         0.3854       0.680179
         0.3855       0.680111
         0.3856       0.680043
         0.3857       0.679975
         0.3858       0.679907
         0.3859       0.679839
          0.386       0.679771
         0.3861       0.679703
         0.3862       0.679635
         0.3863       0.679567
         0.3864       0.679499
         0.3865       0.679431
         0.3866       0.679363
         0.3867       0.679295
         0.3868       0.679227
         0.3869       0.679159
          0.387       0.679091
         0.3871       0.679023
         0.3872       0.678955
         0.3873       0.678887
         0.3874        0.67882
         0.3875       0.678752
         0.3876       0.678684
         0.3877       0.678616
         0.3878       0.678548
         0.3879        0.67848
          0.388       0.678412
         0.3881       0.678345
         0.3882       0.678277
         0.3883       0.678209
         0.3884       0.678141
         0.3885       0.678073
         0.3886       0.678005
         0.3887       0.677938
         0.3888        0.67787
         0.3889       0.677802
          0.389       0.677734
         0.3891       0.677667
         0.3892       0.677599
         0.3893       0.677531
         0.3894       0.677463
         0.3895       0.677396
         0.3896       0.677328
         0.3897        0.67726
         0.3898       0.677192
         0.3899       0.677125
           0.39       0.677057
         0.3901       0.676989
         0.3902       0.676922
         0.3903       0.676854
         0.3904       0.676786
         0.3905       0.676718
         0.3906       0.676651
         0.3907       0.676583
         0.3908       0.676515
         0.3909       0.676448
          0.391        0.67638
         0.3911       0.676313
         0.3912       0.676245
         0.3913       0.676177
         0.3914        0.67611
         0.3915       0.676042
         0.3916       0.675974
         0.3917       0.675907
         0.3918       0.675839
         0.3919       0.675772
          0.392       0.675704
         0.3921       0.675637
         0.3922       0.675569
         0.3923       0.675501
         0.3924       0.675434
         0.3925       0.675366
         0.3926       0.675299
         0.3927       0.675231
         0.3928       0.675164
         0.3929       0.675096
          0.393       0.675029
         0.3931       0.674961
         0.3932       0.674894
         0.3933       0.674826
         0.3934       0.674759
         0.3935       0.674691
         0.3936       0.674624
         0.3937       0.674556
         0.3938       0.674489
         0.3939       0.674422
          0.394       0.674354
         0.3941       0.674287
         0.3942       0.674219
         0.3943       0.674152
         0.3944       0.674084
         0.3945       0.674017
         0.3946        0.67395
         0.3947       0.673882
         0.3948       0.673815
         0.3949       0.673747
          0.395        0.67368
         0.3951       0.673613
         0.3952       0.673545
         0.3953       0.673478
         0.3954       0.673411
         0.3955       0.673343
         0.3956       0.673276
         0.3957       0.673209
         0.3958       0.673141
         0.3959       0.673074
          0.396       0.673007
         0.3961       0.672939
         0.3962       0.672872
         0.3963       0.672805
         0.3964       0.672738
         0.3965        0.67267
         0.3966       0.672603
         0.3967       0.672536
         0.3968       0.672469
         0.3969       0.672401
          0.397       0.672334
         0.3971       0.672267
         0.3972         0.6722
         0.3973       0.672132
         0.3974       0.672065
         0.3975       0.671998
         0.3976       0.671931
         0.3977       0.671864
         0.3978       0.671796
         0.3979       0.671729
          0.398       0.671662
         0.3981       0.671595
         0.3982       0.671528
         0.3983       0.671461
         0.3984       0.671393
         0.3985       0.671326
         0.3986       0.671259
         0.3987       0.671192
         0.3988       0.671125
         0.3989       0.671058
          0.399       0.670991
         0.3991       0.670924
         0.3992       0.670857
         0.3993       0.670789
         0.3994       0.670722
         0.3995       0.670655
         0.3996       0.670588
         0.3997       0.670521
         0.3998       0.670454
         0.3999       0.670387
            0.4        0.67032
         0.4001       0.670253
         0.4002       0.670186
         0.4003       0.670119
         0.4004       0.670052
         0.4005       0.669985
         0.4006       0.669918
         0.4007       0.669851
         0.4008       0.669784
         0.4009       0.669717
          0.401        0.66965
         0.4011       0.669583
         0.4012       0.669516
         0.4013       0.669449
         0.4014       0.669382
         0.4015       0.669315
         0.4016       0.669248
         0.4017       0.669182
         0.4018       0.669115
         0.4019       0.669048
          0.402       0.668981
         0.4021       0.668914
         0.4022       0.668847
         0.4023        0.66878
         0.4024       0.668713
         0.4025       0.668646
         0.4026        0.66858
         0.4027       0.668513
         0.4028       0.668446
         0.4029       0.668379
          0.403       0.668312
         0.4031       0.668245
         0.4032       0.668178
         0.4033       0.668112
         0.4034       0.668045
         0.4035       0.667978
         0.4036       0.667911
         0.4037       0.667844
         0.4038       0.667778
         0.4039       0.667711
          0.404       0.667644
         0.4041       0.667577
         0.4042       0.667511
         0.4043       0.667444
         0.4044       0.667377
         0.4045        0.66731
         0.4046       0.667244
         0.4047       0.667177
         0.4048        0.66711
         0.4049       0.667044
          0.405       0.666977
         0.4051        0.66691
         0.4052       0.666843
         0.4053       0.666777
         0.4054        0.66671
         0.4055       0.666643
         0.4056       0.666577
         0.4057        0.66651
         0.4058       0.666443
         0.4059       0.666377
          0.406        0.66631
         0.4061       0.666244
         0.4062       0.666177
         0.4063        0.66611
         0.4064       0.666044
         0.4065       0.665977
         0.4066       0.665911
         0.4067       0.665844
         0.4068       0.665777
         0.4069       0.665711
          0.407       0.665644
         0.4071       0.665578
         0.4072       0.665511
         0.4073       0.665445
         0.4074       0.665378
         0.4075       0.665311
         0.4076       0.665245
         0.4077       0.665178
         0.4078       0.665112
         0.4079       0.665045
          0.408       0.664979
         0.4081       0.664912
         0.4082       0.664846
         0.4083       0.664779
         0.4084       0.664713
         0.4085       0.664647
         0.4086        0.66458
         0.4087       0.664514
         0.4088       0.664447
         0.4089       0.664381
          0.409       0.664314
         0.4091       0.664248
         0.4092       0.664181
         0.4093       0.664115
         0.4094       0.664049
         0.4095       0.663982
         0.4096       0.663916
         0.4097       0.663849
         0.4098       0.663783
         0.4099       0.663717
           0.41        0.66365
         0.4101       0.663584
         0.4102       0.663518
         0.4103       0.663451
         0.4104       0.663385
         0.4105       0.663319
         0.4106       0.663252
         0.4107       0.663186
         0.4108        0.66312
         0.4109       0.663053
          0.411       0.662987
         0.4111       0.662921
         0.4112       0.662854
         0.4113       0.662788
         0.4114       0.662722
         0.4115       0.662656
         0.4116       0.662589
         0.4117       0.662523
         0.4118       0.662457
         0.4119       0.662391
          0.412       0.662324
         0.4121       0.662258
         0.4122       0.662192
         0.4123       0.662126
         0.4124       0.662059
         0.4125       0.661993
         0.4126       0.661927
         0.4127       0.661861
         0.4128       0.661795
         0.4129       0.661728
          0.413       0.661662
         0.4131       0.661596
         0.4132        0.66153
         0.4133       0.661464
         0.4134       0.661398
         0.4135       0.661332
         0.4136       0.661265
         0.4137       0.661199
         0.4138       0.661133
         0.4139       0.661067
          0.414       0.661001
         0.4141       0.660935
         0.4142       0.660869
         0.4143       0.660803
         0.4144       0.660737
         0.4145       0.660671
         0.4146       0.660605
         0.4147       0.660538
         0.4148       0.660472
         0.4149       0.660406
          0.415        0.66034
         0.4151       0.660274
         0.4152       0.660208
         0.4153       0.660142
         0.4154       0.660076
         0.4155        0.66001
         0.4156       0.659944
         0.4157       0.659878
         0.4158       0.659812
         0.4159       0.659746
          0.416        0.65968
         0.4161       0.659614
         0.4162       0.659548
         0.4163       0.659482
         0.4164       0.659416
         0.4165       0.659351
         0.4166       0.659285
         0.4167       0.659219
         0.4168       0.659153
         0.4169       0.659087
          0.417       0.659021
         0.4171       0.658955
         0.4172       0.658889
         0.4173       0.658823
         0.4174       0.658757
         0.4175       0.658692
         0.4176       0.658626
         0.4177        0.65856
         0.4178       0.658494
         0.4179       0.658428
          0.418       0.658362
         0.4181       0.658296
         0.4182       0.658231
         0.4183       0.658165
         0.4184       0.658099
         0.4185       0.658033
         0.4186       0.657967
         0.4187       0.657902
         0.4188       0.657836
         0.4189        0.65777
          0.419       0.657704
         0.4191       0.657638
         0.4192       0.657573
         0.4193       0.657507
         0.4194       0.657441
         0.4195       0.657375
         0.4196        0.65731
         0.4197       0.657244
         0.4198       0.657178
         0.4199       0.657113
           0.42       0.657047
         0.4201       0.656981
         0.4202       0.656915
         0.4203        0.65685
         0.4204       0.656784
         0.4205       0.656718
         0.4206       0.656653
         0.4207       0.656587
         0.4208       0.656521
         0.4209       0.656456
          0.421        0.65639
         0.4211       0.656324
         0.4212       0.656259
         0.4213       0.656193
         0.4214       0.656128
         0.4215       0.656062
         0.4216       0.655996
         0.4217       0.655931
         0.4218       0.655865
         0.4219         0.6558
          0.422       0.655734
         0.4221       0.655669
         0.4222       0.655603
         0.4223       0.655537
         0.4224       0.655472
         0.4225       0.655406
         0.4226       0.655341
         0.4227       0.655275
         0.4228        0.65521
         0.4229       0.655144
          0.423       0.655079
         0.4231       0.655013
         0.4232       0.654948
         0.4233       0.654882
         0.4234       0.654817
         0.4235       0.654751
         0.4236       0.654686
         0.4237        0.65462
         0.4238       0.654555
         0.4239       0.654489
          0.424       0.654424
         0.4241       0.654358
         0.4242       0.654293
         0.4243       0.654228
         0.4244       0.654162
         0.4245       0.654097
         0.4246       0.654031
         0.4247       0.653966
         0.4248       0.653901
         0.4249       0.653835
          0.425        0.65377
         0.4251       0.653704
         0.4252       0.653639
         0.4253       0.653574
         0.4254       0.653508
         0.4255       0.653443
         0.4256       0.653378
         0.4257       0.653312
         0.4258       0.653247
         0.4259       0.653182
          0.426       0.653116
         0.4261       0.653051
         0.4262       0.652986
         0.4263        0.65292
         0.4264       0.652855
         0.4265        0.65279
         0.4266       0.652725
         0.4267       0.652659
         0.4268       0.652594
         0.4269       0.652529
          0.427       0.652464
         0.4271       0.652398
         0.4272       0.652333
         0.4273       0.652268
         0.4274       0.652203
         0.4275       0.652137
         0.4276       0.652072
         0.4277       0.652007
         0.4278       0.651942
         0.4279       0.651877
          0.428       0.651811
         0.4281       0.651746
         0.4282       0.651681
         0.4283       0.651616
         0.4284       0.651551
         0.4285       0.651486
         0.4286        0.65142
         0.4287       0.651355
         0.4288        0.65129
         0.4289       0.651225
          0.429        0.65116
         0.4291       0.651095
         0.4292        0.65103
         0.4293       0.650965
         0.4294         0.6509
         0.4295       0.650834
         0.4296       0.650769
         0.4297       0.650704
         0.4298       0.650639
         0.4299       0.650574
           0.43       0.650509
         0.4301       0.650444
         0.4302       0.650379
         0.4303       0.650314
         0.4304       0.650249
         0.4305       0.650184
         0.4306       0.650119
         0.4307       0.650054
         0.4308       0.649989
         0.4309       0.649924
          0.431       0.649859
         0.4311       0.649794
         0.4312       0.649729
         0.4313       0.649664
         0.4314       0.649599
         0.4315       0.649534
         0.4316       0.649469
         0.4317       0.649404
         0.4318       0.649339
         0.4319       0.649274
          0.432       0.649209
         0.4321       0.649144
         0.4322        0.64908
         0.4323       0.649015
         0.4324        0.64895
         0.4325       0.648885
         0.4326        0.64882
         0.4327       0.648755
         0.4328        0.64869
         0.4329       0.648625
          0.433       0.648561
         0.4331       0.648496
         0.4332       0.648431
         0.4333       0.648366
         0.4334       0.648301
         0.4335       0.648236
         0.4336       0.648172
         0.4337       0.648107
         0.4338       0.648042
         0.4339       0.647977
          0.434       0.647912
         0.4341       0.647847
         0.4342       0.647783
         0.4343       0.647718
         0.4344       0.647653
         0.4345       0.647588
         0.4346       0.647524
         0.4347       0.647459
         0.4348       0.647394
         0.4349       0.647329
          0.435       0.647265
         0.4351         0.6472
         0.4352       0.647135
         0.4353       0.647071
         0.4354       0.647006
         0.4355       0.646941
         0.4356       0.646876
         0.4357       0.646812
         0.4358       0.646747
         0.4359       0.646682
          0.436       0.646618
         0.4361       0.646553
         0.4362       0.646488
         0.4363       0.646424
         0.4364       0.646359
         0.4365       0.646295
         0.4366        0.64623
         0.4367       0.646165
         0.4368       0.646101
         0.4369       0.646036
          0.437       0.645971
         0.4371       0.645907
         0.4372       0.645842
         0.4373       0.645778
         0.4374       0.645713
         0.4375       0.645649
         0.4376       0.645584
         0.4377       0.645519
         0.4378       0.645455
         0.4379        0.64539
          0.438       0.645326
         0.4381       0.645261
         0.4382       0.645197
         0.4383       0.645132
         0.4384       0.645068
         0.4385       0.645003
         0.4386       0.644939
         0.4387       0.644874
         0.4388        0.64481
         0.4389       0.644745
          0.439       0.644681
         0.4391       0.644616
         0.4392       0.644552
         0.4393       0.644487
         0.4394       0.644423
         0.4395       0.644359
         0.4396       0.644294
         0.4397        0.64423
         0.4398       0.644165
         0.4399       0.644101
           0.44       0.644036
         0.4401       0.643972
         0.4402       0.643908
         0.4403       0.643843
         0.4404       0.643779
         0.4405       0.643715
         0.4406        0.64365
         0.4407       0.643586
         0.4408       0.643521
         0.4409       0.643457
          0.441       0.643393
         0.4411       0.643328
         0.4412       0.643264
         0.4413         0.6432
         0.4414       0.643135
         0.4415       0.643071
         0.4416       0.643007
         0.4417       0.642943
         0.4418       0.642878
         0.4419       0.642814
          0.442        0.64275
         0.4421       0.642685
         0.4422       0.642621
         0.4423       0.642557
         0.4424       0.642493
         0.4425       0.642428
         0.4426       0.642364
         0.4427         0.6423
         0.4428       0.642236
         0.4429       0.642171
          0.443       0.642107
         0.4431       0.642043
         0.4432       0.641979
         0.4433       0.641915
         0.4434        0.64185
         0.4435       0.641786
         0.4436       0.641722
         0.4437       0.641658
         0.4438       0.641594
         0.4439        0.64153
          0.444       0.641465
         0.4441       0.641401
         0.4442       0.641337
         0.4443       0.641273
         0.4444       0.641209
         0.4445       0.641145
         0.4446       0.641081
         0.4447       0.641017
         0.4448       0.640952
         0.4449       0.640888
          0.445       0.640824
         0.4451        0.64076
         0.4452       0.640696
         0.4453       0.640632
         0.4454       0.640568
         0.4455       0.640504
         0.4456        0.64044
         0.4457       0.640376
         0.4458       0.640312
         0.4459       0.640248
          0.446       0.640184
         0.4461        0.64012
         0.4462       0.640056
         0.4463       0.639992
         0.4464       0.639928
         0.4465       0.639864
         0.4466         0.6398
         0.4467       0.639736
         0.4468       0.639672
         0.4469       0.639608
          0.447       0.639544
         0.4471        0.63948
         0.4472       0.639416
         0.4473       0.639352
         0.4474       0.639288
         0.4475       0.639224
         0.4476        0.63916
         0.4477       0.639096
         0.4478       0.639033
         0.4479       0.638969
          0.448       0.638905
         0.4481       0.638841
         0.4482       0.638777
         0.4483       0.638713
         0.4484       0.638649
         0.4485       0.638585
         0.4486       0.638521
         0.4487       0.638458
         0.4488       0.638394
         0.4489        0.63833
          0.449       0.638266
         0.4491       0.638202
         0.4492       0.638138
         0.4493       0.638075
         0.4494       0.638011
         0.4495       0.637947
         0.4496       0.637883
         0.4497        0.63782
         0.4498       0.637756
         0.4499       0.637692
           0.45       0.637628
         0.4501       0.637564
         0.4502       0.637501
         0.4503       0.637437
         0.4504       0.637373
         0.4505       0.637309
         0.4506       0.637246
         0.4507       0.637182
         0.4508       0.637118
         0.4509       0.637055
          0.451       0.636991
         0.4511       0.636927
         0.4512       0.636863
         0.4513         0.6368
         0.4514       0.636736
         0.4515       0.636672
         0.4516       0.636609
         0.4517       0.636545
         0.4518       0.636481
         0.4519       0.636418
          0.452       0.636354
         0.4521       0.636291
         0.4522       0.636227
         0.4523       0.636163
         0.4524         0.6361
         0.4525       0.636036
         0.4526       0.635973
         0.4527       0.635909
         0.4528       0.635845
         0.4529       0.635782
          0.453       0.635718
         0.4531       0.635655
         0.4532       0.635591
         0.4533       0.635527
         0.4534       0.635464
         0.4535         0.6354
         0.4536       0.635337
         0.4537       0.635273
         0.4538        0.63521
         0.4539       0.635146
          0.454       0.635083
         0.4541       0.635019
         0.4542       0.634956
         0.4543       0.634892
         0.4544       0.634829
         0.4545       0.634765
         0.4546       0.634702
         0.4547       0.634638
         0.4548       0.634575
         0.4549       0.634511
          0.455       0.634448
         0.4551       0.634385
         0.4552       0.634321
         0.4553       0.634258
         0.4554       0.634194
         0.4555       0.634131
         0.4556       0.634067
         0.4557       0.634004
         0.4558       0.633941
         0.4559       0.633877
          0.456       0.633814
         0.4561        0.63375
         0.4562       0.633687
         0.4563       0.633624
         0.4564        0.63356
         0.4565       0.633497
         0.4566       0.633434
         0.4567        0.63337
         0.4568       0.633307
         0.4569       0.633244
          0.457        0.63318
         0.4571       0.633117
         0.4572       0.633054
         0.4573        0.63299
         0.4574       0.632927
         0.4575       0.632864
         0.4576       0.632801
         0.4577       0.632737
         0.4578       0.632674
         0.4579       0.632611
          0.458       0.632548
         0.4581       0.632484
         0.4582       0.632421
         0.4583       0.632358
         0.4584       0.632295
         0.4585       0.632231
         0.4586       0.632168
         0.4587       0.632105
         0.4588       0.632042
         0.4589       0.631978
          0.459       0.631915
         0.4591       0.631852
         0.4592       0.631789
         0.4593       0.631726
         0.4594       0.631663
         0.4595       0.631599
         0.4596       0.631536
         0.4597       0.631473
         0.4598        0.63141
         0.4599       0.631347
           0.46       0.631284
         0.4601       0.631221
         0.4602       0.631157
         0.4603       0.631094
         0.4604       0.631031
         0.4605       0.630968
         0.4606       0.630905
         0.4607       0.630842
         0.4608       0.630779
         0.4609       0.630716
          0.461       0.630653
         0.4611        0.63059
         0.4612       0.630527
         0.4613       0.630464
         0.4614         0.6304
         0.4615       0.630337
         0.4616       0.630274
         0.4617       0.630211
         0.4618       0.630148
         0.4619       0.630085
          0.462       0.630022
         0.4621       0.629959
         0.4622       0.629896
         0.4623       0.629833
         0.4624        0.62977
         0.4625       0.629707
         0.4626       0.629644
         0.4627       0.629582
         0.4628       0.629519
         0.4629       0.629456
          0.463       0.629393
         0.4631        0.62933
         0.4632       0.629267
         0.4633       0.629204
         0.4634       0.629141
         0.4635       0.629078
         0.4636       0.629015
         0.4637       0.628952
         0.4638       0.628889
         0.4639       0.628826
          0.464       0.628764
         0.4641       0.628701
         0.4642       0.628638
         0.4643       0.628575
         0.4644       0.628512
         0.4645       0.628449
         0.4646       0.628386
         0.4647       0.628324
         0.4648       0.628261
         0.4649       0.628198
          0.465       0.628135
         0.4651       0.628072
         0.4652        0.62801
         0.4653       0.627947
         0.4654       0.627884
         0.4655       0.627821
         0.4656       0.627758
         0.4657       0.627696
         0.4658       0.627633
         0.4659        0.62757
          0.466       0.627507
         0.4661       0.627445
         0.4662       0.627382
         0.4663       0.627319
         0.4664       0.627256
         0.4665       0.627194
         0.4666       0.627131
         0.4667       0.627068
         0.4668       0.627006
         0.4669       0.626943
          0.467        0.62688
         0.4671       0.626817
         0.4672       0.626755
         0.4673       0.626692
         0.4674       0.626629
         0.4675       0.626567
         0.4676       0.626504
         0.4677       0.626441
         0.4678       0.626379
         0.4679       0.626316
          0.468       0.626254
         0.4681       0.626191
         0.4682       0.626128
         0.4683       0.626066
         0.4684       0.626003
         0.4685       0.625941
         0.4686       0.625878
         0.4687       0.625815
         0.4688       0.625753
         0.4689        0.62569
          0.469       0.625628
         0.4691       0.625565
         0.4692       0.625503
         0.4693        0.62544
         0.4694       0.625377
         0.4695       0.625315
         0.4696       0.625252
         0.4697        0.62519
         0.4698       0.625127
         0.4699       0.625065
           0.47       0.625002
         0.4701        0.62494
         0.4702       0.624877
         0.4703       0.624815
         0.4704       0.624752
         0.4705        0.62469
         0.4706       0.624627
         0.4707       0.624565
         0.4708       0.624502
         0.4709        0.62444
          0.471       0.624378
         0.4711       0.624315
         0.4712       0.624253
         0.4713        0.62419
         0.4714       0.624128
         0.4715       0.624065
         0.4716       0.624003
         0.4717       0.623941
         0.4718       0.623878
         0.4719       0.623816
          0.472       0.623754
         0.4721       0.623691
         0.4722       0.623629
         0.4723       0.623566
         0.4724       0.623504
         0.4725       0.623442
         0.4726       0.623379
         0.4727       0.623317
         0.4728       0.623255
         0.4729       0.623192
          0.473        0.62313
         0.4731       0.623068
         0.4732       0.623005
         0.4733       0.622943
         0.4734       0.622881
         0.4735       0.622819
         0.4736       0.622756
         0.4737       0.622694
         0.4738       0.622632
         0.4739        0.62257
          0.474       0.622507
         0.4741       0.622445
         0.4742       0.622383
         0.4743       0.622321
         0.4744       0.622258
         0.4745       0.622196
         0.4746       0.622134
         0.4747       0.622072
         0.4748       0.622009
         0.4749       0.621947
          0.475       0.621885
         0.4751       0.621823
         0.4752       0.621761
         0.4753       0.621699
         0.4754       0.621636
         0.4755       0.621574
         0.4756       0.621512
         0.4757        0.62145
         0.4758       0.621388
         0.4759       0.621326
          0.476       0.621264
         0.4761       0.621201
         0.4762       0.621139
         0.4763       0.621077
         0.4764       0.621015
         0.4765       0.620953
         0.4766       0.620891
         0.4767       0.620829
         0.4768       0.620767
         0.4769       0.620705
          0.477       0.620643
         0.4771        0.62058
         0.4772       0.620518
         0.4773       0.620456
         0.4774       0.620394
         0.4775       0.620332
         0.4776        0.62027
         0.4777       0.620208
         0.4778       0.620146
         0.4779       0.620084
          0.478       0.620022
         0.4781        0.61996
         0.4782       0.619898
         0.4783       0.619836
         0.4784       0.619774
         0.4785       0.619712
         0.4786        0.61965
         0.4787       0.619588
         0.4788       0.619526
         0.4789       0.619464
          0.479       0.619403
         0.4791       0.619341
         0.4792       0.619279
         0.4793       0.619217
         0.4794       0.619155
         0.4795       0.619093
         0.4796       0.619031
         0.4797       0.618969
         0.4798       0.618907
         0.4799       0.618845
           0.48       0.618783
         0.4801       0.618722
         0.4802        0.61866
         0.4803       0.618598
         0.4804       0.618536
         0.4805       0.618474
         0.4806       0.618412
         0.4807        0.61835
         0.4808       0.618289
         0.4809       0.618227
          0.481       0.618165
         0.4811       0.618103
         0.4812       0.618041
         0.4813        0.61798
         0.4814       0.617918
         0.4815       0.617856
         0.4816       0.617794
         0.4817       0.617732
         0.4818       0.617671
         0.4819       0.617609
          0.482       0.617547
         0.4821       0.617485
         0.4822       0.617424
         0.4823       0.617362
         0.4824         0.6173
         0.4825       0.617238
         0.4826       0.617177
         0.4827       0.617115
         0.4828       0.617053
         0.4829       0.616992
          0.483        0.61693
         0.4831       0.616868
         0.4832       0.616806
         0.4833       0.616745
         0.4834       0.616683
         0.4835       0.616621
         0.4836        0.61656
         0.4837       0.616498
         0.4838       0.616437
         0.4839       0.616375
          0.484       0.616313
         0.4841       0.616252
         0.4842        0.61619
         0.4843       0.616128
         0.4844       0.616067
         0.4845       0.616005
         0.4846       0.615944
         0.4847       0.615882
         0.4848        0.61582
         0.4849       0.615759
          0.485       0.615697
         0.4851       0.615636
         0.4852       0.615574
         0.4853       0.615513
         0.4854       0.615451
         0.4855       0.615389
         0.4856       0.615328
         0.4857       0.615266
         0.4858       0.615205
         0.4859       0.615143
          0.486       0.615082
         0.4861        0.61502
         0.4862       0.614959
         0.4863       0.614897
         0.4864       0.614836
         0.4865       0.614774
         0.4866       0.614713
         0.4867       0.614651
         0.4868        0.61459
         0.4869       0.614529
          0.487       0.614467
         0.4871       0.614406
         0.4872       0.614344
         0.4873       0.614283
         0.4874       0.614221
         0.4875        0.61416
         0.4876       0.614098
         0.4877       0.614037
         0.4878       0.613976
         0.4879       0.613914
          0.488       0.613853
         0.4881       0.613792
         0.4882        0.61373
         0.4883       0.613669
         0.4884       0.613607
         0.4885       0.613546
         0.4886       0.613485
         0.4887       0.613423
         0.4888       0.613362
         0.4889       0.613301
          0.489       0.613239
         0.4891       0.613178
         0.4892       0.613117
         0.4893       0.613055
         0.4894       0.612994
         0.4895       0.612933
         0.4896       0.612872
         0.4897        0.61281
         0.4898       0.612749
         0.4899       0.612688
           0.49       0.612626
         0.4901       0.612565
         0.4902       0.612504
         0.4903       0.612443
         0.4904       0.612381
         0.4905        0.61232
         0.4906       0.612259
         0.4907       0.612198
         0.4908       0.612137
         0.4909       0.612075
          0.491       0.612014
         0.4911       0.611953
         0.4912       0.611892
         0.4913       0.611831
         0.4914       0.611769
         0.4915       0.611708
         0.4916       0.611647
         0.4917       0.611586
         0.4918       0.611525
         0.4919       0.611464
          0.492       0.611402
         0.4921       0.611341
         0.4922        0.61128
         0.4923       0.611219
         0.4924       0.611158
         0.4925       0.611097
         0.4926       0.611036
         0.4927       0.610975
         0.4928       0.610913
         0.4929       0.610852
          0.493       0.610791
         0.4931        0.61073
         0.4932       0.610669
         0.4933       0.610608
         0.4934       0.610547
         0.4935       0.610486
         0.4936       0.610425
         0.4937       0.610364
         0.4938       0.610303
         0.4939       0.610242
          0.494       0.610181
         0.4941        0.61012
         0.4942       0.610059
         0.4943       0.609998
         0.4944       0.609937
         0.4945       0.609876
         0.4946       0.609815
         0.4947       0.609754
         0.4948       0.609693
         0.4949       0.609632
          0.495       0.609571
         0.4951        0.60951
         0.4952       0.609449
         0.4953       0.609388
         0.4954       0.609327
         0.4955       0.609266
         0.4956       0.609205
         0.4957       0.609144
         0.4958       0.609083
         0.4959       0.609023
          0.496       0.608962
         0.4961       0.608901
         0.4962        0.60884
         0.4963       0.608779
         0.4964       0.608718
         0.4965       0.608657
         0.4966       0.608596
         0.4967       0.608536
         0.4968       0.608475
         0.4969       0.608414
          0.497       0.608353
         0.4971       0.608292
         0.4972       0.608231
         0.4973       0.608171
         0.4974        0.60811
         0.4975       0.608049
         0.4976       0.607988
         0.4977       0.607927
         0.4978       0.607867
         0.4979       0.607806
          0.498       0.607745
         0.4981       0.607684
         0.4982       0.607623
         0.4983       0.607563
         0.4984       0.607502
         0.4985       0.607441
         0.4986        0.60738
         0.4987        0.60732
         0.4988       0.607259
         0.4989       0.607198
          0.499       0.607138
         0.4991       0.607077
         0.4992       0.607016
         0.4993       0.606955
         0.4994       0.606895
         0.4995       0.606834
         0.4996       0.606773
         0.4997       0.606713
         0.4998       0.606652
         0.4999       0.606591
            0.5       0.606531
         0.5001        0.60647
         0.5002       0.606409
         0.5003       0.606349
         0.5004       0.606288
         0.5005       0.606228
         0.5006       0.606167
         0.5007       0.606106
         0.5008       0.606046
         0.5009       0.605985
          0.501       0.605924
         0.5011       0.605864
         0.5012       0.605803
         0.5013       0.605743
         0.5014       0.605682
         0.5015       0.605622
         0.5016       0.605561
         0.5017         0.6055
         0.5018        0.60544
         0.5019       0.605379
          0.502       0.605319
         0.5021       0.605258
         0.5022       0.605198
         0.5023       0.605137
         0.5024       0.605077
         0.5025       0.605016
         0.5026       0.604956
         0.5027       0.604895
         0.5028       0.604835
         0.5029       0.604774
          0.503       0.604714
         0.5031       0.604653
         0.5032       0.604593
         0.5033       0.604532
         0.5034       0.604472
         0.5035       0.604412
         0.5036       0.604351
         0.5037       0.604291
         0.5038        0.60423
         0.5039        0.60417
          0.504       0.604109
         0.5041       0.604049
         0.5042       0.603989
         0.5043       0.603928
         0.5044       0.603868
         0.5045       0.603807
         0.5046       0.603747
         0.5047       0.603687
         0.5048       0.603626
         0.5049       0.603566
          0.505       0.603506
         0.5051       0.603445
         0.5052       0.603385
         0.5053       0.603325
         0.5054       0.603264
         0.5055       0.603204
         0.5056       0.603144
         0.5057       0.603083
         0.5058       0.603023
         0.5059       0.602963
          0.506       0.602902
         0.5061       0.602842
         0.5062       0.602782
         0.5063       0.602722
         0.5064       0.602661
         0.5065       0.602601
         0.5066       0.602541
         0.5067       0.602481
         0.5068        0.60242
         0.5069        0.60236
          0.507         0.6023
         0.5071        0.60224
         0.5072       0.602179
         0.5073       0.602119
         0.5074       0.602059
         0.5075       0.601999
         0.5076       0.601939
         0.5077       0.601878
         0.5078       0.601818
         0.5079       0.601758
          0.508       0.601698
         0.5081       0.601638
         0.5082       0.601577
         0.5083       0.601517
         0.5084       0.601457
         0.5085       0.601397
         0.5086       0.601337
         0.5087       0.601277
         0.5088       0.601217
         0.5089       0.601157
          0.509       0.601096
         0.5091       0.601036
         0.5092       0.600976
         0.5093       0.600916
         0.5094       0.600856
         0.5095       0.600796
         0.5096       0.600736
         0.5097       0.600676
         0.5098       0.600616
         0.5099       0.600556
           0.51       0.600496
         0.5101       0.600436
         0.5102       0.600376
         0.5103       0.600315
         0.5104       0.600255
         0.5105       0.600195
         0.5106       0.600135
         0.5107       0.600075
         0.5108       0.600015
         0.5109       0.599955
          0.511       0.599895
         0.5111       0.599835
         0.5112       0.599775
         0.5113       0.599715
         0.5114       0.599656
         0.5115       0.599596
         0.5116       0.599536
         0.5117       0.599476
         0.5118       0.599416
         0.5119       0.599356
          0.512       0.599296
         0.5121       0.599236
         0.5122       0.599176
         0.5123       0.599116
         0.5124       0.599056
         0.5125       0.598996
         0.5126       0.598936
         0.5127       0.598876
         0.5128       0.598817
         0.5129       0.598757
          0.513       0.598697
         0.5131       0.598637
         0.5132       0.598577
         0.5133       0.598517
         0.5134       0.598457
         0.5135       0.598398
         0.5136       0.598338
         0.5137       0.598278
         0.5138       0.598218
         0.5139       0.598158
          0.514       0.598098
         0.5141       0.598039
         0.5142       0.597979
         0.5143       0.597919
         0.5144       0.597859
         0.5145       0.597799
         0.5146        0.59774
         0.5147        0.59768
         0.5148        0.59762
         0.5149        0.59756
          0.515       0.597501
         0.5151       0.597441
         0.5152       0.597381
         0.5153       0.597321
         0.5154       0.597262
         0.5155       0.597202
         0.5156       0.597142
         0.5157       0.597083
         0.5158       0.597023
         0.5159       0.596963
          0.516       0.596903
         0.5161       0.596844
         0.5162       0.596784
         0.5163       0.596724
         0.5164       0.596665
         0.5165       0.596605
         0.5166       0.596545
         0.5167       0.596486
         0.5168       0.596426
         0.5169       0.596366
          0.517       0.596307
         0.5171       0.596247
         0.5172       0.596188
         0.5173       0.596128
         0.5174       0.596068
         0.5175       0.596009
         0.5176       0.595949
         0.5177        0.59589
         0.5178        0.59583
         0.5179        0.59577
          0.518       0.595711
         0.5181       0.595651
         0.5182       0.595592
         0.5183       0.595532
         0.5184       0.595473
         0.5185       0.595413
         0.5186       0.595353
         0.5187       0.595294
         0.5188       0.595234
         0.5189       0.595175
          0.519       0.595115
         0.5191       0.595056
         0.5192       0.594996
         0.5193       0.594937
         0.5194       0.594877
         0.5195       0.594818
         0.5196       0.594758
         0.5197       0.594699
         0.5198       0.594639
         0.5199        0.59458
           0.52       0.594521
         0.5201       0.594461
         0.5202       0.594402
         0.5203       0.594342
         0.5204       0.594283
         0.5205       0.594223
         0.5206       0.594164
         0.5207       0.594105
         0.5208       0.594045
         0.5209       0.593986
          0.521       0.593926
         0.5211       0.593867
         0.5212       0.593808
         0.5213       0.593748
         0.5214       0.593689
         0.5215       0.593629
         0.5216        0.59357
         0.5217       0.593511
         0.5218       0.593451
         0.5219       0.593392
          0.522       0.593333
         0.5221       0.593273
         0.5222       0.593214
         0.5223       0.593155
         0.5224       0.593095
         0.5225       0.593036
         0.5226       0.592977
         0.5227       0.592918
         0.5228       0.592858
         0.5229       0.592799
          0.523        0.59274
         0.5231        0.59268
         0.5232       0.592621
         0.5233       0.592562
         0.5234       0.592503
         0.5235       0.592443
         0.5236       0.592384
         0.5237       0.592325
         0.5238       0.592266
         0.5239       0.592206
          0.524       0.592147
         0.5241       0.592088
         0.5242       0.592029
         0.5243        0.59197
         0.5244        0.59191
         0.5245       0.591851
         0.5246       0.591792
         0.5247       0.591733
         0.5248       0.591674
         0.5249       0.591615
          0.525       0.591555
         0.5251       0.591496
         0.5252       0.591437
         0.5253       0.591378
         0.5254       0.591319
         0.5255        0.59126
         0.5256       0.591201
         0.5257       0.591141
         0.5258       0.591082
         0.5259       0.591023
          0.526       0.590964
         0.5261       0.590905
         0.5262       0.590846
         0.5263       0.590787
         0.5264       0.590728
         0.5265       0.590669
         0.5266        0.59061
         0.5267       0.590551
         0.5268       0.590492
         0.5269       0.590433
          0.527       0.590373
         0.5271       0.590314
         0.5272       0.590255
         0.5273       0.590196
         0.5274       0.590137
         0.5275       0.590078
         0.5276       0.590019
         0.5277        0.58996
         0.5278       0.589901
         0.5279       0.589842
          0.528       0.589783
         0.5281       0.589724
         0.5282       0.589665
         0.5283       0.589606
         0.5284       0.589548
         0.5285       0.589489
         0.5286        0.58943
         0.5287       0.589371
         0.5288       0.589312
         0.5289       0.589253
          0.529       0.589194
         0.5291       0.589135
         0.5292       0.589076
         0.5293       0.589017
         0.5294       0.588958
         0.5295       0.588899
         0.5296        0.58884
         0.5297       0.588782
         0.5298       0.588723
         0.5299       0.588664
           0.53       0.588605
         0.5301       0.588546
         0.5302       0.588487
         0.5303       0.588428
         0.5304        0.58837
         0.5305       0.588311
         0.5306       0.588252
         0.5307       0.588193
         0.5308       0.588134
         0.5309       0.588075
          0.531       0.588017
         0.5311       0.587958
         0.5312       0.587899
         0.5313        0.58784
         0.5314       0.587782
         0.5315       0.587723
         0.5316       0.587664
         0.5317       0.587605
         0.5318       0.587546
         0.5319       0.587488
          0.532       0.587429
         0.5321        0.58737
         0.5322       0.587311
         0.5323       0.587253
         0.5324       0.587194
         0.5325       0.587135
         0.5326       0.587077
         0.5327       0.587018
         0.5328       0.586959
         0.5329       0.586901
          0.533       0.586842
         0.5331       0.586783
         0.5332       0.586724
         0.5333       0.586666
         0.5334       0.586607
         0.5335       0.586548
         0.5336        0.58649
         0.5337       0.586431
         0.5338       0.586373
         0.5339       0.586314
          0.534       0.586255
         0.5341       0.586197
         0.5342       0.586138
         0.5343       0.586079
         0.5344       0.586021
         0.5345       0.585962
         0.5346       0.585904
         0.5347       0.585845
         0.5348       0.585786
         0.5349       0.585728
          0.535       0.585669
         0.5351       0.585611
         0.5352       0.585552
         0.5353       0.585494
         0.5354       0.585435
         0.5355       0.585377
         0.5356       0.585318
         0.5357       0.585259
         0.5358       0.585201
         0.5359       0.585142
          0.536       0.585084
         0.5361       0.585025
         0.5362       0.584967
         0.5363       0.584908
         0.5364        0.58485
         0.5365       0.584791
         0.5366       0.584733
         0.5367       0.584675
         0.5368       0.584616
         0.5369       0.584558
          0.537       0.584499
         0.5371       0.584441
         0.5372       0.584382
         0.5373       0.584324
         0.5374       0.584265
         0.5375       0.584207
         0.5376       0.584149
         0.5377        0.58409
         0.5378       0.584032
         0.5379       0.583973
          0.538       0.583915
         0.5381       0.583857
         0.5382       0.583798
         0.5383        0.58374
         0.5384       0.583681
         0.5385       0.583623
         0.5386       0.583565
         0.5387       0.583506
         0.5388       0.583448
         0.5389        0.58339
          0.539       0.583331
         0.5391       0.583273
         0.5392       0.583215
         0.5393       0.583156
         0.5394       0.583098
         0.5395        0.58304
         0.5396       0.582981
         0.5397       0.582923
         0.5398       0.582865
         0.5399       0.582807
           0.54       0.582748
         0.5401        0.58269
         0.5402       0.582632
         0.5403       0.582573
         0.5404       0.582515
         0.5405       0.582457
         0.5406       0.582399
         0.5407       0.582341
         0.5408       0.582282
         0.5409       0.582224
          0.541       0.582166
         0.5411       0.582108
         0.5412       0.582049
         0.5413       0.581991
         0.5414       0.581933
         0.5415       0.581875
         0.5416       0.581817
         0.5417       0.581758
         0.5418         0.5817
         0.5419       0.581642
          0.542       0.581584
         0.5421       0.581526
         0.5422       0.581468
         0.5423        0.58141
         0.5424       0.581351
         0.5425       0.581293
         0.5426       0.581235
         0.5427       0.581177
         0.5428       0.581119
         0.5429       0.581061
          0.543       0.581003
         0.5431       0.580945
         0.5432       0.580886
         0.5433       0.580828
         0.5434        0.58077
         0.5435       0.580712
         0.5436       0.580654
         0.5437       0.580596
         0.5438       0.580538
         0.5439        0.58048
          0.544       0.580422
         0.5441       0.580364
         0.5442       0.580306
         0.5443       0.580248
         0.5444        0.58019
         0.5445       0.580132
         0.5446       0.580074
         0.5447       0.580016
         0.5448       0.579958
         0.5449         0.5799
          0.545       0.579842
         0.5451       0.579784
         0.5452       0.579726
         0.5453       0.579668
         0.5454        0.57961
         0.5455       0.579552
         0.5456       0.579494
         0.5457       0.579436
         0.5458       0.579378
         0.5459        0.57932
          0.546       0.579262
         0.5461       0.579204
         0.5462       0.579146
         0.5463       0.579089
         0.5464       0.579031
         0.5465       0.578973
         0.5466       0.578915
         0.5467       0.578857
         0.5468       0.578799
         0.5469       0.578741
          0.547       0.578683
         0.5471       0.578625
         0.5472       0.578568
         0.5473        0.57851
         0.5474       0.578452
         0.5475       0.578394
         0.5476       0.578336
         0.5477       0.578278
         0.5478       0.578221
         0.5479       0.578163
          0.548       0.578105
         0.5481       0.578047
         0.5482       0.577989
         0.5483       0.577931
         0.5484       0.577874
         0.5485       0.577816
         0.5486       0.577758
         0.5487         0.5777
         0.5488       0.577643
         0.5489       0.577585
          0.549       0.577527
         0.5491       0.577469
         0.5492       0.577412
         0.5493       0.577354
         0.5494       0.577296
         0.5495       0.577238
         0.5496       0.577181
         0.5497       0.577123
         0.5498       0.577065
         0.5499       0.577008
           0.55        0.57695
         0.5501       0.576892
         0.5502       0.576834
         0.5503       0.576777
         0.5504       0.576719
         0.5505       0.576661
         0.5506       0.576604
         0.5507       0.576546
         0.5508       0.576488
         0.5509       0.576431
          0.551       0.576373
         0.5511       0.576316
         0.5512       0.576258
         0.5513         0.5762
         0.5514       0.576143
         0.5515       0.576085
         0.5516       0.576027
         0.5517        0.57597
         0.5518       0.575912
         0.5519       0.575855
          0.552       0.575797
         0.5521        0.57574
         0.5522       0.575682
         0.5523       0.575624
         0.5524       0.575567
         0.5525       0.575509
         0.5526       0.575452
         0.5527       0.575394
         0.5528       0.575337
         0.5529       0.575279
          0.553       0.575222
         0.5531       0.575164
         0.5532       0.575107
         0.5533       0.575049
         0.5534       0.574992
         0.5535       0.574934
         0.5536       0.574877
         0.5537       0.574819
         0.5538       0.574762
         0.5539       0.574704
          0.554       0.574647
         0.5541       0.574589
         0.5542       0.574532
         0.5543       0.574474
         0.5544       0.574417
         0.5545       0.574359
         0.5546       0.574302
         0.5547       0.574245
         0.5548       0.574187
         0.5549        0.57413
          0.555       0.574072
         0.5551       0.574015
         0.5552       0.573957
         0.5553         0.5739
         0.5554       0.573843
         0.5555       0.573785
         0.5556       0.573728
         0.5557       0.573671
         0.5558       0.573613
         0.5559       0.573556
          0.556       0.573499
         0.5561       0.573441
         0.5562       0.573384
         0.5563       0.573326
         0.5564       0.573269
         0.5565       0.573212
         0.5566       0.573155
         0.5567       0.573097
         0.5568        0.57304
         0.5569       0.572983
          0.557       0.572925
         0.5571       0.572868
         0.5572       0.572811
         0.5573       0.572753
         0.5574       0.572696
         0.5575       0.572639
         0.5576       0.572582
         0.5577       0.572524
         0.5578       0.572467
         0.5579        0.57241
          0.558       0.572353
         0.5581       0.572295
         0.5582       0.572238
         0.5583       0.572181
         0.5584       0.572124
         0.5585       0.572067
         0.5586       0.572009
         0.5587       0.571952
         0.5588       0.571895
         0.5589       0.571838
          0.559       0.571781
         0.5591       0.571723
         0.5592       0.571666
         0.5593       0.571609
         0.5594       0.571552
         0.5595       0.571495
         0.5596       0.571438
         0.5597        0.57138
         0.5598       0.571323
         0.5599       0.571266
           0.56       0.571209
         0.5601       0.571152
         0.5602       0.571095
         0.5603       0.571038
         0.5604       0.570981
         0.5605       0.570924
         0.5606       0.570866
         0.5607       0.570809
         0.5608       0.570752
         0.5609       0.570695
          0.561       0.570638
         0.5611       0.570581
         0.5612       0.570524
         0.5613       0.570467
         0.5614        0.57041
         0.5615       0.570353
         0.5616       0.570296
         0.5617       0.570239
         0.5618       0.570182
         0.5619       0.570125
          0.562       0.570068
         0.5621       0.570011
         0.5622       0.569954
         0.5623       0.569897
         0.5624        0.56984
         0.5625       0.569783
         0.5626       0.569726
         0.5627       0.569669
         0.5628       0.569612
         0.5629       0.569555
          0.563       0.569498
         0.5631       0.569441
         0.5632       0.569384
         0.5633       0.569327
         0.5634        0.56927
         0.5635       0.569213
         0.5636       0.569156
         0.5637         0.5691
         0.5638       0.569043
         0.5639       0.568986
          0.564       0.568929
         0.5641       0.568872
         0.5642       0.568815
         0.5643       0.568758
         0.5644       0.568701
         0.5645       0.568644
         0.5646       0.568588
         0.5647       0.568531
         0.5648       0.568474
         0.5649       0.568417
          0.565        0.56836
         0.5651       0.568303
         0.5652       0.568247
         0.5653        0.56819
         0.5654       0.568133
         0.5655       0.568076
         0.5656       0.568019
         0.5657       0.567962
         0.5658       0.567906
         0.5659       0.567849
          0.566       0.567792
         0.5661       0.567735
         0.5662       0.567679
         0.5663       0.567622
         0.5664       0.567565
         0.5665       0.567508
         0.5666       0.567452
         0.5667       0.567395
         0.5668       0.567338
         0.5669       0.567281
          0.567       0.567225
         0.5671       0.567168
         0.5672       0.567111
         0.5673       0.567054
         0.5674       0.566998
         0.5675       0.566941
         0.5676       0.566884
         0.5677       0.566828
         0.5678       0.566771
         0.5679       0.566714
          0.568       0.566658
         0.5681       0.566601
         0.5682       0.566544
         0.5683       0.566488
         0.5684       0.566431
         0.5685       0.566374
         0.5686       0.566318
         0.5687       0.566261
         0.5688       0.566205
         0.5689       0.566148
          0.569       0.566091
         0.5691       0.566035
         0.5692       0.565978
         0.5693       0.565921
         0.5694       0.565865
         0.5695       0.565808
         0.5696       0.565752
         0.5697       0.565695
         0.5698       0.565639
         0.5699       0.565582
           0.57       0.565525
         0.5701       0.565469
         0.5702       0.565412
         0.5703       0.565356
         0.5704       0.565299
         0.5705       0.565243
         0.5706       0.565186
         0.5707        0.56513
         0.5708       0.565073
         0.5709       0.565017
          0.571        0.56496
         0.5711       0.564904
         0.5712       0.564847
         0.5713       0.564791
         0.5714       0.564734
         0.5715       0.564678
         0.5716       0.564621
         0.5717       0.564565
         0.5718       0.564508
         0.5719       0.564452
          0.572       0.564396
         0.5721       0.564339
         0.5722       0.564283
         0.5723       0.564226
         0.5724        0.56417
         0.5725       0.564113
         0.5726       0.564057
         0.5727       0.564001
         0.5728       0.563944
         0.5729       0.563888
          0.573       0.563831
         0.5731       0.563775
         0.5732       0.563719
         0.5733       0.563662
         0.5734       0.563606
         0.5735        0.56355
         0.5736       0.563493
         0.5737       0.563437
         0.5738       0.563381
         0.5739       0.563324
          0.574       0.563268
         0.5741       0.563212
         0.5742       0.563155
         0.5743       0.563099
         0.5744       0.563043
         0.5745       0.562986
         0.5746        0.56293
         0.5747       0.562874
         0.5748       0.562817
         0.5749       0.562761
          0.575       0.562705
         0.5751       0.562649
         0.5752       0.562592
         0.5753       0.562536
         0.5754        0.56248
         0.5755       0.562424
         0.5756       0.562367
         0.5757       0.562311
         0.5758       0.562255
         0.5759       0.562199
          0.576       0.562142
         0.5761       0.562086
         0.5762        0.56203
         0.5763       0.561974
         0.5764       0.561918
         0.5765       0.561861
         0.5766       0.561805
         0.5767       0.561749
         0.5768       0.561693
         0.5769       0.561637
          0.577       0.561581
         0.5771       0.561524
         0.5772       0.561468
         0.5773       0.561412
         0.5774       0.561356
         0.5775         0.5613
         0.5776       0.561244
         0.5777       0.561188
         0.5778       0.561132
         0.5779       0.561075
          0.578       0.561019
         0.5781       0.560963
         0.5782       0.560907
         0.5783       0.560851
         0.5784       0.560795
         0.5785       0.560739
         0.5786       0.560683
         0.5787       0.560627
         0.5788       0.560571
         0.5789       0.560515
          0.579       0.560459
         0.5791       0.560403
         0.5792       0.560346
         0.5793        0.56029
         0.5794       0.560234
         0.5795       0.560178
         0.5796       0.560122
         0.5797       0.560066
         0.5798        0.56001
         0.5799       0.559954
           0.58       0.559898
         0.5801       0.559842
         0.5802       0.559786
         0.5803        0.55973
         0.5804       0.559674
         0.5805       0.559619
         0.5806       0.559563
         0.5807       0.559507
         0.5808       0.559451
         0.5809       0.559395
          0.581       0.559339
         0.5811       0.559283
         0.5812       0.559227
         0.5813       0.559171
         0.5814       0.559115
         0.5815       0.559059
         0.5816       0.559003
         0.5817       0.558947
         0.5818       0.558891
         0.5819       0.558836
          0.582        0.55878
         0.5821       0.558724
         0.5822       0.558668
         0.5823       0.558612
         0.5824       0.558556
         0.5825         0.5585
         0.5826       0.558445
         0.5827       0.558389
         0.5828       0.558333
         0.5829       0.558277
          0.583       0.558221
         0.5831       0.558165
         0.5832        0.55811
         0.5833       0.558054
         0.5834       0.557998
         0.5835       0.557942
         0.5836       0.557886
         0.5837       0.557831
         0.5838       0.557775
         0.5839       0.557719
          0.584       0.557663
         0.5841       0.557608
         0.5842       0.557552
         0.5843       0.557496
         0.5844        0.55744
         0.5845       0.557385
         0.5846       0.557329
         0.5847       0.557273
         0.5848       0.557217
         0.5849       0.557162
          0.585       0.557106
         0.5851        0.55705
         0.5852       0.556994
         0.5853       0.556939
         0.5854       0.556883
         0.5855       0.556827
         0.5856       0.556772
         0.5857       0.556716
         0.5858        0.55666
         0.5859       0.556605
          0.586       0.556549
         0.5861       0.556493
         0.5862       0.556438
         0.5863       0.556382
         0.5864       0.556326
         0.5865       0.556271
         0.5866       0.556215
         0.5867        0.55616
         0.5868       0.556104
         0.5869       0.556048
          0.587       0.555993
         0.5871       0.555937
         0.5872       0.555882
         0.5873       0.555826
         0.5874        0.55577
         0.5875       0.555715
         0.5876       0.555659
         0.5877       0.555604
         0.5878       0.555548
         0.5879       0.555493
          0.588       0.555437
         0.5881       0.555382
         0.5882       0.555326
         0.5883        0.55527
         0.5884       0.555215
         0.5885       0.555159
         0.5886       0.555104
         0.5887       0.555048
         0.5888       0.554993
         0.5889       0.554937
          0.589       0.554882
         0.5891       0.554826
         0.5892       0.554771
         0.5893       0.554715
         0.5894        0.55466
         0.5895       0.554605
         0.5896       0.554549
         0.5897       0.554494
         0.5898       0.554438
         0.5899       0.554383
           0.59       0.554327
         0.5901       0.554272
         0.5902       0.554216
         0.5903       0.554161
         0.5904       0.554106
         0.5905        0.55405
         0.5906       0.553995
         0.5907       0.553939
         0.5908       0.553884
         0.5909       0.553829
          0.591       0.553773
         0.5911       0.553718
         0.5912       0.553663
         0.5913       0.553607
         0.5914       0.553552
         0.5915       0.553496
         0.5916       0.553441
         0.5917       0.553386
         0.5918        0.55333
         0.5919       0.553275
          0.592        0.55322
         0.5921       0.553164
         0.5922       0.553109
         0.5923       0.553054
         0.5924       0.552999
         0.5925       0.552943
         0.5926       0.552888
         0.5927       0.552833
         0.5928       0.552777
         0.5929       0.552722
          0.593       0.552667
         0.5931       0.552612
         0.5932       0.552556
         0.5933       0.552501
         0.5934       0.552446
         0.5935       0.552391
         0.5936       0.552335
         0.5937        0.55228
         0.5938       0.552225
         0.5939        0.55217
          0.594       0.552114
         0.5941       0.552059
         0.5942       0.552004
         0.5943       0.551949
         0.5944       0.551894
         0.5945       0.551838
         0.5946       0.551783
         0.5947       0.551728
         0.5948       0.551673
         0.5949       0.551618
          0.595       0.551563
         0.5951       0.551507
         0.5952       0.551452
         0.5953       0.551397
         0.5954       0.551342
         0.5955       0.551287
         0.5956       0.551232
         0.5957       0.551177
         0.5958       0.551122
         0.5959       0.551066
          0.596       0.551011
         0.5961       0.550956
         0.5962       0.550901
         0.5963       0.550846
         0.5964       0.550791
         0.5965       0.550736
         0.5966       0.550681
         0.5967       0.550626
         0.5968       0.550571
         0.5969       0.550516
          0.597       0.550461
         0.5971       0.550406
         0.5972        0.55035
         0.5973       0.550295
         0.5974        0.55024
         0.5975       0.550185
         0.5976        0.55013
         0.5977       0.550075
         0.5978        0.55002
         0.5979       0.549965
          0.598        0.54991
         0.5981       0.549855
         0.5982         0.5498
         0.5983       0.549745
         0.5984        0.54969
         0.5985       0.549635
         0.5986       0.549581
         0.5987       0.549526
         0.5988       0.549471
         0.5989       0.549416
          0.599       0.549361
         0.5991       0.549306
         0.5992       0.549251
         0.5993       0.549196
         0.5994       0.549141
         0.5995       0.549086
         0.5996       0.549031
         0.5997       0.548976
         0.5998       0.548921
         0.5999       0.548867
            0.6       0.548812
         0.6001       0.548757
         0.6002       0.548702
         0.6003       0.548647
         0.6004       0.548592
         0.6005       0.548537
         0.6006       0.548482
         0.6007       0.548428
         0.6008       0.548373
         0.6009       0.548318
          0.601       0.548263
         0.6011       0.548208
         0.6012       0.548153
         0.6013       0.548099
         0.6014       0.548044
         0.6015       0.547989
         0.6016       0.547934
         0.6017       0.547879
         0.6018       0.547825
         0.6019        0.54777
          0.602       0.547715
         0.6021        0.54766
         0.6022       0.547606
         0.6023       0.547551
         0.6024       0.547496
         0.6025       0.547441
         0.6026       0.547387
         0.6027       0.547332
         0.6028       0.547277
         0.6029       0.547222
          0.603       0.547168
         0.6031       0.547113
         0.6032       0.547058
         0.6033       0.547004
         0.6034       0.546949
         0.6035       0.546894
         0.6036       0.546839
         0.6037       0.546785
         0.6038        0.54673
         0.6039       0.546675
          0.604       0.546621
         0.6041       0.546566
         0.6042       0.546511
         0.6043       0.546457
         0.6044       0.546402
         0.6045       0.546348
         0.6046       0.546293
         0.6047       0.546238
         0.6048       0.546184
         0.6049       0.546129
          0.605       0.546074
         0.6051        0.54602
         0.6052       0.545965
         0.6053       0.545911
         0.6054       0.545856
         0.6055       0.545801
         0.6056       0.545747
         0.6057       0.545692
         0.6058       0.545638
         0.6059       0.545583
          0.606       0.545529
         0.6061       0.545474
         0.6062        0.54542
         0.6063       0.545365
         0.6064        0.54531
         0.6065       0.545256
         0.6066       0.545201
         0.6067       0.545147
         0.6068       0.545092
         0.6069       0.545038
          0.607       0.544983
         0.6071       0.544929
         0.6072       0.544874
         0.6073        0.54482
         0.6074       0.544765
         0.6075       0.544711
         0.6076       0.544657
         0.6077       0.544602
         0.6078       0.544548
         0.6079       0.544493
          0.608       0.544439
         0.6081       0.544384
         0.6082        0.54433
         0.6083       0.544275
         0.6084       0.544221
         0.6085       0.544167
         0.6086       0.544112
         0.6087       0.544058
         0.6088       0.544003
         0.6089       0.543949
          0.609       0.543895
         0.6091        0.54384
         0.6092       0.543786
         0.6093       0.543731
         0.6094       0.543677
         0.6095       0.543623
         0.6096       0.543568
         0.6097       0.543514
         0.6098        0.54346
         0.6099       0.543405
           0.61       0.543351
         0.6101       0.543297
         0.6102       0.543242
         0.6103       0.543188
         0.6104       0.543134
         0.6105       0.543079
         0.6106       0.543025
         0.6107       0.542971
         0.6108       0.542916
         0.6109       0.542862
          0.611       0.542808
         0.6111       0.542754
         0.6112       0.542699
         0.6113       0.542645
         0.6114       0.542591
         0.6115       0.542536
         0.6116       0.542482
         0.6117       0.542428
         0.6118       0.542374
         0.6119        0.54232
          0.612       0.542265
         0.6121       0.542211
         0.6122       0.542157
         0.6123       0.542103
         0.6124       0.542048
         0.6125       0.541994
         0.6126        0.54194
         0.6127       0.541886
         0.6128       0.541832
         0.6129       0.541777
          0.613       0.541723
         0.6131       0.541669
         0.6132       0.541615
         0.6133       0.541561
         0.6134       0.541507
         0.6135       0.541452
         0.6136       0.541398
         0.6137       0.541344
         0.6138        0.54129
         0.6139       0.541236
          0.614       0.541182
         0.6141       0.541128
         0.6142       0.541074
         0.6143        0.54102
         0.6144       0.540965
         0.6145       0.540911
         0.6146       0.540857
         0.6147       0.540803
         0.6148       0.540749
         0.6149       0.540695
          0.615       0.540641
         0.6151       0.540587
         0.6152       0.540533
         0.6153       0.540479
         0.6154       0.540425
         0.6155       0.540371
         0.6156       0.540317
         0.6157       0.540263
         0.6158       0.540209
         0.6159       0.540155
          0.616       0.540101
         0.6161       0.540047
         0.6162       0.539993
         0.6163       0.539939
         0.6164       0.539885
         0.6165       0.539831
         0.6166       0.539777
         0.6167       0.539723
         0.6168       0.539669
         0.6169       0.539615
          0.617       0.539561
         0.6171       0.539507
         0.6172       0.539453
         0.6173       0.539399
         0.6174       0.539345
         0.6175       0.539291
         0.6176       0.539237
         0.6177       0.539183
         0.6178       0.539129
         0.6179       0.539075
          0.618       0.539021
         0.6181       0.538968
         0.6182       0.538914
         0.6183        0.53886
         0.6184       0.538806
         0.6185       0.538752
         0.6186       0.538698
         0.6187       0.538644
         0.6188        0.53859
         0.6189       0.538537
          0.619       0.538483
         0.6191       0.538429
         0.6192       0.538375
         0.6193       0.538321
         0.6194       0.538267
         0.6195       0.538214
         0.6196        0.53816
         0.6197       0.538106
         0.6198       0.538052
         0.6199       0.537998
           0.62       0.537944
         0.6201       0.537891
         0.6202       0.537837
         0.6203       0.537783
         0.6204       0.537729
         0.6205       0.537676
         0.6206       0.537622
         0.6207       0.537568
         0.6208       0.537514
         0.6209       0.537461
          0.621       0.537407
         0.6211       0.537353
         0.6212       0.537299
         0.6213       0.537246
         0.6214       0.537192
         0.6215       0.537138
         0.6216       0.537084
         0.6217       0.537031
         0.6218       0.536977
         0.6219       0.536923
          0.622        0.53687
         0.6221       0.536816
         0.6222       0.536762
         0.6223       0.536709
         0.6224       0.536655
         0.6225       0.536601
         0.6226       0.536548
         0.6227       0.536494
         0.6228        0.53644
         0.6229       0.536387
          0.623       0.536333
         0.6231       0.536279
         0.6232       0.536226
         0.6233       0.536172
         0.6234       0.536119
         0.6235       0.536065
         0.6236       0.536011
         0.6237       0.535958
         0.6238       0.535904
         0.6239       0.535851
          0.624       0.535797
         0.6241       0.535743
         0.6242        0.53569
         0.6243       0.535636
         0.6244       0.535583
         0.6245       0.535529
         0.6246       0.535476
         0.6247       0.535422
         0.6248       0.535369
         0.6249       0.535315
          0.625       0.535261
         0.6251       0.535208
         0.6252       0.535154
         0.6253       0.535101
         0.6254       0.535047
         0.6255       0.534994
         0.6256        0.53494
         0.6257       0.534887
         0.6258       0.534833
         0.6259        0.53478
          0.626       0.534726
         0.6261       0.534673
         0.6262        0.53462
         0.6263       0.534566
         0.6264       0.534513
         0.6265       0.534459
         0.6266       0.534406
         0.6267       0.534352
         0.6268       0.534299
         0.6269       0.534245
          0.627       0.534192
         0.6271       0.534139
         0.6272       0.534085
         0.6273       0.534032
         0.6274       0.533978
         0.6275       0.533925
         0.6276       0.533872
         0.6277       0.533818
         0.6278       0.533765
         0.6279       0.533711
          0.628       0.533658
         0.6281       0.533605
         0.6282       0.533551
         0.6283       0.533498
         0.6284       0.533445
         0.6285       0.533391
         0.6286       0.533338
         0.6287       0.533285
         0.6288       0.533231
         0.6289       0.533178
          0.629       0.533125
         0.6291       0.533071
         0.6292       0.533018
         0.6293       0.532965
         0.6294       0.532911
         0.6295       0.532858
         0.6296       0.532805
         0.6297       0.532752
         0.6298       0.532698
         0.6299       0.532645
           0.63       0.532592
         0.6301       0.532539
         0.6302       0.532485
         0.6303       0.532432
         0.6304       0.532379
         0.6305       0.532326
         0.6306       0.532272
         0.6307       0.532219
         0.6308       0.532166
         0.6309       0.532113
          0.631        0.53206
         0.6311       0.532006
         0.6312       0.531953
         0.6313         0.5319
         0.6314       0.531847
         0.6315       0.531794
         0.6316        0.53174
         0.6317       0.531687
         0.6318       0.531634
         0.6319       0.531581
          0.632       0.531528
         0.6321       0.531475
         0.6322       0.531421
         0.6323       0.531368
         0.6324       0.531315
         0.6325       0.531262
         0.6326       0.531209
         0.6327       0.531156
         0.6328       0.531103
         0.6329        0.53105
          0.633       0.530996
         0.6331       0.530943
         0.6332        0.53089
         0.6333       0.530837
         0.6334       0.530784
         0.6335       0.530731
         0.6336       0.530678
         0.6337       0.530625
         0.6338       0.530572
         0.6339       0.530519
          0.634       0.530466
         0.6341       0.530413
         0.6342        0.53036
         0.6343       0.530307
         0.6344       0.530254
         0.6345       0.530201
         0.6346       0.530148
         0.6347       0.530095
         0.6348       0.530042
         0.6349       0.529989
          0.635       0.529936
         0.6351       0.529883
         0.6352        0.52983
         0.6353       0.529777
         0.6354       0.529724
         0.6355       0.529671
         0.6356       0.529618
         0.6357       0.529565
         0.6358       0.529512
         0.6359       0.529459
          0.636       0.529406
         0.6361       0.529353
         0.6362         0.5293
         0.6363       0.529247
         0.6364       0.529194
         0.6365       0.529141
         0.6366       0.529088
         0.6367       0.529035
         0.6368       0.528982
         0.6369        0.52893
          0.637       0.528877
         0.6371       0.528824
         0.6372       0.528771
         0.6373       0.528718
         0.6374       0.528665
         0.6375       0.528612
         0.6376       0.528559
         0.6377       0.528507
         0.6378       0.528454
         0.6379       0.528401
          0.638       0.528348
         0.6381       0.528295
         0.6382       0.528242
         0.6383        0.52819
         0.6384       0.528137
         0.6385       0.528084
         0.6386       0.528031
         0.6387       0.527978
         0.6388       0.527926
         0.6389       0.527873
          0.639        0.52782
         0.6391       0.527767
         0.6392       0.527714
         0.6393       0.527662
         0.6394       0.527609
         0.6395       0.527556
         0.6396       0.527503
         0.6397       0.527451
         0.6398       0.527398
         0.6399       0.527345
           0.64       0.527292
         0.6401        0.52724
         0.6402       0.527187
         0.6403       0.527134
         0.6404       0.527082
         0.6405       0.527029
         0.6406       0.526976
         0.6407       0.526923
         0.6408       0.526871
         0.6409       0.526818
          0.641       0.526765
         0.6411       0.526713
         0.6412        0.52666
         0.6413       0.526607
         0.6414       0.526555
         0.6415       0.526502
         0.6416       0.526449
         0.6417       0.526397
         0.6418       0.526344
         0.6419       0.526292
          0.642       0.526239
         0.6421       0.526186
         0.6422       0.526134
         0.6423       0.526081
         0.6424       0.526028
         0.6425       0.525976
         0.6426       0.525923
         0.6427       0.525871
         0.6428       0.525818
         0.6429       0.525766
          0.643       0.525713
         0.6431        0.52566
         0.6432       0.525608
         0.6433       0.525555
         0.6434       0.525503
         0.6435        0.52545
         0.6436       0.525398
         0.6437       0.525345
         0.6438       0.525293
         0.6439        0.52524
          0.644       0.525187
         0.6441       0.525135
         0.6442       0.525082
         0.6443        0.52503
         0.6444       0.524977
         0.6445       0.524925
         0.6446       0.524872
         0.6447        0.52482
         0.6448       0.524768
         0.6449       0.524715
          0.645       0.524663
         0.6451        0.52461
         0.6452       0.524558
         0.6453       0.524505
         0.6454       0.524453
         0.6455         0.5244
         0.6456       0.524348
         0.6457       0.524295
         0.6458       0.524243
         0.6459       0.524191
          0.646       0.524138
         0.6461       0.524086
         0.6462       0.524033
         0.6463       0.523981
         0.6464       0.523929
         0.6465       0.523876
         0.6466       0.523824
         0.6467       0.523771
         0.6468       0.523719
         0.6469       0.523667
          0.647       0.523614
         0.6471       0.523562
         0.6472        0.52351
         0.6473       0.523457
         0.6474       0.523405
         0.6475       0.523353
         0.6476         0.5233
         0.6477       0.523248
         0.6478       0.523196
         0.6479       0.523143
          0.648       0.523091
         0.6481       0.523039
         0.6482       0.522986
         0.6483       0.522934
         0.6484       0.522882
         0.6485       0.522829
         0.6486       0.522777
         0.6487       0.522725
         0.6488       0.522673
         0.6489        0.52262
          0.649       0.522568
         0.6491       0.522516
         0.6492       0.522464
         0.6493       0.522411
         0.6494       0.522359
         0.6495       0.522307
         0.6496       0.522255
         0.6497       0.522202
         0.6498        0.52215
         0.6499       0.522098
           0.65       0.522046
         0.6501       0.521994
         0.6502       0.521941
         0.6503       0.521889
         0.6504       0.521837
         0.6505       0.521785
         0.6506       0.521733
         0.6507        0.52168
         0.6508       0.521628
         0.6509       0.521576
          0.651       0.521524
         0.6511       0.521472
         0.6512        0.52142
         0.6513       0.521368
         0.6514       0.521315
         0.6515       0.521263
         0.6516       0.521211
         0.6517       0.521159
         0.6518       0.521107
         0.6519       0.521055
          0.652       0.521003
         0.6521       0.520951
         0.6522       0.520899
         0.6523       0.520846
         0.6524       0.520794
         0.6525       0.520742
         0.6526        0.52069
         0.6527       0.520638
         0.6528       0.520586
         0.6529       0.520534
          0.653       0.520482
         0.6531        0.52043
         0.6532       0.520378
         0.6533       0.520326
         0.6534       0.520274
         0.6535       0.520222
         0.6536        0.52017
         0.6537       0.520118
         0.6538       0.520066
         0.6539       0.520014
          0.654       0.519962
         0.6541        0.51991
         0.6542       0.519858
         0.6543       0.519806
         0.6544       0.519754
         0.6545       0.519702
         0.6546        0.51965
         0.6547       0.519598
         0.6548       0.519546
         0.6549       0.519494
          0.655       0.519442
         0.6551        0.51939
         0.6552       0.519338
         0.6553       0.519286
         0.6554       0.519234
         0.6555       0.519182
         0.6556       0.519131
         0.6557       0.519079
         0.6558       0.519027
         0.6559       0.518975
          0.656       0.518923
         0.6561       0.518871
         0.6562       0.518819
         0.6563       0.518767
         0.6564       0.518715
         0.6565       0.518664
         0.6566       0.518612
         0.6567        0.51856
         0.6568       0.518508
         0.6569       0.518456
          0.657       0.518404
         0.6571       0.518352
         0.6572       0.518301
         0.6573       0.518249
         0.6574       0.518197
         0.6575       0.518145
         0.6576       0.518093
         0.6577       0.518041
         0.6578        0.51799
         0.6579       0.517938
          0.658       0.517886
         0.6581       0.517834
         0.6582       0.517783
         0.6583       0.517731
         0.6584       0.517679
         0.6585       0.517627
         0.6586       0.517575
         0.6587       0.517524
         0.6588       0.517472
         0.6589        0.51742
          0.659       0.517368
         0.6591       0.517317
         0.6592       0.517265
         0.6593       0.517213
         0.6594       0.517162
         0.6595        0.51711
         0.6596       0.517058
         0.6597       0.517006
         0.6598       0.516955
         0.6599       0.516903
           0.66       0.516851
         0.6601         0.5168
         0.6602       0.516748
         0.6603       0.516696
         0.6604       0.516645
         0.6605       0.516593
         0.6606       0.516541
         0.6607        0.51649
         0.6608       0.516438
         0.6609       0.516386
          0.661       0.516335
         0.6611       0.516283
         0.6612       0.516232
         0.6613        0.51618
         0.6614       0.516128
         0.6615       0.516077
         0.6616       0.516025
         0.6617       0.515973
         0.6618       0.515922
         0.6619        0.51587
          0.662       0.515819
         0.6621       0.515767
         0.6622       0.515716
         0.6623       0.515664
         0.6624       0.515612
         0.6625       0.515561
         0.6626       0.515509
         0.6627       0.515458
         0.6628       0.515406
         0.6629       0.515355
          0.663       0.515303
         0.6631       0.515252
         0.6632         0.5152
         0.6633       0.515149
         0.6634       0.515097
         0.6635       0.515046
         0.6636       0.514994
         0.6637       0.514943
         0.6638       0.514891
         0.6639        0.51484
          0.664       0.514788
         0.6641       0.514737
         0.6642       0.514685
         0.6643       0.514634
         0.6644       0.514582
         0.6645       0.514531
         0.6646       0.514479
         0.6647       0.514428
         0.6648       0.514376
         0.6649       0.514325
          0.665       0.514274
         0.6651       0.514222
         0.6652       0.514171
         0.6653       0.514119
         0.6654       0.514068
         0.6655       0.514016
         0.6656       0.513965
         0.6657       0.513914
         0.6658       0.513862
         0.6659       0.513811
          0.666        0.51376
         0.6661       0.513708
         0.6662       0.513657
         0.6663       0.513605
         0.6664       0.513554
         0.6665       0.513503
         0.6666       0.513451
         0.6667         0.5134
         0.6668       0.513349
         0.6669       0.513297
          0.667       0.513246
         0.6671       0.513195
         0.6672       0.513143
         0.6673       0.513092
         0.6674       0.513041
         0.6675       0.512989
         0.6676       0.512938
         0.6677       0.512887
         0.6678       0.512836
         0.6679       0.512784
          0.668       0.512733
         0.6681       0.512682
         0.6682       0.512631
         0.6683       0.512579
         0.6684       0.512528
         0.6685       0.512477
         0.6686       0.512425
         0.6687       0.512374
         0.6688       0.512323
         0.6689       0.512272
          0.669       0.512221
         0.6691       0.512169
         0.6692       0.512118
         0.6693       0.512067
         0.6694       0.512016
         0.6695       0.511965
         0.6696       0.511913
         0.6697       0.511862
         0.6698       0.511811
         0.6699        0.51176
           0.67       0.511709
         0.6701       0.511657
         0.6702       0.511606
         0.6703       0.511555
         0.6704       0.511504
         0.6705       0.511453
         0.6706       0.511402
         0.6707       0.511351
         0.6708       0.511299
         0.6709       0.511248
          0.671       0.511197
         0.6711       0.511146
         0.6712       0.511095
         0.6713       0.511044
         0.6714       0.510993
         0.6715       0.510942
         0.6716       0.510891
         0.6717       0.510839
         0.6718       0.510788
         0.6719       0.510737
          0.672       0.510686
         0.6721       0.510635
         0.6722       0.510584
         0.6723       0.510533
         0.6724       0.510482
         0.6725       0.510431
         0.6726        0.51038
         0.6727       0.510329
         0.6728       0.510278
         0.6729       0.510227
          0.673       0.510176
         0.6731       0.510125
         0.6732       0.510074
         0.6733       0.510023
         0.6734       0.509972
         0.6735       0.509921
         0.6736        0.50987
         0.6737       0.509819
         0.6738       0.509768
         0.6739       0.509717
          0.674       0.509666
         0.6741       0.509615
         0.6742       0.509564
         0.6743       0.509513
         0.6744       0.509462
         0.6745       0.509411
         0.6746        0.50936
         0.6747       0.509309
         0.6748       0.509258
         0.6749       0.509207
          0.675       0.509156
         0.6751       0.509106
         0.6752       0.509055
         0.6753       0.509004
         0.6754       0.508953
         0.6755       0.508902
         0.6756       0.508851
         0.6757         0.5088
         0.6758       0.508749
         0.6759       0.508698
          0.676       0.508648
         0.6761       0.508597
         0.6762       0.508546
         0.6763       0.508495
         0.6764       0.508444
         0.6765       0.508393
         0.6766       0.508342
         0.6767       0.508292
         0.6768       0.508241
         0.6769        0.50819
          0.677       0.508139
         0.6771       0.508088
         0.6772       0.508038
         0.6773       0.507987
         0.6774       0.507936
         0.6775       0.507885
         0.6776       0.507834
         0.6777       0.507784
         0.6778       0.507733
         0.6779       0.507682
          0.678       0.507631
         0.6781       0.507581
         0.6782        0.50753
         0.6783       0.507479
         0.6784       0.507428
         0.6785       0.507378
         0.6786       0.507327
         0.6787       0.507276
         0.6788       0.507225
         0.6789       0.507175
          0.679       0.507124
         0.6791       0.507073
         0.6792       0.507022
         0.6793       0.506972
         0.6794       0.506921
         0.6795        0.50687
         0.6796        0.50682
         0.6797       0.506769
         0.6798       0.506718
         0.6799       0.506668
           0.68       0.506617
         0.6801       0.506566
         0.6802       0.506516
         0.6803       0.506465
         0.6804       0.506414
         0.6805       0.506364
         0.6806       0.506313
         0.6807       0.506263
         0.6808       0.506212
         0.6809       0.506161
          0.681       0.506111
         0.6811        0.50606
         0.6812       0.506009
         0.6813       0.505959
         0.6814       0.505908
         0.6815       0.505858
         0.6816       0.505807
         0.6817       0.505757
         0.6818       0.505706
         0.6819       0.505655
          0.682       0.505605
         0.6821       0.505554
         0.6822       0.505504
         0.6823       0.505453
         0.6824       0.505403
         0.6825       0.505352
         0.6826       0.505302
         0.6827       0.505251
         0.6828         0.5052
         0.6829        0.50515
          0.683       0.505099
         0.6831       0.505049
         0.6832       0.504998
         0.6833       0.504948
         0.6834       0.504897
         0.6835       0.504847
         0.6836       0.504796
         0.6837       0.504746
         0.6838       0.504696
         0.6839       0.504645
          0.684       0.504595
         0.6841       0.504544
         0.6842       0.504494
         0.6843       0.504443
         0.6844       0.504393
         0.6845       0.504342
         0.6846       0.504292
         0.6847       0.504242
         0.6848       0.504191
         0.6849       0.504141
          0.685        0.50409
         0.6851        0.50404
         0.6852       0.503989
         0.6853       0.503939
         0.6854       0.503889
         0.6855       0.503838
         0.6856       0.503788
         0.6857       0.503738
         0.6858       0.503687
         0.6859       0.503637
          0.686       0.503586
         0.6861       0.503536
         0.6862       0.503486
         0.6863       0.503435
         0.6864       0.503385
         0.6865       0.503335
         0.6866       0.503284
         0.6867       0.503234
         0.6868       0.503184
         0.6869       0.503133
          0.687       0.503083
         0.6871       0.503033
         0.6872       0.502982
         0.6873       0.502932
         0.6874       0.502882
         0.6875       0.502832
         0.6876       0.502781
         0.6877       0.502731
         0.6878       0.502681
         0.6879       0.502631
          0.688        0.50258
         0.6881        0.50253
         0.6882        0.50248
         0.6883       0.502429
         0.6884       0.502379
         0.6885       0.502329
         0.6886       0.502279
         0.6887       0.502229
         0.6888       0.502178
         0.6889       0.502128
          0.689       0.502078
         0.6891       0.502028
         0.6892       0.501978
         0.6893       0.501927
         0.6894       0.501877
         0.6895       0.501827
         0.6896       0.501777
         0.6897       0.501727
         0.6898       0.501676
         0.6899       0.501626
           0.69       0.501576
         0.6901       0.501526
         0.6902       0.501476
         0.6903       0.501426
         0.6904       0.501376
         0.6905       0.501325
         0.6906       0.501275
         0.6907       0.501225
         0.6908       0.501175
         0.6909       0.501125
          0.691       0.501075
         0.6911       0.501025
         0.6912       0.500975
         0.6913       0.500924
         0.6914       0.500874
         0.6915       0.500824
         0.6916       0.500774
         0.6917       0.500724
         0.6918       0.500674
         0.6919       0.500624
          0.692       0.500574
         0.6921       0.500524
         0.6922       0.500474
         0.6923       0.500424
         0.6924       0.500374
         0.6925       0.500324
         0.6926       0.500274
         0.6927       0.500224
         0.6928       0.500174
         0.6929       0.500124
          0.693       0.500074
         0.6931       0.500024
         0.6932       0.499974
         0.6933       0.499924
         0.6934       0.499874
         0.6935       0.499824
         0.6936       0.499774
         0.6937       0.499724
         0.6938       0.499674
         0.6939       0.499624
          0.694       0.499574
         0.6941       0.499524
         0.6942       0.499474
         0.6943       0.499424
         0.6944       0.499374
         0.6945       0.499324
         0.6946       0.499274
         0.6947       0.499224
         0.6948       0.499174
         0.6949       0.499124
          0.695       0.499074
         0.6951       0.499025
         0.6952       0.498975
         0.6953       0.498925
         0.6954       0.498875
         0.6955       0.498825
         0.6956       0.498775
         0.6957       0.498725
         0.6958       0.498675
         0.6959       0.498626
          0.696       0.498576
         0.6961       0.498526
         0.6962       0.498476
         0.6963       0.498426
         0.6964       0.498376
         0.6965       0.498326
         0.6966       0.498277
         0.6967       0.498227
         0.6968       0.498177
         0.6969       0.498127
          0.697       0.498077
         0.6971       0.498028
         0.6972       0.497978
         0.6973       0.497928
         0.6974       0.497878
         0.6975       0.497828
         0.6976       0.497779
         0.6977       0.497729
         0.6978       0.497679
         0.6979       0.497629
          0.698       0.497579
         0.6981        0.49753
         0.6982        0.49748
         0.6983        0.49743
         0.6984       0.497381
         0.6985       0.497331
         0.6986       0.497281
         0.6987       0.497231
         0.6988       0.497182
         0.6989       0.497132
          0.699       0.497082
         0.6991       0.497032
         0.6992       0.496983
         0.6993       0.496933
         0.6994       0.496883
         0.6995       0.496834
         0.6996       0.496784
         0.6997       0.496734
         0.6998       0.496685
         0.6999       0.496635
            0.7       0.496585
         0.7001       0.496536
         0.7002       0.496486
         0.7003       0.496436
         0.7004       0.496387
         0.7005       0.496337
         0.7006       0.496287
         0.7007       0.496238
         0.7008       0.496188
         0.7009       0.496139
          0.701       0.496089
         0.7011       0.496039
         0.7012        0.49599
         0.7013        0.49594
         0.7014       0.495891
         0.7015       0.495841
         0.7016       0.495791
         0.7017       0.495742
         0.7018       0.495692
         0.7019       0.495643
          0.702       0.495593
         0.7021       0.495544
         0.7022       0.495494
         0.7023       0.495444
         0.7024       0.495395
         0.7025       0.495345
         0.7026       0.495296
         0.7027       0.495246
         0.7028       0.495197
         0.7029       0.495147
          0.703       0.495098
         0.7031       0.495048
         0.7032       0.494999
         0.7033       0.494949
         0.7034         0.4949
         0.7035        0.49485
         0.7036       0.494801
         0.7037       0.494751
         0.7038       0.494702
         0.7039       0.494652
          0.704       0.494603
         0.7041       0.494553
         0.7042       0.494504
         0.7043       0.494455
         0.7044       0.494405
         0.7045       0.494356
         0.7046       0.494306
         0.7047       0.494257
         0.7048       0.494207
         0.7049       0.494158
          0.705       0.494109
         0.7051       0.494059
         0.7052        0.49401
         0.7053        0.49396
         0.7054       0.493911
         0.7055       0.493862
         0.7056       0.493812
         0.7057       0.493763
         0.7058       0.493713
         0.7059       0.493664
          0.706       0.493615
         0.7061       0.493565
         0.7062       0.493516
         0.7063       0.493467
         0.7064       0.493417
         0.7065       0.493368
         0.7066       0.493319
         0.7067       0.493269
         0.7068        0.49322
         0.7069       0.493171
          0.707       0.493121
         0.7071       0.493072
         0.7072       0.493023
         0.7073       0.492973
         0.7074       0.492924
         0.7075       0.492875
         0.7076       0.492826
         0.7077       0.492776
         0.7078       0.492727
         0.7079       0.492678
          0.708       0.492628
         0.7081       0.492579
         0.7082        0.49253
         0.7083       0.492481
         0.7084       0.492431
         0.7085       0.492382
         0.7086       0.492333
         0.7087       0.492284
         0.7088       0.492235
         0.7089       0.492185
          0.709       0.492136
         0.7091       0.492087
         0.7092       0.492038
         0.7093       0.491988
         0.7094       0.491939
         0.7095        0.49189
         0.7096       0.491841
         0.7097       0.491792
         0.7098       0.491743
         0.7099       0.491693
           0.71       0.491644
         0.7101       0.491595
         0.7102       0.491546
         0.7103       0.491497
         0.7104       0.491448
         0.7105       0.491398
         0.7106       0.491349
         0.7107         0.4913
         0.7108       0.491251
         0.7109       0.491202
          0.711       0.491153
         0.7111       0.491104
         0.7112       0.491055
         0.7113       0.491005
         0.7114       0.490956
         0.7115       0.490907
         0.7116       0.490858
         0.7117       0.490809
         0.7118        0.49076
         0.7119       0.490711
          0.712       0.490662
         0.7121       0.490613
         0.7122       0.490564
         0.7123       0.490515
         0.7124       0.490466
         0.7125       0.490417
         0.7126       0.490368
         0.7127       0.490319
         0.7128        0.49027
         0.7129       0.490221
          0.713       0.490171
         0.7131       0.490122
         0.7132       0.490073
         0.7133       0.490024
         0.7134       0.489975
         0.7135       0.489926
         0.7136       0.489877
         0.7137       0.489828
         0.7138        0.48978
         0.7139       0.489731
          0.714       0.489682
         0.7141       0.489633
         0.7142       0.489584
         0.7143       0.489535
         0.7144       0.489486
         0.7145       0.489437
         0.7146       0.489388
         0.7147       0.489339
         0.7148        0.48929
         0.7149       0.489241
          0.715       0.489192
         0.7151       0.489143
         0.7152       0.489094
         0.7153       0.489045
         0.7154       0.488996
         0.7155       0.488948
         0.7156       0.488899
         0.7157        0.48885
         0.7158       0.488801
         0.7159       0.488752
          0.716       0.488703
         0.7161       0.488654
         0.7162       0.488605
         0.7163       0.488557
         0.7164       0.488508
         0.7165       0.488459
         0.7166        0.48841
         0.7167       0.488361
         0.7168       0.488312
         0.7169       0.488264
          0.717       0.488215
         0.7171       0.488166
         0.7172       0.488117
         0.7173       0.488068
         0.7174       0.488019
         0.7175       0.487971
         0.7176       0.487922
         0.7177       0.487873
         0.7178       0.487824
         0.7179       0.487776
          0.718       0.487727
         0.7181       0.487678
         0.7182       0.487629
         0.7183        0.48758
         0.7184       0.487532
         0.7185       0.487483
         0.7186       0.487434
         0.7187       0.487385
         0.7188       0.487337
         0.7189       0.487288
          0.719       0.487239
         0.7191       0.487191
         0.7192       0.487142
         0.7193       0.487093
         0.7194       0.487044
         0.7195       0.486996
         0.7196       0.486947
         0.7197       0.486898
         0.7198        0.48685
         0.7199       0.486801
           0.72       0.486752
         0.7201       0.486704
         0.7202       0.486655
         0.7203       0.486606
         0.7204       0.486558
         0.7205       0.486509
         0.7206        0.48646
         0.7207       0.486412
         0.7208       0.486363
         0.7209       0.486314
          0.721       0.486266
         0.7211       0.486217
         0.7212       0.486169
         0.7213        0.48612
         0.7214       0.486071
         0.7215       0.486023
         0.7216       0.485974
         0.7217       0.485926
         0.7218       0.485877
         0.7219       0.485828
          0.722        0.48578
         0.7221       0.485731
         0.7222       0.485683
         0.7223       0.485634
         0.7224       0.485585
         0.7225       0.485537
         0.7226       0.485488
         0.7227        0.48544
         0.7228       0.485391
         0.7229       0.485343
          0.723       0.485294
         0.7231       0.485246
         0.7232       0.485197
         0.7233       0.485149
         0.7234         0.4851
         0.7235       0.485052
         0.7236       0.485003
         0.7237       0.484955
         0.7238       0.484906
         0.7239       0.484858
          0.724       0.484809
         0.7241       0.484761
         0.7242       0.484712
         0.7243       0.484664
         0.7244       0.484615
         0.7245       0.484567
         0.7246       0.484518
         0.7247        0.48447
         0.7248       0.484421
         0.7249       0.484373
          0.725       0.484325
         0.7251       0.484276
         0.7252       0.484228
         0.7253       0.484179
         0.7254       0.484131
         0.7255       0.484082
         0.7256       0.484034
         0.7257       0.483986
         0.7258       0.483937
         0.7259       0.483889
          0.726       0.483841
         0.7261       0.483792
         0.7262       0.483744
         0.7263       0.483695
         0.7264       0.483647
         0.7265       0.483599
         0.7266        0.48355
         0.7267       0.483502
         0.7268       0.483454
         0.7269       0.483405
          0.727       0.483357
         0.7271       0.483309
         0.7272        0.48326
         0.7273       0.483212
         0.7274       0.483164
         0.7275       0.483115
         0.7276       0.483067
         0.7277       0.483019
         0.7278        0.48297
         0.7279       0.482922
          0.728       0.482874
         0.7281       0.482826
         0.7282       0.482777
         0.7283       0.482729
         0.7284       0.482681
         0.7285       0.482632
         0.7286       0.482584
         0.7287       0.482536
         0.7288       0.482488
         0.7289       0.482439
          0.729       0.482391
         0.7291       0.482343
         0.7292       0.482295
         0.7293       0.482246
         0.7294       0.482198
         0.7295        0.48215
         0.7296       0.482102
         0.7297       0.482054
         0.7298       0.482005
         0.7299       0.481957
           0.73       0.481909
         0.7301       0.481861
         0.7302       0.481813
         0.7303       0.481764
         0.7304       0.481716
         0.7305       0.481668
         0.7306        0.48162
         0.7307       0.481572
         0.7308       0.481524
         0.7309       0.481475
          0.731       0.481427
         0.7311       0.481379
         0.7312       0.481331
         0.7313       0.481283
         0.7314       0.481235
         0.7315       0.481187
         0.7316       0.481139
         0.7317        0.48109
         0.7318       0.481042
         0.7319       0.480994
          0.732       0.480946
         0.7321       0.480898
         0.7322        0.48085
         0.7323       0.480802
         0.7324       0.480754
         0.7325       0.480706
         0.7326       0.480658
         0.7327        0.48061
         0.7328       0.480562
         0.7329       0.480514
          0.733       0.480465
         0.7331       0.480417
         0.7332       0.480369
         0.7333       0.480321
         0.7334       0.480273
         0.7335       0.480225
         0.7336       0.480177
         0.7337       0.480129
         0.7338       0.480081
         0.7339       0.480033
          0.734       0.479985
         0.7341       0.479937
         0.7342       0.479889
         0.7343       0.479841
         0.7344       0.479793
         0.7345       0.479745
         0.7346       0.479697
         0.7347       0.479649
         0.7348       0.479601
         0.7349       0.479553
          0.735       0.479505
         0.7351       0.479458
         0.7352        0.47941
         0.7353       0.479362
         0.7354       0.479314
         0.7355       0.479266
         0.7356       0.479218
         0.7357        0.47917
         0.7358       0.479122
         0.7359       0.479074
          0.736       0.479026
         0.7361       0.478978
         0.7362        0.47893
         0.7363       0.478883
         0.7364       0.478835
         0.7365       0.478787
         0.7366       0.478739
         0.7367       0.478691
         0.7368       0.478643
         0.7369       0.478595
          0.737       0.478547
         0.7371         0.4785
         0.7372       0.478452
         0.7373       0.478404
         0.7374       0.478356
         0.7375       0.478308
         0.7376        0.47826
         0.7377       0.478213
         0.7378       0.478165
         0.7379       0.478117
          0.738       0.478069
         0.7381       0.478021
         0.7382       0.477974
         0.7383       0.477926
         0.7384       0.477878
         0.7385        0.47783
         0.7386       0.477782
         0.7387       0.477735
         0.7388       0.477687
         0.7389       0.477639
          0.739       0.477591
         0.7391       0.477544
         0.7392       0.477496
         0.7393       0.477448
         0.7394         0.4774
         0.7395       0.477353
         0.7396       0.477305
         0.7397       0.477257
         0.7398       0.477209
         0.7399       0.477162
           0.74       0.477114
         0.7401       0.477066
         0.7402       0.477019
         0.7403       0.476971
         0.7404       0.476923
         0.7405       0.476875
         0.7406       0.476828
         0.7407        0.47678
         0.7408       0.476732
         0.7409       0.476685
          0.741       0.476637
         0.7411       0.476589
         0.7412       0.476542
         0.7413       0.476494
         0.7414       0.476446
         0.7415       0.476399
         0.7416       0.476351
         0.7417       0.476304
         0.7418       0.476256
         0.7419       0.476208
          0.742       0.476161
         0.7421       0.476113
         0.7422       0.476065
         0.7423       0.476018
         0.7424        0.47597
         0.7425       0.475923
         0.7426       0.475875
         0.7427       0.475827
         0.7428        0.47578
         0.7429       0.475732
          0.743       0.475685
         0.7431       0.475637
         0.7432        0.47559
         0.7433       0.475542
         0.7434       0.475495
         0.7435       0.475447
         0.7436       0.475399
         0.7437       0.475352
         0.7438       0.475304
         0.7439       0.475257
          0.744       0.475209
         0.7441       0.475162
         0.7442       0.475114
         0.7443       0.475067
         0.7444       0.475019
         0.7445       0.474972
         0.7446       0.474924
         0.7447       0.474877
         0.7448       0.474829
         0.7449       0.474782
          0.745       0.474734
         0.7451       0.474687
         0.7452       0.474639
         0.7453       0.474592
         0.7454       0.474544
         0.7455       0.474497
         0.7456        0.47445
         0.7457       0.474402
         0.7458       0.474355
         0.7459       0.474307
          0.746        0.47426
         0.7461       0.474212
         0.7462       0.474165
         0.7463       0.474118
         0.7464        0.47407
         0.7465       0.474023
         0.7466       0.473975
         0.7467       0.473928
         0.7468       0.473881
         0.7469       0.473833
          0.747       0.473786
         0.7471       0.473738
         0.7472       0.473691
         0.7473       0.473644
         0.7474       0.473596
         0.7475       0.473549
         0.7476       0.473502
         0.7477       0.473454
         0.7478       0.473407
         0.7479        0.47336
          0.748       0.473312
         0.7481       0.473265
         0.7482       0.473218
         0.7483        0.47317
         0.7484       0.473123
         0.7485       0.473076
         0.7486       0.473028
         0.7487       0.472981
         0.7488       0.472934
         0.7489       0.472886
          0.749       0.472839
         0.7491       0.472792
         0.7492       0.472745
         0.7493       0.472697
         0.7494        0.47265
         0.7495       0.472603
         0.7496       0.472556
         0.7497       0.472508
         0.7498       0.472461
         0.7499       0.472414
           0.75       0.472367
         0.7501       0.472319
         0.7502       0.472272
         0.7503       0.472225
         0.7504       0.472178
         0.7505        0.47213
         0.7506       0.472083
         0.7507       0.472036
         0.7508       0.471989
         0.7509       0.471942
          0.751       0.471894
         0.7511       0.471847
         0.7512         0.4718
         0.7513       0.471753
         0.7514       0.471706
         0.7515       0.471659
         0.7516       0.471611
         0.7517       0.471564
         0.7518       0.471517
         0.7519        0.47147
          0.752       0.471423
         0.7521       0.471376
         0.7522       0.471329
         0.7523       0.471281
         0.7524       0.471234
         0.7525       0.471187
         0.7526        0.47114
         0.7527       0.471093
         0.7528       0.471046
         0.7529       0.470999
          0.753       0.470952
         0.7531       0.470905
         0.7532       0.470857
         0.7533        0.47081
         0.7534       0.470763
         0.7535       0.470716
         0.7536       0.470669
         0.7537       0.470622
         0.7538       0.470575
         0.7539       0.470528
          0.754       0.470481
         0.7541       0.470434
         0.7542       0.470387
         0.7543        0.47034
         0.7544       0.470293
         0.7545       0.470246
         0.7546       0.470199
         0.7547       0.470152
         0.7548       0.470105
         0.7549       0.470058
          0.755       0.470011
         0.7551       0.469964
         0.7552       0.469917
         0.7553        0.46987
         0.7554       0.469823
         0.7555       0.469776
         0.7556       0.469729
         0.7557       0.469682
         0.7558       0.469635
         0.7559       0.469588
          0.756       0.469541
         0.7561       0.469494
         0.7562       0.469447
         0.7563         0.4694
         0.7564       0.469353
         0.7565       0.469306
         0.7566       0.469259
         0.7567       0.469212
         0.7568       0.469165
         0.7569       0.469118
          0.757       0.469072
         0.7571       0.469025
         0.7572       0.468978
         0.7573       0.468931
         0.7574       0.468884
         0.7575       0.468837
         0.7576        0.46879
         0.7577       0.468743
         0.7578       0.468696
         0.7579        0.46865
          0.758       0.468603
         0.7581       0.468556
         0.7582       0.468509
         0.7583       0.468462
         0.7584       0.468415
         0.7585       0.468368
         0.7586       0.468322
         0.7587       0.468275
         0.7588       0.468228
         0.7589       0.468181
          0.759       0.468134
         0.7591       0.468088
         0.7592       0.468041
         0.7593       0.467994
         0.7594       0.467947
         0.7595         0.4679
         0.7596       0.467854
         0.7597       0.467807
         0.7598        0.46776
         0.7599       0.467713
           0.76       0.467666
         0.7601        0.46762
         0.7602       0.467573
         0.7603       0.467526
         0.7604       0.467479
         0.7605       0.467433
         0.7606       0.467386
         0.7607       0.467339
         0.7608       0.467292
         0.7609       0.467246
          0.761       0.467199
         0.7611       0.467152
         0.7612       0.467106
         0.7613       0.467059
         0.7614       0.467012
         0.7615       0.466965
         0.7616       0.466919
         0.7617       0.466872
         0.7618       0.466825
         0.7619       0.466779
          0.762       0.466732
         0.7621       0.466685
         0.7622       0.466639
         0.7623       0.466592
         0.7624       0.466545
         0.7625       0.466499
         0.7626       0.466452
         0.7627       0.466405
         0.7628       0.466359
         0.7629       0.466312
          0.763       0.466266
         0.7631       0.466219
         0.7632       0.466172
         0.7633       0.466126
         0.7634       0.466079
         0.7635       0.466032
         0.7636       0.465986
         0.7637       0.465939
         0.7638       0.465893
         0.7639       0.465846
          0.764         0.4658
         0.7641       0.465753
         0.7642       0.465706
         0.7643        0.46566
         0.7644       0.465613
         0.7645       0.465567
         0.7646        0.46552
         0.7647       0.465474
         0.7648       0.465427
         0.7649        0.46538
          0.765       0.465334
         0.7651       0.465287
         0.7652       0.465241
         0.7653       0.465194
         0.7654       0.465148
         0.7655       0.465101
         0.7656       0.465055
         0.7657       0.465008
         0.7658       0.464962
         0.7659       0.464915
          0.766       0.464869
         0.7661       0.464822
         0.7662       0.464776
         0.7663       0.464729
         0.7664       0.464683
         0.7665       0.464636
         0.7666        0.46459
         0.7667       0.464544
         0.7668       0.464497
         0.7669       0.464451
          0.767       0.464404
         0.7671       0.464358
         0.7672       0.464311
         0.7673       0.464265
         0.7674       0.464218
         0.7675       0.464172
         0.7676       0.464126
         0.7677       0.464079
         0.7678       0.464033
         0.7679       0.463986
          0.768        0.46394
         0.7681       0.463894
         0.7682       0.463847
         0.7683       0.463801
         0.7684       0.463755
         0.7685       0.463708
         0.7686       0.463662
         0.7687       0.463615
         0.7688       0.463569
         0.7689       0.463523
          0.769       0.463476
         0.7691        0.46343
         0.7692       0.463384
         0.7693       0.463337
         0.7694       0.463291
         0.7695       0.463245
         0.7696       0.463198
         0.7697       0.463152
         0.7698       0.463106
         0.7699       0.463059
           0.77       0.463013
         0.7701       0.462967
         0.7702        0.46292
         0.7703       0.462874
         0.7704       0.462828
         0.7705       0.462782
         0.7706       0.462735
         0.7707       0.462689
         0.7708       0.462643
         0.7709       0.462597
          0.771        0.46255
         0.7711       0.462504
         0.7712       0.462458
         0.7713       0.462412
         0.7714       0.462365
         0.7715       0.462319
         0.7716       0.462273
         0.7717       0.462227
         0.7718        0.46218
         0.7719       0.462134
          0.772       0.462088
         0.7721       0.462042
         0.7722       0.461996
         0.7723       0.461949
         0.7724       0.461903
         0.7725       0.461857
         0.7726       0.461811
         0.7727       0.461765
         0.7728       0.461718
         0.7729       0.461672
          0.773       0.461626
         0.7731        0.46158
         0.7732       0.461534
         0.7733       0.461488
         0.7734       0.461442
         0.7735       0.461395
         0.7736       0.461349
         0.7737       0.461303
         0.7738       0.461257
         0.7739       0.461211
          0.774       0.461165
         0.7741       0.461119
         0.7742       0.461073
         0.7743       0.461026
         0.7744        0.46098
         0.7745       0.460934
         0.7746       0.460888
         0.7747       0.460842
         0.7748       0.460796
         0.7749        0.46075
          0.775       0.460704
         0.7751       0.460658
         0.7752       0.460612
         0.7753       0.460566
         0.7754        0.46052
         0.7755       0.460474
         0.7756       0.460427
         0.7757       0.460381
         0.7758       0.460335
         0.7759       0.460289
          0.776       0.460243
         0.7761       0.460197
         0.7762       0.460151
         0.7763       0.460105
         0.7764       0.460059
         0.7765       0.460013
         0.7766       0.459967
         0.7767       0.459921
         0.7768       0.459875
         0.7769       0.459829
          0.777       0.459783
         0.7771       0.459737
         0.7772       0.459691
         0.7773       0.459645
         0.7774       0.459599
         0.7775       0.459553
         0.7776       0.459508
         0.7777       0.459462
         0.7778       0.459416
         0.7779        0.45937
          0.778       0.459324
         0.7781       0.459278
         0.7782       0.459232
         0.7783       0.459186
         0.7784        0.45914
         0.7785       0.459094
         0.7786       0.459048
         0.7787       0.459002
         0.7788       0.458956
         0.7789       0.458911
          0.779       0.458865
         0.7791       0.458819
         0.7792       0.458773
         0.7793       0.458727
         0.7794       0.458681
         0.7795       0.458635
         0.7796       0.458589
         0.7797       0.458544
         0.7798       0.458498
         0.7799       0.458452
           0.78       0.458406
         0.7801        0.45836
         0.7802       0.458314
         0.7803       0.458269
         0.7804       0.458223
         0.7805       0.458177
         0.7806       0.458131
         0.7807       0.458085
         0.7808       0.458039
         0.7809       0.457994
          0.781       0.457948
         0.7811       0.457902
         0.7812       0.457856
         0.7813        0.45781
         0.7814       0.457765
         0.7815       0.457719
         0.7816       0.457673
         0.7817       0.457627
         0.7818       0.457582
         0.7819       0.457536
          0.782        0.45749
         0.7821       0.457444
         0.7822       0.457399
         0.7823       0.457353
         0.7824       0.457307
         0.7825       0.457261
         0.7826       0.457216
         0.7827        0.45717
         0.7828       0.457124
         0.7829       0.457079
          0.783       0.457033
         0.7831       0.456987
         0.7832       0.456941
         0.7833       0.456896
         0.7834        0.45685
         0.7835       0.456804
         0.7836       0.456759
         0.7837       0.456713
         0.7838       0.456667
         0.7839       0.456622
          0.784       0.456576
         0.7841        0.45653
         0.7842       0.456485
         0.7843       0.456439
         0.7844       0.456393
         0.7845       0.456348
         0.7846       0.456302
         0.7847       0.456257
         0.7848       0.456211
         0.7849       0.456165
          0.785        0.45612
         0.7851       0.456074
         0.7852       0.456029
         0.7853       0.455983
         0.7854       0.455937
         0.7855       0.455892
         0.7856       0.455846
         0.7857       0.455801
         0.7858       0.455755
         0.7859       0.455709
          0.786       0.455664
         0.7861       0.455618
         0.7862       0.455573
         0.7863       0.455527
         0.7864       0.455482
         0.7865       0.455436
         0.7866       0.455391
         0.7867       0.455345
         0.7868       0.455299
         0.7869       0.455254
          0.787       0.455208
         0.7871       0.455163
         0.7872       0.455117
         0.7873       0.455072
         0.7874       0.455026
         0.7875       0.454981
         0.7876       0.454935
         0.7877        0.45489
         0.7878       0.454844
         0.7879       0.454799
          0.788       0.454753
         0.7881       0.454708
         0.7882       0.454662
         0.7883       0.454617
         0.7884       0.454572
         0.7885       0.454526
         0.7886       0.454481
         0.7887       0.454435
         0.7888        0.45439
         0.7889       0.454344
          0.789       0.454299
         0.7891       0.454253
         0.7892       0.454208
         0.7893       0.454163
         0.7894       0.454117
         0.7895       0.454072
         0.7896       0.454026
         0.7897       0.453981
         0.7898       0.453936
         0.7899        0.45389
           0.79       0.453845
         0.7901       0.453799
         0.7902       0.453754
         0.7903       0.453709
         0.7904       0.453663
         0.7905       0.453618
         0.7906       0.453573
         0.7907       0.453527
         0.7908       0.453482
         0.7909       0.453437
          0.791       0.453391
         0.7911       0.453346
         0.7912       0.453301
         0.7913       0.453255
         0.7914        0.45321
         0.7915       0.453165
         0.7916       0.453119
         0.7917       0.453074
         0.7918       0.453029
         0.7919       0.452983
          0.792       0.452938
         0.7921       0.452893
         0.7922       0.452847
         0.7923       0.452802
         0.7924       0.452757
         0.7925       0.452712
         0.7926       0.452666
         0.7927       0.452621
         0.7928       0.452576
         0.7929       0.452531
          0.793       0.452485
         0.7931        0.45244
         0.7932       0.452395
         0.7933        0.45235
         0.7934       0.452304
         0.7935       0.452259
         0.7936       0.452214
         0.7937       0.452169
         0.7938       0.452123
         0.7939       0.452078
          0.794       0.452033
         0.7941       0.451988
         0.7942       0.451943
         0.7943       0.451897
         0.7944       0.451852
         0.7945       0.451807
         0.7946       0.451762
         0.7947       0.451717
         0.7948       0.451672
         0.7949       0.451626
          0.795       0.451581
         0.7951       0.451536
         0.7952       0.451491
         0.7953       0.451446
         0.7954       0.451401
         0.7955       0.451356
         0.7956        0.45131
         0.7957       0.451265
         0.7958        0.45122
         0.7959       0.451175
          0.796        0.45113
         0.7961       0.451085
         0.7962        0.45104
         0.7963       0.450995
         0.7964       0.450949
         0.7965       0.450904
         0.7966       0.450859
         0.7967       0.450814
         0.7968       0.450769
         0.7969       0.450724
          0.797       0.450679
         0.7971       0.450634
         0.7972       0.450589
         0.7973       0.450544
         0.7974       0.450499
         0.7975       0.450454
         0.7976       0.450409
         0.7977       0.450364
         0.7978       0.450319
         0.7979       0.450274
          0.798       0.450229
         0.7981       0.450184
         0.7982       0.450139
         0.7983       0.450093
         0.7984       0.450048
         0.7985       0.450003
         0.7986       0.449958
         0.7987       0.449913
         0.7988       0.449869
         0.7989       0.449824
          0.799       0.449779
         0.7991       0.449734
         0.7992       0.449689
         0.7993       0.449644
         0.7994       0.449599
         0.7995       0.449554
         0.7996       0.449509
         0.7997       0.449464
         0.7998       0.449419
         0.7999       0.449374
            0.8       0.449329
         0.8001       0.449284
         0.8002       0.449239
         0.8003       0.449194
         0.8004       0.449149
         0.8005       0.449104
         0.8006       0.449059
         0.8007       0.449015
         0.8008        0.44897
         0.8009       0.448925
          0.801        0.44888
         0.8011       0.448835
         0.8012        0.44879
         0.8013       0.448745
         0.8014         0.4487
         0.8015       0.448655
         0.8016       0.448611
         0.8017       0.448566
         0.8018       0.448521
         0.8019       0.448476
          0.802       0.448431
         0.8021       0.448386
         0.8022       0.448342
         0.8023       0.448297
         0.8024       0.448252
         0.8025       0.448207
         0.8026       0.448162
         0.8027       0.448117
         0.8028       0.448073
         0.8029       0.448028
          0.803       0.447983
         0.8031       0.447938
         0.8032       0.447893
         0.8033       0.447849
         0.8034       0.447804
         0.8035       0.447759
         0.8036       0.447714
         0.8037        0.44767
         0.8038       0.447625
         0.8039        0.44758
          0.804       0.447535
         0.8041       0.447491
         0.8042       0.447446
         0.8043       0.447401
         0.8044       0.447356
         0.8045       0.447312
         0.8046       0.447267
         0.8047       0.447222
         0.8048       0.447177
         0.8049       0.447133
          0.805       0.447088
         0.8051       0.447043
         0.8052       0.446999
         0.8053       0.446954
         0.8054       0.446909
         0.8055       0.446864
         0.8056        0.44682
         0.8057       0.446775
         0.8058        0.44673
         0.8059       0.446686
          0.806       0.446641
         0.8061       0.446596
         0.8062       0.446552
         0.8063       0.446507
         0.8064       0.446462
         0.8065       0.446418
         0.8066       0.446373
         0.8067       0.446329
         0.8068       0.446284
         0.8069       0.446239
          0.807       0.446195
         0.8071        0.44615
         0.8072       0.446105
         0.8073       0.446061
         0.8074       0.446016
         0.8075       0.445972
         0.8076       0.445927
         0.8077       0.445882
         0.8078       0.445838
         0.8079       0.445793
          0.808       0.445749
         0.8081       0.445704
         0.8082        0.44566
         0.8083       0.445615
         0.8084        0.44557
         0.8085       0.445526
         0.8086       0.445481
         0.8087       0.445437
         0.8088       0.445392
         0.8089       0.445348
          0.809       0.445303
         0.8091       0.445259
         0.8092       0.445214
         0.8093        0.44517
         0.8094       0.445125
         0.8095       0.445081
         0.8096       0.445036
         0.8097       0.444992
         0.8098       0.444947
         0.8099       0.444903
           0.81       0.444858
         0.8101       0.444814
         0.8102       0.444769
         0.8103       0.444725
         0.8104        0.44468
         0.8105       0.444636
         0.8106       0.444591
         0.8107       0.444547
         0.8108       0.444502
         0.8109       0.444458
          0.811       0.444413
         0.8111       0.444369
         0.8112       0.444325
         0.8113        0.44428
         0.8114       0.444236
         0.8115       0.444191
         0.8116       0.444147
         0.8117       0.444102
         0.8118       0.444058
         0.8119       0.444014
          0.812       0.443969
         0.8121       0.443925
         0.8122        0.44388
         0.8123       0.443836
         0.8124       0.443792
         0.8125       0.443747
         0.8126       0.443703
         0.8127       0.443659
         0.8128       0.443614
         0.8129        0.44357
          0.813       0.443526
         0.8131       0.443481
         0.8132       0.443437
         0.8133       0.443392
         0.8134       0.443348
         0.8135       0.443304
         0.8136       0.443259
         0.8137       0.443215
         0.8138       0.443171
         0.8139       0.443127
          0.814       0.443082
         0.8141       0.443038
         0.8142       0.442994
         0.8143       0.442949
         0.8144       0.442905
         0.8145       0.442861
         0.8146       0.442816
         0.8147       0.442772
         0.8148       0.442728
         0.8149       0.442684
          0.815       0.442639
         0.8151       0.442595
         0.8152       0.442551
         0.8153       0.442507
         0.8154       0.442462
         0.8155       0.442418
         0.8156       0.442374
         0.8157        0.44233
         0.8158       0.442285
         0.8159       0.442241
          0.816       0.442197
         0.8161       0.442153
         0.8162       0.442109
         0.8163       0.442064
         0.8164        0.44202
         0.8165       0.441976
         0.8166       0.441932
         0.8167       0.441888
         0.8168       0.441843
         0.8169       0.441799
          0.817       0.441755
         0.8171       0.441711
         0.8172       0.441667
         0.8173       0.441622
         0.8174       0.441578
         0.8175       0.441534
         0.8176        0.44149
         0.8177       0.441446
         0.8178       0.441402
         0.8179       0.441358
          0.818       0.441313
         0.8181       0.441269
         0.8182       0.441225
         0.8183       0.441181
         0.8184       0.441137
         0.8185       0.441093
         0.8186       0.441049
         0.8187       0.441005
         0.8188       0.440961
         0.8189       0.440916
          0.819       0.440872
         0.8191       0.440828
         0.8192       0.440784
         0.8193        0.44074
         0.8194       0.440696
         0.8195       0.440652
         0.8196       0.440608
         0.8197       0.440564
         0.8198        0.44052
         0.8199       0.440476
           0.82       0.440432
         0.8201       0.440388
         0.8202       0.440344
         0.8203         0.4403
         0.8204       0.440256
         0.8205       0.440212
         0.8206       0.440167
         0.8207       0.440123
         0.8208       0.440079
         0.8209       0.440035
          0.821       0.439991
         0.8211       0.439947
         0.8212       0.439903
         0.8213       0.439859
         0.8214       0.439816
         0.8215       0.439772
         0.8216       0.439728
         0.8217       0.439684
         0.8218        0.43964
         0.8219       0.439596
          0.822       0.439552
         0.8221       0.439508
         0.8222       0.439464
         0.8223        0.43942
         0.8224       0.439376
         0.8225       0.439332
         0.8226       0.439288
         0.8227       0.439244
         0.8228         0.4392
         0.8229       0.439156
          0.823       0.439112
         0.8231       0.439068
         0.8232       0.439025
         0.8233       0.438981
         0.8234       0.438937
         0.8235       0.438893
         0.8236       0.438849
         0.8237       0.438805
         0.8238       0.438761
         0.8239       0.438717
          0.824       0.438673
         0.8241        0.43863
         0.8242       0.438586
         0.8243       0.438542
         0.8244       0.438498
         0.8245       0.438454
         0.8246        0.43841
         0.8247       0.438367
         0.8248       0.438323
         0.8249       0.438279
          0.825       0.438235
         0.8251       0.438191
         0.8252       0.438147
         0.8253       0.438104
         0.8254        0.43806
         0.8255       0.438016
         0.8256       0.437972
         0.8257       0.437928
         0.8258       0.437885
         0.8259       0.437841
          0.826       0.437797
         0.8261       0.437753
         0.8262       0.437709
         0.8263       0.437666
         0.8264       0.437622
         0.8265       0.437578
         0.8266       0.437534
         0.8267       0.437491
         0.8268       0.437447
         0.8269       0.437403
          0.827       0.437359
         0.8271       0.437316
         0.8272       0.437272
         0.8273       0.437228
         0.8274       0.437185
         0.8275       0.437141
         0.8276       0.437097
         0.8277       0.437053
         0.8278        0.43701
         0.8279       0.436966
          0.828       0.436922
         0.8281       0.436879
         0.8282       0.436835
         0.8283       0.436791
         0.8284       0.436748
         0.8285       0.436704
         0.8286        0.43666
         0.8287       0.436617
         0.8288       0.436573
         0.8289       0.436529
          0.829       0.436486
         0.8291       0.436442
         0.8292       0.436398
         0.8293       0.436355
         0.8294       0.436311
         0.8295       0.436267
         0.8296       0.436224
         0.8297        0.43618
         0.8298       0.436137
         0.8299       0.436093
           0.83       0.436049
         0.8301       0.436006
         0.8302       0.435962
         0.8303       0.435919
         0.8304       0.435875
         0.8305       0.435831
         0.8306       0.435788
         0.8307       0.435744
         0.8308       0.435701
         0.8309       0.435657
          0.831       0.435613
         0.8311        0.43557
         0.8312       0.435526
         0.8313       0.435483
         0.8314       0.435439
         0.8315       0.435396
         0.8316       0.435352
         0.8317       0.435309
         0.8318       0.435265
         0.8319       0.435222
          0.832       0.435178
         0.8321       0.435135
         0.8322       0.435091
         0.8323       0.435048
         0.8324       0.435004
         0.8325       0.434961
         0.8326       0.434917
         0.8327       0.434874
         0.8328        0.43483
         0.8329       0.434787
          0.833       0.434743
         0.8331         0.4347
         0.8332       0.434656
         0.8333       0.434613
         0.8334       0.434569
         0.8335       0.434526
         0.8336       0.434482
         0.8337       0.434439
         0.8338       0.434395
         0.8339       0.434352
          0.834       0.434309
         0.8341       0.434265
         0.8342       0.434222
         0.8343       0.434178
         0.8344       0.434135
         0.8345       0.434091
         0.8346       0.434048
         0.8347       0.434005
         0.8348       0.433961
         0.8349       0.433918
          0.835       0.433875
         0.8351       0.433831
         0.8352       0.433788
         0.8353       0.433744
         0.8354       0.433701
         0.8355       0.433658
         0.8356       0.433614
         0.8357       0.433571
         0.8358       0.433528
         0.8359       0.433484
          0.836       0.433441
         0.8361       0.433398
         0.8362       0.433354
         0.8363       0.433311
         0.8364       0.433268
         0.8365       0.433224
         0.8366       0.433181
         0.8367       0.433138
         0.8368       0.433094
         0.8369       0.433051
          0.837       0.433008
         0.8371       0.432964
         0.8372       0.432921
         0.8373       0.432878
         0.8374       0.432834
         0.8375       0.432791
         0.8376       0.432748
         0.8377       0.432705
         0.8378       0.432661
         0.8379       0.432618
          0.838       0.432575
         0.8381       0.432532
         0.8382       0.432488
         0.8383       0.432445
         0.8384       0.432402
         0.8385       0.432359
         0.8386       0.432315
         0.8387       0.432272
         0.8388       0.432229
         0.8389       0.432186
          0.839       0.432142
         0.8391       0.432099
         0.8392       0.432056
         0.8393       0.432013
         0.8394        0.43197
         0.8395       0.431926
         0.8396       0.431883
         0.8397        0.43184
         0.8398       0.431797
         0.8399       0.431754
           0.84       0.431711
         0.8401       0.431667
         0.8402       0.431624
         0.8403       0.431581
         0.8404       0.431538
         0.8405       0.431495
         0.8406       0.431452
         0.8407       0.431408
         0.8408       0.431365
         0.8409       0.431322
          0.841       0.431279
         0.8411       0.431236
         0.8412       0.431193
         0.8413        0.43115
         0.8414       0.431107
         0.8415       0.431063
         0.8416        0.43102
         0.8417       0.430977
         0.8418       0.430934
         0.8419       0.430891
          0.842       0.430848
         0.8421       0.430805
         0.8422       0.430762
         0.8423       0.430719
         0.8424       0.430676
         0.8425       0.430633
         0.8426        0.43059
         0.8427       0.430546
         0.8428       0.430503
         0.8429        0.43046
          0.843       0.430417
         0.8431       0.430374
         0.8432       0.430331
         0.8433       0.430288
         0.8434       0.430245
         0.8435       0.430202
         0.8436       0.430159
         0.8437       0.430116
         0.8438       0.430073
         0.8439        0.43003
          0.844       0.429987
         0.8441       0.429944
         0.8442       0.429901
         0.8443       0.429858
         0.8444       0.429815
         0.8445       0.429772
         0.8446       0.429729
         0.8447       0.429686
         0.8448       0.429643
         0.8449         0.4296
          0.845       0.429557
         0.8451       0.429514
         0.8452       0.429471
         0.8453       0.429429
         0.8454       0.429386
         0.8455       0.429343
         0.8456         0.4293
         0.8457       0.429257
         0.8458       0.429214
         0.8459       0.429171
          0.846       0.429128
         0.8461       0.429085
         0.8462       0.429042
         0.8463       0.428999
         0.8464       0.428956
         0.8465       0.428914
         0.8466       0.428871
         0.8467       0.428828
         0.8468       0.428785
         0.8469       0.428742
          0.847       0.428699
         0.8471       0.428656
         0.8472       0.428613
         0.8473       0.428571
         0.8474       0.428528
         0.8475       0.428485
         0.8476       0.428442
         0.8477       0.428399
         0.8478       0.428356
         0.8479       0.428313
          0.848       0.428271
         0.8481       0.428228
         0.8482       0.428185
         0.8483       0.428142
         0.8484       0.428099
         0.8485       0.428057
         0.8486       0.428014
         0.8487       0.427971
         0.8488       0.427928
         0.8489       0.427885
          0.849       0.427843
         0.8491         0.4278
         0.8492       0.427757
         0.8493       0.427714
         0.8494       0.427671
         0.8495       0.427629
         0.8496       0.427586
         0.8497       0.427543
         0.8498         0.4275
         0.8499       0.427458
           0.85       0.427415
         0.8501       0.427372
         0.8502       0.427329
         0.8503       0.427287
         0.8504       0.427244
         0.8505       0.427201
         0.8506       0.427159
         0.8507       0.427116
         0.8508       0.427073
         0.8509        0.42703
          0.851       0.426988
         0.8511       0.426945
         0.8512       0.426902
         0.8513        0.42686
         0.8514       0.426817
         0.8515       0.426774
         0.8516       0.426732
         0.8517       0.426689
         0.8518       0.426646
         0.8519       0.426604
          0.852       0.426561
         0.8521       0.426518
         0.8522       0.426476
         0.8523       0.426433
         0.8524        0.42639
         0.8525       0.426348
         0.8526       0.426305
         0.8527       0.426262
         0.8528        0.42622
         0.8529       0.426177
          0.853       0.426135
         0.8531       0.426092
         0.8532       0.426049
         0.8533       0.426007
         0.8534       0.425964
         0.8535       0.425922
         0.8536       0.425879
         0.8537       0.425836
         0.8538       0.425794
         0.8539       0.425751
          0.854       0.425709
         0.8541       0.425666
         0.8542       0.425624
         0.8543       0.425581
         0.8544       0.425538
         0.8545       0.425496
         0.8546       0.425453
         0.8547       0.425411
         0.8548       0.425368
         0.8549       0.425326
          0.855       0.425283
         0.8551       0.425241
         0.8552       0.425198
         0.8553       0.425156
         0.8554       0.425113
         0.8555       0.425071
         0.8556       0.425028
         0.8557       0.424986
         0.8558       0.424943
         0.8559       0.424901
          0.856       0.424858
         0.8561       0.424816
         0.8562       0.424773
         0.8563       0.424731
         0.8564       0.424688
         0.8565       0.424646
         0.8566       0.424603
         0.8567       0.424561
         0.8568       0.424518
         0.8569       0.424476
          0.857       0.424433
         0.8571       0.424391
         0.8572       0.424349
         0.8573       0.424306
         0.8574       0.424264
         0.8575       0.424221
         0.8576       0.424179
         0.8577       0.424136
         0.8578       0.424094
         0.8579       0.424052
          0.858       0.424009
         0.8581       0.423967
         0.8582       0.423924
         0.8583       0.423882
         0.8584        0.42384
         0.8585       0.423797
         0.8586       0.423755
         0.8587       0.423713
         0.8588        0.42367
         0.8589       0.423628
          0.859       0.423585
         0.8591       0.423543
         0.8592       0.423501
         0.8593       0.423458
         0.8594       0.423416
         0.8595       0.423374
         0.8596       0.423331
         0.8597       0.423289
         0.8598       0.423247
         0.8599       0.423204
           0.86       0.423162
         0.8601        0.42312
         0.8602       0.423077
         0.8603       0.423035
         0.8604       0.422993
         0.8605       0.422951
         0.8606       0.422908
         0.8607       0.422866
         0.8608       0.422824
         0.8609       0.422781
          0.861       0.422739
         0.8611       0.422697
         0.8612       0.422655
         0.8613       0.422612
         0.8614        0.42257
         0.8615       0.422528
         0.8616       0.422486
         0.8617       0.422443
         0.8618       0.422401
         0.8619       0.422359
          0.862       0.422317
         0.8621       0.422274
         0.8622       0.422232
         0.8623        0.42219
         0.8624       0.422148
         0.8625       0.422106
         0.8626       0.422063
         0.8627       0.422021
         0.8628       0.421979
         0.8629       0.421937
          0.863       0.421895
         0.8631       0.421852
         0.8632        0.42181
         0.8633       0.421768
         0.8634       0.421726
         0.8635       0.421684
         0.8636       0.421641
         0.8637       0.421599
         0.8638       0.421557
         0.8639       0.421515
          0.864       0.421473
         0.8641       0.421431
         0.8642       0.421389
         0.8643       0.421346
         0.8644       0.421304
         0.8645       0.421262
         0.8646        0.42122
         0.8647       0.421178
         0.8648       0.421136
         0.8649       0.421094
          0.865       0.421052
         0.8651       0.421009
         0.8652       0.420967
         0.8653       0.420925
         0.8654       0.420883
         0.8655       0.420841
         0.8656       0.420799
         0.8657       0.420757
         0.8658       0.420715
         0.8659       0.420673
          0.866       0.420631
         0.8661       0.420589
         0.8662       0.420547
         0.8663       0.420505
         0.8664       0.420463
         0.8665        0.42042
         0.8666       0.420378
         0.8667       0.420336
         0.8668       0.420294
         0.8669       0.420252
          0.867        0.42021
         0.8671       0.420168
         0.8672       0.420126
         0.8673       0.420084
         0.8674       0.420042
         0.8675           0.42
         0.8676       0.419958
         0.8677       0.419916
         0.8678       0.419874
         0.8679       0.419832
          0.868        0.41979
         0.8681       0.419748
         0.8682       0.419706
         0.8683       0.419664
         0.8684       0.419622
         0.8685        0.41958
         0.8686       0.419539
         0.8687       0.419497
         0.8688       0.419455
         0.8689       0.419413
          0.869       0.419371
         0.8691       0.419329
         0.8692       0.419287
         0.8693       0.419245
         0.8694       0.419203
         0.8695       0.419161
         0.8696       0.419119
         0.8697       0.419077
         0.8698       0.419035
         0.8699       0.418993
           0.87       0.418952
         0.8701        0.41891
         0.8702       0.418868
         0.8703       0.418826
         0.8704       0.418784
         0.8705       0.418742
         0.8706         0.4187
         0.8707       0.418658
         0.8708       0.418617
         0.8709       0.418575
          0.871       0.418533
         0.8711       0.418491
         0.8712       0.418449
         0.8713       0.418407
         0.8714       0.418365
         0.8715       0.418324
         0.8716       0.418282
         0.8717        0.41824
         0.8718       0.418198
         0.8719       0.418156
          0.872       0.418115
         0.8721       0.418073
         0.8722       0.418031
         0.8723       0.417989
         0.8724       0.417947
         0.8725       0.417905
         0.8726       0.417864
         0.8727       0.417822
         0.8728        0.41778
         0.8729       0.417738
          0.873       0.417697
         0.8731       0.417655
         0.8732       0.417613
         0.8733       0.417571
         0.8734        0.41753
         0.8735       0.417488
         0.8736       0.417446
         0.8737       0.417404
         0.8738       0.417363
         0.8739       0.417321
          0.874       0.417279
         0.8741       0.417237
         0.8742       0.417196
         0.8743       0.417154
         0.8744       0.417112
         0.8745       0.417071
         0.8746       0.417029
         0.8747       0.416987
         0.8748       0.416945
         0.8749       0.416904
          0.875       0.416862
         0.8751        0.41682
         0.8752       0.416779
         0.8753       0.416737
         0.8754       0.416695
         0.8755       0.416654
         0.8756       0.416612
         0.8757        0.41657
         0.8758       0.416529
         0.8759       0.416487
          0.876       0.416445
         0.8761       0.416404
         0.8762       0.416362
         0.8763        0.41632
         0.8764       0.416279
         0.8765       0.416237
         0.8766       0.416196
         0.8767       0.416154
         0.8768       0.416112
         0.8769       0.416071
          0.877       0.416029
         0.8771       0.415988
         0.8772       0.415946
         0.8773       0.415904
         0.8774       0.415863
         0.8775       0.415821
         0.8776        0.41578
         0.8777       0.415738
         0.8778       0.415696
         0.8779       0.415655
          0.878       0.415613
         0.8781       0.415572
         0.8782        0.41553
         0.8783       0.415489
         0.8784       0.415447
         0.8785       0.415406
         0.8786       0.415364
         0.8787       0.415323
         0.8788       0.415281
         0.8789       0.415239
          0.879       0.415198
         0.8791       0.415156
         0.8792       0.415115
         0.8793       0.415073
         0.8794       0.415032
         0.8795        0.41499
         0.8796       0.414949
         0.8797       0.414907
         0.8798       0.414866
         0.8799       0.414824
           0.88       0.414783
         0.8801       0.414741
         0.8802         0.4147
         0.8803       0.414659
         0.8804       0.414617
         0.8805       0.414576
         0.8806       0.414534
         0.8807       0.414493
         0.8808       0.414451
         0.8809        0.41441
          0.881       0.414368
         0.8811       0.414327
         0.8812       0.414285
         0.8813       0.414244
         0.8814       0.414203
         0.8815       0.414161
         0.8816        0.41412
         0.8817       0.414078
         0.8818       0.414037
         0.8819       0.413996
          0.882       0.413954
         0.8821       0.413913
         0.8822       0.413871
         0.8823        0.41383
         0.8824       0.413789
         0.8825       0.413747
         0.8826       0.413706
         0.8827       0.413665
         0.8828       0.413623
         0.8829       0.413582
          0.883        0.41354
         0.8831       0.413499
         0.8832       0.413458
         0.8833       0.413416
         0.8834       0.413375
         0.8835       0.413334
         0.8836       0.413292
         0.8837       0.413251
         0.8838        0.41321
         0.8839       0.413168
          0.884       0.413127
         0.8841       0.413086
         0.8842       0.413044
         0.8843       0.413003
         0.8844       0.412962
         0.8845       0.412921
         0.8846       0.412879
         0.8847       0.412838
         0.8848       0.412797
         0.8849       0.412755
          0.885       0.412714
         0.8851       0.412673
         0.8852       0.412632
         0.8853        0.41259
         0.8854       0.412549
         0.8855       0.412508
         0.8856       0.412467
         0.8857       0.412425
         0.8858       0.412384
         0.8859       0.412343
          0.886       0.412302
         0.8861        0.41226
         0.8862       0.412219
         0.8863       0.412178
         0.8864       0.412137
         0.8865       0.412096
         0.8866       0.412054
         0.8867       0.412013
         0.8868       0.411972
         0.8869       0.411931
          0.887        0.41189
         0.8871       0.411848
         0.8872       0.411807
         0.8873       0.411766
         0.8874       0.411725
         0.8875       0.411684
         0.8876       0.411643
         0.8877       0.411601
         0.8878        0.41156
         0.8879       0.411519
          0.888       0.411478
         0.8881       0.411437
         0.8882       0.411396
         0.8883       0.411354
         0.8884       0.411313
         0.8885       0.411272
         0.8886       0.411231
         0.8887        0.41119
         0.8888       0.411149
         0.8889       0.411108
          0.889       0.411067
         0.8891       0.411026
         0.8892       0.410984
         0.8893       0.410943
         0.8894       0.410902
         0.8895       0.410861
         0.8896        0.41082
         0.8897       0.410779
         0.8898       0.410738
         0.8899       0.410697
           0.89       0.410656
         0.8901       0.410615
         0.8902       0.410574
         0.8903       0.410533
         0.8904       0.410492
         0.8905        0.41045
         0.8906       0.410409
         0.8907       0.410368
         0.8908       0.410327
         0.8909       0.410286
          0.891       0.410245
         0.8911       0.410204
         0.8912       0.410163
         0.8913       0.410122
         0.8914       0.410081
         0.8915        0.41004
         0.8916       0.409999
         0.8917       0.409958
         0.8918       0.409917
         0.8919       0.409876
          0.892       0.409835
         0.8921       0.409794
         0.8922       0.409753
         0.8923       0.409712
         0.8924       0.409671
         0.8925        0.40963
         0.8926       0.409589
         0.8927       0.409548
         0.8928       0.409508
         0.8929       0.409467
          0.893       0.409426
         0.8931       0.409385
         0.8932       0.409344
         0.8933       0.409303
         0.8934       0.409262
         0.8935       0.409221
         0.8936        0.40918
         0.8937       0.409139
         0.8938       0.409098
         0.8939       0.409057
          0.894       0.409016
         0.8941       0.408976
         0.8942       0.408935
         0.8943       0.408894
         0.8944       0.408853
         0.8945       0.408812
         0.8946       0.408771
         0.8947        0.40873
         0.8948       0.408689
         0.8949       0.408648
          0.895       0.408608
         0.8951       0.408567
         0.8952       0.408526
         0.8953       0.408485
         0.8954       0.408444
         0.8955       0.408403
         0.8956       0.408363
         0.8957       0.408322
         0.8958       0.408281
         0.8959        0.40824
          0.896       0.408199
         0.8961       0.408158
         0.8962       0.408118
         0.8963       0.408077
         0.8964       0.408036
         0.8965       0.407995
         0.8966       0.407954
         0.8967       0.407914
         0.8968       0.407873
         0.8969       0.407832
          0.897       0.407791
         0.8971        0.40775
         0.8972        0.40771
         0.8973       0.407669
         0.8974       0.407628
         0.8975       0.407587
         0.8976       0.407547
         0.8977       0.407506
         0.8978       0.407465
         0.8979       0.407424
          0.898       0.407384
         0.8981       0.407343
         0.8982       0.407302
         0.8983       0.407261
         0.8984       0.407221
         0.8985        0.40718
         0.8986       0.407139
         0.8987       0.407099
         0.8988       0.407058
         0.8989       0.407017
          0.899       0.406976
         0.8991       0.406936
         0.8992       0.406895
         0.8993       0.406854
         0.8994       0.406814
         0.8995       0.406773
         0.8996       0.406732
         0.8997       0.406692
         0.8998       0.406651
         0.8999        0.40661
            0.9        0.40657
         0.9001       0.406529
         0.9002       0.406488
         0.9003       0.406448
         0.9004       0.406407
         0.9005       0.406366
         0.9006       0.406326
         0.9007       0.406285
         0.9008       0.406245
         0.9009       0.406204
          0.901       0.406163
         0.9011       0.406123
         0.9012       0.406082
         0.9013       0.406041
         0.9014       0.406001
         0.9015        0.40596
         0.9016        0.40592
         0.9017       0.405879
         0.9018       0.405839
         0.9019       0.405798
          0.902       0.405757
         0.9021       0.405717
         0.9022       0.405676
         0.9023       0.405636
         0.9024       0.405595
         0.9025       0.405555
         0.9026       0.405514
         0.9027       0.405473
         0.9028       0.405433
         0.9029       0.405392
          0.903       0.405352
         0.9031       0.405311
         0.9032       0.405271
         0.9033        0.40523
         0.9034        0.40519
         0.9035       0.405149
         0.9036       0.405109
         0.9037       0.405068
         0.9038       0.405028
         0.9039       0.404987
          0.904       0.404947
         0.9041       0.404906
         0.9042       0.404866
         0.9043       0.404825
         0.9044       0.404785
         0.9045       0.404744
         0.9046       0.404704
         0.9047       0.404663
         0.9048       0.404623
         0.9049       0.404582
          0.905       0.404542
         0.9051       0.404501
         0.9052       0.404461
         0.9053       0.404421
         0.9054        0.40438
         0.9055        0.40434
         0.9056       0.404299
         0.9057       0.404259
         0.9058       0.404218
         0.9059       0.404178
          0.906       0.404138
         0.9061       0.404097
         0.9062       0.404057
         0.9063       0.404016
         0.9064       0.403976
         0.9065       0.403936
         0.9066       0.403895
         0.9067       0.403855
         0.9068       0.403814
         0.9069       0.403774
          0.907       0.403734
         0.9071       0.403693
         0.9072       0.403653
         0.9073       0.403613
         0.9074       0.403572
         0.9075       0.403532
         0.9076       0.403491
         0.9077       0.403451
         0.9078       0.403411
         0.9079        0.40337
          0.908        0.40333
         0.9081        0.40329
         0.9082       0.403249
         0.9083       0.403209
         0.9084       0.403169
         0.9085       0.403128
         0.9086       0.403088
         0.9087       0.403048
         0.9088       0.403008
         0.9089       0.402967
          0.909       0.402927
         0.9091       0.402887
         0.9092       0.402846
         0.9093       0.402806
         0.9094       0.402766
         0.9095       0.402726
         0.9096       0.402685
         0.9097       0.402645
         0.9098       0.402605
         0.9099       0.402564
           0.91       0.402524
         0.9101       0.402484
         0.9102       0.402444
         0.9103       0.402404
         0.9104       0.402363
         0.9105       0.402323
         0.9106       0.402283
         0.9107       0.402243
         0.9108       0.402202
         0.9109       0.402162
          0.911       0.402122
         0.9111       0.402082
         0.9112       0.402042
         0.9113       0.402001
         0.9114       0.401961
         0.9115       0.401921
         0.9116       0.401881
         0.9117       0.401841
         0.9118         0.4018
         0.9119        0.40176
          0.912        0.40172
         0.9121        0.40168
         0.9122        0.40164
         0.9123         0.4016
         0.9124       0.401559
         0.9125       0.401519
         0.9126       0.401479
         0.9127       0.401439
         0.9128       0.401399
         0.9129       0.401359
          0.913       0.401318
         0.9131       0.401278
         0.9132       0.401238
         0.9133       0.401198
         0.9134       0.401158
         0.9135       0.401118
         0.9136       0.401078
         0.9137       0.401038
         0.9138       0.400998
         0.9139       0.400957
          0.914       0.400917
         0.9141       0.400877
         0.9142       0.400837
         0.9143       0.400797
         0.9144       0.400757
         0.9145       0.400717
         0.9146       0.400677
         0.9147       0.400637
         0.9148       0.400597
         0.9149       0.400557
          0.915       0.400517
         0.9151       0.400477
         0.9152       0.400437
         0.9153       0.400397
         0.9154       0.400356
         0.9155       0.400316
         0.9156       0.400276
         0.9157       0.400236
         0.9158       0.400196
         0.9159       0.400156
          0.916       0.400116
         0.9161       0.400076
         0.9162       0.400036
         0.9163       0.399996
         0.9164       0.399956
         0.9165       0.399916
         0.9166       0.399876
         0.9167       0.399836
         0.9168       0.399796
         0.9169       0.399756
          0.917       0.399716
         0.9171       0.399676
         0.9172       0.399636
         0.9173       0.399597
         0.9174       0.399557
         0.9175       0.399517
         0.9176       0.399477
         0.9177       0.399437
         0.9178       0.399397
         0.9179       0.399357
          0.918       0.399317
         0.9181       0.399277
         0.9182       0.399237
         0.9183       0.399197
         0.9184       0.399157
         0.9185       0.399117
         0.9186       0.399077
         0.9187       0.399037
         0.9188       0.398998
         0.9189       0.398958
          0.919       0.398918
         0.9191       0.398878
         0.9192       0.398838
         0.9193       0.398798
         0.9194       0.398758
         0.9195       0.398718
         0.9196       0.398679
         0.9197       0.398639
         0.9198       0.398599
         0.9199       0.398559
           0.92       0.398519
         0.9201       0.398479
         0.9202       0.398439
         0.9203         0.3984
         0.9204        0.39836
         0.9205        0.39832
         0.9206        0.39828
         0.9207        0.39824
         0.9208         0.3982
         0.9209       0.398161
          0.921       0.398121
         0.9211       0.398081
         0.9212       0.398041
         0.9213       0.398001
         0.9214       0.397962
         0.9215       0.397922
         0.9216       0.397882
         0.9217       0.397842
         0.9218       0.397802
         0.9219       0.397763
          0.922       0.397723
         0.9221       0.397683
         0.9222       0.397643
         0.9223       0.397604
         0.9224       0.397564
         0.9225       0.397524
         0.9226       0.397484
         0.9227       0.397445
         0.9228       0.397405
         0.9229       0.397365
          0.923       0.397325
         0.9231       0.397286
         0.9232       0.397246
         0.9233       0.397206
         0.9234       0.397166
         0.9235       0.397127
         0.9236       0.397087
         0.9237       0.397047
         0.9238       0.397008
         0.9239       0.396968
          0.924       0.396928
         0.9241       0.396888
         0.9242       0.396849
         0.9243       0.396809
         0.9244       0.396769
         0.9245        0.39673
         0.9246        0.39669
         0.9247        0.39665
         0.9248       0.396611
         0.9249       0.396571
          0.925       0.396531
         0.9251       0.396492
         0.9252       0.396452
         0.9253       0.396412
         0.9254       0.396373
         0.9255       0.396333
         0.9256       0.396294
         0.9257       0.396254
         0.9258       0.396214
         0.9259       0.396175
          0.926       0.396135
         0.9261       0.396095
         0.9262       0.396056
         0.9263       0.396016
         0.9264       0.395977
         0.9265       0.395937
         0.9266       0.395897
         0.9267       0.395858
         0.9268       0.395818
         0.9269       0.395779
          0.927       0.395739
         0.9271         0.3957
         0.9272        0.39566
         0.9273        0.39562
         0.9274       0.395581
         0.9275       0.395541
         0.9276       0.395502
         0.9277       0.395462
         0.9278       0.395423
         0.9279       0.395383
          0.928       0.395344
         0.9281       0.395304
         0.9282       0.395265
         0.9283       0.395225
         0.9284       0.395186
         0.9285       0.395146
         0.9286       0.395106
         0.9287       0.395067
         0.9288       0.395027
         0.9289       0.394988
          0.929       0.394948
         0.9291       0.394909
         0.9292       0.394869
         0.9293        0.39483
         0.9294       0.394791
         0.9295       0.394751
         0.9296       0.394712
         0.9297       0.394672
         0.9298       0.394633
         0.9299       0.394593
           0.93       0.394554
         0.9301       0.394514
         0.9302       0.394475
         0.9303       0.394435
         0.9304       0.394396
         0.9305       0.394357
         0.9306       0.394317
         0.9307       0.394278
         0.9308       0.394238
         0.9309       0.394199
          0.931       0.394159
         0.9311        0.39412
         0.9312       0.394081
         0.9313       0.394041
         0.9314       0.394002
         0.9315       0.393962
         0.9316       0.393923
         0.9317       0.393884
         0.9318       0.393844
         0.9319       0.393805
          0.932       0.393765
         0.9321       0.393726
         0.9322       0.393687
         0.9323       0.393647
         0.9324       0.393608
         0.9325       0.393569
         0.9326       0.393529
         0.9327        0.39349
         0.9328       0.393451
         0.9329       0.393411
          0.933       0.393372
         0.9331       0.393333
         0.9332       0.393293
         0.9333       0.393254
         0.9334       0.393215
         0.9335       0.393175
         0.9336       0.393136
         0.9337       0.393097
         0.9338       0.393057
         0.9339       0.393018
          0.934       0.392979
         0.9341       0.392939
         0.9342         0.3929
         0.9343       0.392861
         0.9344       0.392822
         0.9345       0.392782
         0.9346       0.392743
         0.9347       0.392704
         0.9348       0.392664
         0.9349       0.392625
          0.935       0.392586
         0.9351       0.392547
         0.9352       0.392507
         0.9353       0.392468
         0.9354       0.392429
         0.9355        0.39239
         0.9356        0.39235
         0.9357       0.392311
         0.9358       0.392272
         0.9359       0.392233
          0.936       0.392193
         0.9361       0.392154
         0.9362       0.392115
         0.9363       0.392076
         0.9364       0.392037
         0.9365       0.391997
         0.9366       0.391958
         0.9367       0.391919
         0.9368        0.39188
         0.9369       0.391841
          0.937       0.391801
         0.9371       0.391762
         0.9372       0.391723
         0.9373       0.391684
         0.9374       0.391645
         0.9375       0.391606
         0.9376       0.391566
         0.9377       0.391527
         0.9378       0.391488
         0.9379       0.391449
          0.938        0.39141
         0.9381       0.391371
         0.9382       0.391332
         0.9383       0.391292
         0.9384       0.391253
         0.9385       0.391214
         0.9386       0.391175
         0.9387       0.391136
         0.9388       0.391097
         0.9389       0.391058
          0.939       0.391019
         0.9391        0.39098
         0.9392        0.39094
         0.9393       0.390901
         0.9394       0.390862
         0.9395       0.390823
         0.9396       0.390784
         0.9397       0.390745
         0.9398       0.390706
         0.9399       0.390667
           0.94       0.390628
         0.9401       0.390589
         0.9402        0.39055
         0.9403       0.390511
         0.9404       0.390472
         0.9405       0.390433
         0.9406       0.390394
         0.9407       0.390355
         0.9408       0.390315
         0.9409       0.390276
          0.941       0.390237
         0.9411       0.390198
         0.9412       0.390159
         0.9413        0.39012
         0.9414       0.390081
         0.9415       0.390042
         0.9416       0.390003
         0.9417       0.389964
         0.9418       0.389925
         0.9419       0.389886
          0.942       0.389847
         0.9421       0.389808
         0.9422       0.389769
         0.9423        0.38973
         0.9424       0.389691
         0.9425       0.389653
         0.9426       0.389614
         0.9427       0.389575
         0.9428       0.389536
         0.9429       0.389497
          0.943       0.389458
         0.9431       0.389419
         0.9432        0.38938
         0.9433       0.389341
         0.9434       0.389302
         0.9435       0.389263
         0.9436       0.389224
         0.9437       0.389185
         0.9438       0.389146
         0.9439       0.389107
          0.944       0.389068
         0.9441        0.38903
         0.9442       0.388991
         0.9443       0.388952
         0.9444       0.388913
         0.9445       0.388874
         0.9446       0.388835
         0.9447       0.388796
         0.9448       0.388757
         0.9449       0.388718
          0.945        0.38868
         0.9451       0.388641
         0.9452       0.388602
         0.9453       0.388563
         0.9454       0.388524
         0.9455       0.388485
         0.9456       0.388446
         0.9457       0.388408
         0.9458       0.388369
         0.9459        0.38833
          0.946       0.388291
         0.9461       0.388252
         0.9462       0.388213
         0.9463       0.388175
         0.9464       0.388136
         0.9465       0.388097
         0.9466       0.388058
         0.9467       0.388019
         0.9468       0.387981
         0.9469       0.387942
          0.947       0.387903
         0.9471       0.387864
         0.9472       0.387825
         0.9473       0.387787
         0.9474       0.387748
         0.9475       0.387709
         0.9476        0.38767
         0.9477       0.387632
         0.9478       0.387593
         0.9479       0.387554
          0.948       0.387515
         0.9481       0.387477
         0.9482       0.387438
         0.9483       0.387399
         0.9484        0.38736
         0.9485       0.387322
         0.9486       0.387283
         0.9487       0.387244
         0.9488       0.387205
         0.9489       0.387167
          0.949       0.387128
         0.9491       0.387089
         0.9492       0.387051
         0.9493       0.387012
         0.9494       0.386973
         0.9495       0.386934
         0.9496       0.386896
         0.9497       0.386857
         0.9498       0.386818
         0.9499        0.38678
           0.95       0.386741
         0.9501       0.386702
         0.9502       0.386664
         0.9503       0.386625
         0.9504       0.386586
         0.9505       0.386548
         0.9506       0.386509
         0.9507        0.38647
         0.9508       0.386432
         0.9509       0.386393
          0.951       0.386354
         0.9511       0.386316
         0.9512       0.386277
         0.9513       0.386239
         0.9514         0.3862
         0.9515       0.386161
         0.9516       0.386123
         0.9517       0.386084
         0.9518       0.386046
         0.9519       0.386007
          0.952       0.385968
         0.9521        0.38593
         0.9522       0.385891
         0.9523       0.385853
         0.9524       0.385814
         0.9525       0.385775
         0.9526       0.385737
         0.9527       0.385698
         0.9528        0.38566
         0.9529       0.385621
          0.953       0.385583
         0.9531       0.385544
         0.9532       0.385505
         0.9533       0.385467
         0.9534       0.385428
         0.9535        0.38539
         0.9536       0.385351
         0.9537       0.385313
         0.9538       0.385274
         0.9539       0.385236
          0.954       0.385197
         0.9541       0.385159
         0.9542        0.38512
         0.9543       0.385082
         0.9544       0.385043
         0.9545       0.385005
         0.9546       0.384966
         0.9547       0.384928
         0.9548       0.384889
         0.9549       0.384851
          0.955       0.384812
         0.9551       0.384774
         0.9552       0.384735
         0.9553       0.384697
         0.9554       0.384658
         0.9555        0.38462
         0.9556       0.384581
         0.9557       0.384543
         0.9558       0.384504
         0.9559       0.384466
          0.956       0.384428
         0.9561       0.384389
         0.9562       0.384351
         0.9563       0.384312
         0.9564       0.384274
         0.9565       0.384235
         0.9566       0.384197
         0.9567       0.384159
         0.9568        0.38412
         0.9569       0.384082
          0.957       0.384043
         0.9571       0.384005
         0.9572       0.383967
         0.9573       0.383928
         0.9574        0.38389
         0.9575       0.383851
         0.9576       0.383813
         0.9577       0.383775
         0.9578       0.383736
         0.9579       0.383698
          0.958       0.383659
         0.9581       0.383621
         0.9582       0.383583
         0.9583       0.383544
         0.9584       0.383506
         0.9585       0.383468
         0.9586       0.383429
         0.9587       0.383391
         0.9588       0.383353
         0.9589       0.383314
          0.959       0.383276
         0.9591       0.383238
         0.9592       0.383199
         0.9593       0.383161
         0.9594       0.383123
         0.9595       0.383084
         0.9596       0.383046
         0.9597       0.383008
         0.9598       0.382969
         0.9599       0.382931
           0.96       0.382893
         0.9601       0.382855
         0.9602       0.382816
         0.9603       0.382778
         0.9604        0.38274
         0.9605       0.382702
         0.9606       0.382663
         0.9607       0.382625
         0.9608       0.382587
         0.9609       0.382548
          0.961        0.38251
         0.9611       0.382472
         0.9612       0.382434
         0.9613       0.382395
         0.9614       0.382357
         0.9615       0.382319
         0.9616       0.382281
         0.9617       0.382243
         0.9618       0.382204
         0.9619       0.382166
          0.962       0.382128
         0.9621        0.38209
         0.9622       0.382051
         0.9623       0.382013
         0.9624       0.381975
         0.9625       0.381937
         0.9626       0.381899
         0.9627        0.38186
         0.9628       0.381822
         0.9629       0.381784
          0.963       0.381746
         0.9631       0.381708
         0.9632        0.38167
         0.9633       0.381631
         0.9634       0.381593
         0.9635       0.381555
         0.9636       0.381517
         0.9637       0.381479
         0.9638       0.381441
         0.9639       0.381403
          0.964       0.381364
         0.9641       0.381326
         0.9642       0.381288
         0.9643        0.38125
         0.9644       0.381212
         0.9645       0.381174
         0.9646       0.381136
         0.9647       0.381098
         0.9648       0.381059
         0.9649       0.381021
          0.965       0.380983
         0.9651       0.380945
         0.9652       0.380907
         0.9653       0.380869
         0.9654       0.380831
         0.9655       0.380793
         0.9656       0.380755
         0.9657       0.380717
         0.9658       0.380679
         0.9659        0.38064
          0.966       0.380602
         0.9661       0.380564
         0.9662       0.380526
         0.9663       0.380488
         0.9664        0.38045
         0.9665       0.380412
         0.9666       0.380374
         0.9667       0.380336
         0.9668       0.380298
         0.9669        0.38026
          0.967       0.380222
         0.9671       0.380184
         0.9672       0.380146
         0.9673       0.380108
         0.9674        0.38007
         0.9675       0.380032
         0.9676       0.379994
         0.9677       0.379956
         0.9678       0.379918
         0.9679        0.37988
          0.968       0.379842
         0.9681       0.379804
         0.9682       0.379766
         0.9683       0.379728
         0.9684        0.37969
         0.9685       0.379652
         0.9686       0.379614
         0.9687       0.379576
         0.9688       0.379538
         0.9689         0.3795
          0.969       0.379462
         0.9691       0.379424
         0.9692       0.379386
         0.9693       0.379349
         0.9694       0.379311
         0.9695       0.379273
         0.9696       0.379235
         0.9697       0.379197
         0.9698       0.379159
         0.9699       0.379121
           0.97       0.379083
         0.9701       0.379045
         0.9702       0.379007
         0.9703       0.378969
         0.9704       0.378931
         0.9705       0.378894
         0.9706       0.378856
         0.9707       0.378818
         0.9708        0.37878
         0.9709       0.378742
          0.971       0.378704
         0.9711       0.378666
         0.9712       0.378628
         0.9713       0.378591
         0.9714       0.378553
         0.9715       0.378515
         0.9716       0.378477
         0.9717       0.378439
         0.9718       0.378401
         0.9719       0.378363
          0.972       0.378326
         0.9721       0.378288
         0.9722        0.37825
         0.9723       0.378212
         0.9724       0.378174
         0.9725       0.378137
         0.9726       0.378099
         0.9727       0.378061
         0.9728       0.378023
         0.9729       0.377985
          0.973       0.377948
         0.9731        0.37791
         0.9732       0.377872
         0.9733       0.377834
         0.9734       0.377796
         0.9735       0.377759
         0.9736       0.377721
         0.9737       0.377683
         0.9738       0.377645
         0.9739       0.377608
          0.974        0.37757
         0.9741       0.377532
         0.9742       0.377494
         0.9743       0.377456
         0.9744       0.377419
         0.9745       0.377381
         0.9746       0.377343
         0.9747       0.377306
         0.9748       0.377268
         0.9749        0.37723
          0.975       0.377192
         0.9751       0.377155
         0.9752       0.377117
         0.9753       0.377079
         0.9754       0.377042
         0.9755       0.377004
         0.9756       0.376966
         0.9757       0.376928
         0.9758       0.376891
         0.9759       0.376853
          0.976       0.376815
         0.9761       0.376778
         0.9762        0.37674
         0.9763       0.376702
         0.9764       0.376665
         0.9765       0.376627
         0.9766       0.376589
         0.9767       0.376552
         0.9768       0.376514
         0.9769       0.376476
          0.977       0.376439
         0.9771       0.376401
         0.9772       0.376363
         0.9773       0.376326
         0.9774       0.376288
         0.9775       0.376251
         0.9776       0.376213
         0.9777       0.376175
         0.9778       0.376138
         0.9779         0.3761
          0.978       0.376062
         0.9781       0.376025
         0.9782       0.375987
         0.9783        0.37595
         0.9784       0.375912
         0.9785       0.375875
         0.9786       0.375837
         0.9787       0.375799
         0.9788       0.375762
         0.9789       0.375724
          0.979       0.375687
         0.9791       0.375649
         0.9792       0.375611
         0.9793       0.375574
         0.9794       0.375536
         0.9795       0.375499
         0.9796       0.375461
         0.9797       0.375424
         0.9798       0.375386
         0.9799       0.375349
           0.98       0.375311
         0.9801       0.375274
         0.9802       0.375236
         0.9803       0.375199
         0.9804       0.375161
         0.9805       0.375124
         0.9806       0.375086
         0.9807       0.375048
         0.9808       0.375011
         0.9809       0.374973
          0.981       0.374936
         0.9811       0.374899
         0.9812       0.374861
         0.9813       0.374824
         0.9814       0.374786
         0.9815       0.374749
         0.9816       0.374711
         0.9817       0.374674
         0.9818       0.374636
         0.9819       0.374599
          0.982       0.374561
         0.9821       0.374524
         0.9822       0.374486
         0.9823       0.374449
         0.9824       0.374411
         0.9825       0.374374
         0.9826       0.374337
         0.9827       0.374299
         0.9828       0.374262
         0.9829       0.374224
          0.983       0.374187
         0.9831       0.374149
         0.9832       0.374112
         0.9833       0.374075
         0.9834       0.374037
         0.9835          0.374
         0.9836       0.373962
         0.9837       0.373925
         0.9838       0.373888
         0.9839        0.37385
          0.984       0.373813
         0.9841       0.373775
         0.9842       0.373738
         0.9843       0.373701
         0.9844       0.373663
         0.9845       0.373626
         0.9846       0.373589
         0.9847       0.373551
         0.9848       0.373514
         0.9849       0.373477
          0.985       0.373439
         0.9851       0.373402
         0.9852       0.373365
         0.9853       0.373327
         0.9854        0.37329
         0.9855       0.373253
         0.9856       0.373215
         0.9857       0.373178
         0.9858       0.373141
         0.9859       0.373103
          0.986       0.373066
         0.9861       0.373029
         0.9862       0.372991
         0.9863       0.372954
         0.9864       0.372917
         0.9865        0.37288
         0.9866       0.372842
         0.9867       0.372805
         0.9868       0.372768
         0.9869        0.37273
          0.987       0.372693
         0.9871       0.372656
         0.9872       0.372619
         0.9873       0.372581
         0.9874       0.372544
         0.9875       0.372507
         0.9876        0.37247
         0.9877       0.372432
         0.9878       0.372395
         0.9879       0.372358
          0.988       0.372321
         0.9881       0.372283
         0.9882       0.372246
         0.9883       0.372209
         0.9884       0.372172
         0.9885       0.372134
         0.9886       0.372097
         0.9887        0.37206
         0.9888       0.372023
         0.9889       0.371986
          0.989       0.371948
         0.9891       0.371911
         0.9892       0.371874
         0.9893       0.371837
         0.9894         0.3718
         0.9895       0.371763
         0.9896       0.371725
         0.9897       0.371688
         0.9898       0.371651
         0.9899       0.371614
           0.99       0.371577
         0.9901        0.37154
         0.9902       0.371502
         0.9903       0.371465
         0.9904       0.371428
         0.9905       0.371391
         0.9906       0.371354
         0.9907       0.371317
         0.9908        0.37128
         0.9909       0.371242
          0.991       0.371205
         0.9911       0.371168
         0.9912       0.371131
         0.9913       0.371094
         0.9914       0.371057
         0.9915        0.37102
         0.9916       0.370983
         0.9917       0.370946
         0.9918       0.370908
         0.9919       0.370871
          0.992       0.370834
         0.9921       0.370797
         0.9922        0.37076
         0.9923       0.370723
         0.9924       0.370686
         0.9925       0.370649
         0.9926       0.370612
         0.9927       0.370575
         0.9928       0.370538
         0.9929       0.370501
          0.993       0.370464
         0.9931       0.370427
         0.9932        0.37039
         0.9933       0.370353
         0.9934       0.370315
         0.9935       0.370278
         0.9936       0.370241
         0.9937       0.370204
         0.9938       0.370167
         0.9939        0.37013
          0.994       0.370093
         0.9941       0.370056
         0.9942       0.370019
         0.9943       0.369982
         0.9944       0.369945
         0.9945       0.369908
         0.9946       0.369871
         0.9947       0.369834
         0.9948       0.369797
         0.9949        0.36976
          0.995       0.369723
         0.9951       0.369686
         0.9952        0.36965
         0.9953       0.369613
         0.9954       0.369576
         0.9955       0.369539
         0.9956       0.369502
         0.9957       0.369465
         0.9958       0.369428
         0.9959       0.369391
          0.996       0.369354
         0.9961       0.369317
         0.9962        0.36928
         0.9963       0.369243
         0.9964       0.369206
         0.9965       0.369169
         0.9966       0.369132
         0.9967       0.369095
         0.9968       0.369059
         0.9969       0.369022
          0.997       0.368985
         0.9971       0.368948
         0.9972       0.368911
         0.9973       0.368874
         0.9974       0.368837
         0.9975         0.3688
         0.9976       0.368763
         0.9977       0.368727
         0.9978        0.36869
         0.9979       0.368653
          0.998       0.368616
         0.9981       0.368579
         0.9982       0.368542
         0.9983       0.368505
         0.9984       0.368469
         0.9985       0.368432
         0.9986       0.368395
         0.9987       0.368358
         0.9988       0.368321
         0.9989       0.368284
          0.999       0.368248
         0.9991       0.368211
         0.9992       0.368174
         0.9993       0.368137
         0.9994         0.3681
         0.9995       0.368063
         0.9996       0.368027
         0.9997        0.36799
         0.9998       0.367953
         0.9999       0.367916
              1       0.367879
         1.0001       0.367843
         1.0002       0.367806
         1.0003       0.367769
         1.0004       0.367732
         1.0005       0.367696
         1.0006       0.367659
         1.0007       0.367622
         1.0008       0.367585
         1.0009       0.367549
          1.001       0.367512
         1.0011       0.367475
         1.0012       0.367438
         1.0013       0.367402
         1.0014       0.367365
         1.0015       0.367328
         1.0016       0.367291
         1.0017       0.367255
         1.0018       0.367218
         1.0019       0.367181
          1.002       0.367144
         1.0021       0.367108
         1.0022       0.367071
         1.0023       0.367034
         1.0024       0.366998
         1.0025       0.366961
         1.0026       0.366924
         1.0027       0.366888
         1.0028       0.366851
         1.0029       0.366814
          1.003       0.366777
         1.0031       0.366741
         1.0032       0.366704
         1.0033       0.366667
         1.0034       0.366631
         1.0035       0.366594
         1.0036       0.366557
         1.0037       0.366521
         1.0038       0.366484
         1.0039       0.366448
          1.004       0.366411
         1.0041       0.366374
         1.0042       0.366338
         1.0043       0.366301
         1.0044       0.366264
         1.0045       0.366228
         1.0046       0.366191
         1.0047       0.366154
         1.0048       0.366118
         1.0049       0.366081
          1.005       0.366045
         1.0051       0.366008
         1.0052       0.365971
         1.0053       0.365935
         1.0054       0.365898
         1.0055       0.365862
         1.0056       0.365825
         1.0057       0.365789
         1.0058       0.365752
         1.0059       0.365715
          1.006       0.365679
         1.0061       0.365642
         1.0062       0.365606
         1.0063       0.365569
         1.0064       0.365533
         1.0065       0.365496
         1.0066       0.365459
         1.0067       0.365423
         1.0068       0.365386
         1.0069        0.36535
          1.007       0.365313
         1.0071       0.365277
         1.0072        0.36524
         1.0073       0.365204
         1.0074       0.365167
         1.0075       0.365131
         1.0076       0.365094
         1.0077       0.365058
         1.0078       0.365021
         1.0079       0.364985
          1.008       0.364948
         1.0081       0.364912
         1.0082       0.364875
         1.0083       0.364839
         1.0084       0.364802
         1.0085       0.364766
         1.0086       0.364729
         1.0087       0.364693
         1.0088       0.364656
         1.0089        0.36462
          1.009       0.364583
         1.0091       0.364547
         1.0092        0.36451
         1.0093       0.364474
         1.0094       0.364438
         1.0095       0.364401
         1.0096       0.364365
         1.0097       0.364328
         1.0098       0.364292
         1.0099       0.364255
           1.01       0.364219
         1.0101       0.364183
         1.0102       0.364146
         1.0103        0.36411
         1.0104       0.364073
         1.0105       0.364037
         1.0106       0.364001
         1.0107       0.363964
         1.0108       0.363928
         1.0109       0.363891
          1.011       0.363855
         1.0111       0.363819
         1.0112       0.363782
         1.0113       0.363746
         1.0114       0.363709
         1.0115       0.363673
         1.0116       0.363637
         1.0117         0.3636
         1.0118       0.363564
         1.0119       0.363528
          1.012       0.363491
         1.0121       0.363455
         1.0122       0.363419
         1.0123       0.363382
         1.0124       0.363346
         1.0125        0.36331
         1.0126       0.363273
         1.0127       0.363237
         1.0128       0.363201
         1.0129       0.363164
          1.013       0.363128
         1.0131       0.363092
         1.0132       0.363055
         1.0133       0.363019
         1.0134       0.362983
         1.0135       0.362946
         1.0136        0.36291
         1.0137       0.362874
         1.0138       0.362838
         1.0139       0.362801
          1.014       0.362765
         1.0141       0.362729
         1.0142       0.362692
         1.0143       0.362656
         1.0144        0.36262
         1.0145       0.362584
         1.0146       0.362547
         1.0147       0.362511
         1.0148       0.362475
         1.0149       0.362439
          1.015       0.362402
         1.0151       0.362366
         1.0152        0.36233
         1.0153       0.362294
         1.0154       0.362258
         1.0155       0.362221
         1.0156       0.362185
         1.0157       0.362149
         1.0158       0.362113
         1.0159       0.362076
          1.016        0.36204
         1.0161       0.362004
         1.0162       0.361968
         1.0163       0.361932
         1.0164       0.361895
         1.0165       0.361859
         1.0166       0.361823
         1.0167       0.361787
         1.0168       0.361751
         1.0169       0.361715
          1.017       0.361678
         1.0171       0.361642
         1.0172       0.361606
         1.0173        0.36157
         1.0174       0.361534
         1.0175       0.361498
         1.0176       0.361461
         1.0177       0.361425
         1.0178       0.361389
         1.0179       0.361353
          1.018       0.361317
         1.0181       0.361281
         1.0182       0.361245
         1.0183       0.361208
         1.0184       0.361172
         1.0185       0.361136
         1.0186         0.3611
         1.0187       0.361064
         1.0188       0.361028
         1.0189       0.360992
          1.019       0.360956
         1.0191        0.36092
         1.0192       0.360884
         1.0193       0.360847
         1.0194       0.360811
         1.0195       0.360775
         1.0196       0.360739
         1.0197       0.360703
         1.0198       0.360667
         1.0199       0.360631
           1.02       0.360595
         1.0201       0.360559
         1.0202       0.360523
         1.0203       0.360487
         1.0204       0.360451
         1.0205       0.360415
         1.0206       0.360379
         1.0207       0.360343
         1.0208       0.360307
         1.0209       0.360271
          1.021       0.360235
         1.0211       0.360199
         1.0212       0.360163
         1.0213       0.360126
         1.0214        0.36009
         1.0215       0.360054
         1.0216       0.360018
         1.0217       0.359982
         1.0218       0.359946
         1.0219        0.35991
          1.022       0.359874
         1.0221       0.359839
         1.0222       0.359803
         1.0223       0.359767
         1.0224       0.359731
         1.0225       0.359695
         1.0226       0.359659
         1.0227       0.359623
         1.0228       0.359587
         1.0229       0.359551
          1.023       0.359515
         1.0231       0.359479
         1.0232       0.359443
         1.0233       0.359407
         1.0234       0.359371
         1.0235       0.359335
         1.0236       0.359299
         1.0237       0.359263
         1.0238       0.359227
         1.0239       0.359191
          1.024       0.359155
         1.0241        0.35912
         1.0242       0.359084
         1.0243       0.359048
         1.0244       0.359012
         1.0245       0.358976
         1.0246        0.35894
         1.0247       0.358904
         1.0248       0.358868
         1.0249       0.358832
          1.025       0.358796
         1.0251       0.358761
         1.0252       0.358725
         1.0253       0.358689
         1.0254       0.358653
         1.0255       0.358617
         1.0256       0.358581
         1.0257       0.358545
         1.0258        0.35851
         1.0259       0.358474
          1.026       0.358438
         1.0261       0.358402
         1.0262       0.358366
         1.0263        0.35833
         1.0264       0.358295
         1.0265       0.358259
         1.0266       0.358223
         1.0267       0.358187
         1.0268       0.358151
         1.0269       0.358115
          1.027        0.35808
         1.0271       0.358044
         1.0272       0.358008
         1.0273       0.357972
         1.0274       0.357936
         1.0275       0.357901
         1.0276       0.357865
         1.0277       0.357829
         1.0278       0.357793
         1.0279       0.357757
          1.028       0.357722
         1.0281       0.357686
         1.0282        0.35765
         1.0283       0.357614
         1.0284       0.357579
         1.0285       0.357543
         1.0286       0.357507
         1.0287       0.357471
         1.0288       0.357436
         1.0289         0.3574
          1.029       0.357364
         1.0291       0.357328
         1.0292       0.357293
         1.0293       0.357257
         1.0294       0.357221
         1.0295       0.357186
         1.0296        0.35715
         1.0297       0.357114
         1.0298       0.357078
         1.0299       0.357043
           1.03       0.357007
         1.0301       0.356971
         1.0302       0.356936
         1.0303         0.3569
         1.0304       0.356864
         1.0305       0.356829
         1.0306       0.356793
         1.0307       0.356757
         1.0308       0.356721
         1.0309       0.356686
          1.031        0.35665
         1.0311       0.356614
         1.0312       0.356579
         1.0313       0.356543
         1.0314       0.356508
         1.0315       0.356472
         1.0316       0.356436
         1.0317       0.356401
         1.0318       0.356365
         1.0319       0.356329
          1.032       0.356294
         1.0321       0.356258
         1.0322       0.356222
         1.0323       0.356187
         1.0324       0.356151
         1.0325       0.356116
         1.0326        0.35608
         1.0327       0.356044
         1.0328       0.356009
         1.0329       0.355973
          1.033       0.355938
         1.0331       0.355902
         1.0332       0.355866
         1.0333       0.355831
         1.0334       0.355795
         1.0335        0.35576
         1.0336       0.355724
         1.0337       0.355688
         1.0338       0.355653
         1.0339       0.355617
          1.034       0.355582
         1.0341       0.355546
         1.0342       0.355511
         1.0343       0.355475
         1.0344        0.35544
         1.0345       0.355404
         1.0346       0.355369
         1.0347       0.355333
         1.0348       0.355297
         1.0349       0.355262
          1.035       0.355226
         1.0351       0.355191
         1.0352       0.355155
         1.0353        0.35512
         1.0354       0.355084
         1.0355       0.355049
         1.0356       0.355013
         1.0357       0.354978
         1.0358       0.354942
         1.0359       0.354907
          1.036       0.354871
         1.0361       0.354836
         1.0362         0.3548
         1.0363       0.354765
         1.0364       0.354729
         1.0365       0.354694
         1.0366       0.354658
         1.0367       0.354623
         1.0368       0.354588
         1.0369       0.354552
          1.037       0.354517
         1.0371       0.354481
         1.0372       0.354446
         1.0373        0.35441
         1.0374       0.354375
         1.0375       0.354339
         1.0376       0.354304
         1.0377       0.354269
         1.0378       0.354233
         1.0379       0.354198
          1.038       0.354162
         1.0381       0.354127
         1.0382       0.354091
         1.0383       0.354056
         1.0384       0.354021
         1.0385       0.353985
         1.0386        0.35395
         1.0387       0.353914
         1.0388       0.353879
         1.0389       0.353844
          1.039       0.353808
         1.0391       0.353773
         1.0392       0.353738
         1.0393       0.353702
         1.0394       0.353667
         1.0395       0.353631
         1.0396       0.353596
         1.0397       0.353561
         1.0398       0.353525
         1.0399        0.35349
           1.04       0.353455
         1.0401       0.353419
         1.0402       0.353384
         1.0403       0.353349
         1.0404       0.353313
         1.0405       0.353278
         1.0406       0.353243
         1.0407       0.353207
         1.0408       0.353172
         1.0409       0.353137
          1.041       0.353101
         1.0411       0.353066
         1.0412       0.353031
         1.0413       0.352996
         1.0414        0.35296
         1.0415       0.352925
         1.0416        0.35289
         1.0417       0.352854
         1.0418       0.352819
         1.0419       0.352784
          1.042       0.352748
         1.0421       0.352713
         1.0422       0.352678
         1.0423       0.352643
         1.0424       0.352607
         1.0425       0.352572
         1.0426       0.352537
         1.0427       0.352502
         1.0428       0.352466
         1.0429       0.352431
          1.043       0.352396
         1.0431       0.352361
         1.0432       0.352325
         1.0433        0.35229
         1.0434       0.352255
         1.0435        0.35222
         1.0436       0.352185
         1.0437       0.352149
         1.0438       0.352114
         1.0439       0.352079
          1.044       0.352044
         1.0441       0.352009
         1.0442       0.351973
         1.0443       0.351938
         1.0444       0.351903
         1.0445       0.351868
         1.0446       0.351833
         1.0447       0.351797
         1.0448       0.351762
         1.0449       0.351727
          1.045       0.351692
         1.0451       0.351657
         1.0452       0.351622
         1.0453       0.351586
         1.0454       0.351551
         1.0455       0.351516
         1.0456       0.351481
         1.0457       0.351446
         1.0458       0.351411
         1.0459       0.351375
          1.046        0.35134
         1.0461       0.351305
         1.0462        0.35127
         1.0463       0.351235
         1.0464         0.3512
         1.0465       0.351165
         1.0466        0.35113
         1.0467       0.351094
         1.0468       0.351059
         1.0469       0.351024
          1.047       0.350989
         1.0471       0.350954
         1.0472       0.350919
         1.0473       0.350884
         1.0474       0.350849
         1.0475       0.350814
         1.0476       0.350779
         1.0477       0.350744
         1.0478       0.350708
         1.0479       0.350673
          1.048       0.350638
         1.0481       0.350603
         1.0482       0.350568
         1.0483       0.350533
         1.0484       0.350498
         1.0485       0.350463
         1.0486       0.350428
         1.0487       0.350393
         1.0488       0.350358
         1.0489       0.350323
          1.049       0.350288
         1.0491       0.350253
         1.0492       0.350218
         1.0493       0.350183
         1.0494       0.350148
         1.0495       0.350113
         1.0496       0.350078
         1.0497       0.350043
         1.0498       0.350008
         1.0499       0.349973
           1.05       0.349938
         1.0501       0.349903
         1.0502       0.349868
         1.0503       0.349833
         1.0504       0.349798
         1.0505       0.349763
         1.0506       0.349728
         1.0507       0.349693
         1.0508       0.349658
         1.0509       0.349623
          1.051       0.349588
         1.0511       0.349553
         1.0512       0.349518
         1.0513       0.349483
         1.0514       0.349448
         1.0515       0.349413
         1.0516       0.349378
         1.0517       0.349343
         1.0518       0.349308
         1.0519       0.349274
          1.052       0.349239
         1.0521       0.349204
         1.0522       0.349169
         1.0523       0.349134
         1.0524       0.349099
         1.0525       0.349064
         1.0526       0.349029
         1.0527       0.348994
         1.0528       0.348959
         1.0529       0.348924
          1.053        0.34889
         1.0531       0.348855
         1.0532        0.34882
         1.0533       0.348785
         1.0534        0.34875
         1.0535       0.348715
         1.0536        0.34868
         1.0537       0.348645
         1.0538       0.348611
         1.0539       0.348576
          1.054       0.348541
         1.0541       0.348506
         1.0542       0.348471
         1.0543       0.348436
         1.0544       0.348401
         1.0545       0.348367
         1.0546       0.348332
         1.0547       0.348297
         1.0548       0.348262
         1.0549       0.348227
          1.055       0.348192
         1.0551       0.348158
         1.0552       0.348123
         1.0553       0.348088
         1.0554       0.348053
         1.0555       0.348018
         1.0556       0.347984
         1.0557       0.347949
         1.0558       0.347914
         1.0559       0.347879
          1.056       0.347844
         1.0561        0.34781
         1.0562       0.347775
         1.0563        0.34774
         1.0564       0.347705
         1.0565       0.347671
         1.0566       0.347636
         1.0567       0.347601
         1.0568       0.347566
         1.0569       0.347532
          1.057       0.347497
         1.0571       0.347462
         1.0572       0.347427
         1.0573       0.347393
         1.0574       0.347358
         1.0575       0.347323
         1.0576       0.347288
         1.0577       0.347254
         1.0578       0.347219
         1.0579       0.347184
          1.058       0.347149
         1.0581       0.347115
         1.0582        0.34708
         1.0583       0.347045
         1.0584       0.347011
         1.0585       0.346976
         1.0586       0.346941
         1.0587       0.346907
         1.0588       0.346872
         1.0589       0.346837
          1.059       0.346802
         1.0591       0.346768
         1.0592       0.346733
         1.0593       0.346698
         1.0594       0.346664
         1.0595       0.346629
         1.0596       0.346594
         1.0597        0.34656
         1.0598       0.346525
         1.0599        0.34649
           1.06       0.346456
         1.0601       0.346421
         1.0602       0.346387
         1.0603       0.346352
         1.0604       0.346317
         1.0605       0.346283
         1.0606       0.346248
         1.0607       0.346213
         1.0608       0.346179
         1.0609       0.346144
          1.061        0.34611
         1.0611       0.346075
         1.0612        0.34604
         1.0613       0.346006
         1.0614       0.345971
         1.0615       0.345937
         1.0616       0.345902
         1.0617       0.345867
         1.0618       0.345833
         1.0619       0.345798
          1.062       0.345764
         1.0621       0.345729
         1.0622       0.345694
         1.0623        0.34566
         1.0624       0.345625
         1.0625       0.345591
         1.0626       0.345556
         1.0627       0.345522
         1.0628       0.345487
         1.0629       0.345453
          1.063       0.345418
         1.0631       0.345383
         1.0632       0.345349
         1.0633       0.345314
         1.0634        0.34528
         1.0635       0.345245
         1.0636       0.345211
         1.0637       0.345176
         1.0638       0.345142
         1.0639       0.345107
          1.064       0.345073
         1.0641       0.345038
         1.0642       0.345004
         1.0643       0.344969
         1.0644       0.344935
         1.0645         0.3449
         1.0646       0.344866
         1.0647       0.344831
         1.0648       0.344797
         1.0649       0.344762
          1.065       0.344728
         1.0651       0.344693
         1.0652       0.344659
         1.0653       0.344624
         1.0654        0.34459
         1.0655       0.344556
         1.0656       0.344521
         1.0657       0.344487
         1.0658       0.344452
         1.0659       0.344418
          1.066       0.344383
         1.0661       0.344349
         1.0662       0.344314
         1.0663        0.34428
         1.0664       0.344246
         1.0665       0.344211
         1.0666       0.344177
         1.0667       0.344142
         1.0668       0.344108
         1.0669       0.344074
          1.067       0.344039
         1.0671       0.344005
         1.0672        0.34397
         1.0673       0.343936
         1.0674       0.343902
         1.0675       0.343867
         1.0676       0.343833
         1.0677       0.343798
         1.0678       0.343764
         1.0679        0.34373
          1.068       0.343695
         1.0681       0.343661
         1.0682       0.343627
         1.0683       0.343592
         1.0684       0.343558
         1.0685       0.343523
         1.0686       0.343489
         1.0687       0.343455
         1.0688        0.34342
         1.0689       0.343386
          1.069       0.343352
         1.0691       0.343317
         1.0692       0.343283
         1.0693       0.343249
         1.0694       0.343214
         1.0695        0.34318
         1.0696       0.343146
         1.0697       0.343111
         1.0698       0.343077
         1.0699       0.343043
           1.07       0.343009
         1.0701       0.342974
         1.0702        0.34294
         1.0703       0.342906
         1.0704       0.342871
         1.0705       0.342837
         1.0706       0.342803
         1.0707       0.342769
         1.0708       0.342734
         1.0709         0.3427
          1.071       0.342666
         1.0711       0.342631
         1.0712       0.342597
         1.0713       0.342563
         1.0714       0.342529
         1.0715       0.342494
         1.0716        0.34246
         1.0717       0.342426
         1.0718       0.342392
         1.0719       0.342357
          1.072       0.342323
         1.0721       0.342289
         1.0722       0.342255
         1.0723       0.342221
         1.0724       0.342186
         1.0725       0.342152
         1.0726       0.342118
         1.0727       0.342084
         1.0728       0.342049
         1.0729       0.342015
          1.073       0.341981
         1.0731       0.341947
         1.0732       0.341913
         1.0733       0.341878
         1.0734       0.341844
         1.0735        0.34181
         1.0736       0.341776
         1.0737       0.341742
         1.0738       0.341708
         1.0739       0.341673
          1.074       0.341639
         1.0741       0.341605
         1.0742       0.341571
         1.0743       0.341537
         1.0744       0.341503
         1.0745       0.341468
         1.0746       0.341434
         1.0747         0.3414
         1.0748       0.341366
         1.0749       0.341332
          1.075       0.341298
         1.0751       0.341264
         1.0752        0.34123
         1.0753       0.341195
         1.0754       0.341161
         1.0755       0.341127
         1.0756       0.341093
         1.0757       0.341059
         1.0758       0.341025
         1.0759       0.340991
          1.076       0.340957
         1.0761       0.340923
         1.0762       0.340888
         1.0763       0.340854
         1.0764        0.34082
         1.0765       0.340786
         1.0766       0.340752
         1.0767       0.340718
         1.0768       0.340684
         1.0769        0.34065
          1.077       0.340616
         1.0771       0.340582
         1.0772       0.340548
         1.0773       0.340514
         1.0774        0.34048
         1.0775       0.340446
         1.0776       0.340412
         1.0777       0.340378
         1.0778       0.340343
         1.0779       0.340309
          1.078       0.340275
         1.0781       0.340241
         1.0782       0.340207
         1.0783       0.340173
         1.0784       0.340139
         1.0785       0.340105
         1.0786       0.340071
         1.0787       0.340037
         1.0788       0.340003
         1.0789       0.339969
          1.079       0.339935
         1.0791       0.339901
         1.0792       0.339867
         1.0793       0.339833
         1.0794       0.339799
         1.0795       0.339765
         1.0796       0.339731
         1.0797       0.339697
         1.0798       0.339663
         1.0799        0.33963
           1.08       0.339596
         1.0801       0.339562
         1.0802       0.339528
         1.0803       0.339494
         1.0804        0.33946
         1.0805       0.339426
         1.0806       0.339392
         1.0807       0.339358
         1.0808       0.339324
         1.0809        0.33929
          1.081       0.339256
         1.0811       0.339222
         1.0812       0.339188
         1.0813       0.339154
         1.0814        0.33912
         1.0815       0.339087
         1.0816       0.339053
         1.0817       0.339019
         1.0818       0.338985
         1.0819       0.338951
          1.082       0.338917
         1.0821       0.338883
         1.0822       0.338849
         1.0823       0.338815
         1.0824       0.338781
         1.0825       0.338748
         1.0826       0.338714
         1.0827        0.33868
         1.0828       0.338646
         1.0829       0.338612
          1.083       0.338578
         1.0831       0.338544
         1.0832       0.338511
         1.0833       0.338477
         1.0834       0.338443
         1.0835       0.338409
         1.0836       0.338375
         1.0837       0.338341
         1.0838       0.338308
         1.0839       0.338274
          1.084        0.33824
         1.0841       0.338206
         1.0842       0.338172
         1.0843       0.338138
         1.0844       0.338105
         1.0845       0.338071
         1.0846       0.338037
         1.0847       0.338003
         1.0848       0.337969
         1.0849       0.337936
          1.085       0.337902
         1.0851       0.337868
         1.0852       0.337834
         1.0853         0.3378
         1.0854       0.337767
         1.0855       0.337733
         1.0856       0.337699
         1.0857       0.337665
         1.0858       0.337632
         1.0859       0.337598
          1.086       0.337564
         1.0861        0.33753
         1.0862       0.337497
         1.0863       0.337463
         1.0864       0.337429
         1.0865       0.337395
         1.0866       0.337362
         1.0867       0.337328
         1.0868       0.337294
         1.0869        0.33726
          1.087       0.337227
         1.0871       0.337193
         1.0872       0.337159
         1.0873       0.337126
         1.0874       0.337092
         1.0875       0.337058
         1.0876       0.337024
         1.0877       0.336991
         1.0878       0.336957
         1.0879       0.336923
          1.088        0.33689
         1.0881       0.336856
         1.0882       0.336822
         1.0883       0.336789
         1.0884       0.336755
         1.0885       0.336721
         1.0886       0.336688
         1.0887       0.336654
         1.0888        0.33662
         1.0889       0.336587
          1.089       0.336553
         1.0891       0.336519
         1.0892       0.336486
         1.0893       0.336452
         1.0894       0.336418
         1.0895       0.336385
         1.0896       0.336351
         1.0897       0.336317
         1.0898       0.336284
         1.0899        0.33625
           1.09       0.336217
         1.0901       0.336183
         1.0902       0.336149
         1.0903       0.336116
         1.0904       0.336082
         1.0905       0.336048
         1.0906       0.336015
         1.0907       0.335981
         1.0908       0.335948
         1.0909       0.335914
          1.091        0.33588
         1.0911       0.335847
         1.0912       0.335813
         1.0913        0.33578
         1.0914       0.335746
         1.0915       0.335713
         1.0916       0.335679
         1.0917       0.335645
         1.0918       0.335612
         1.0919       0.335578
          1.092       0.335545
         1.0921       0.335511
         1.0922       0.335478
         1.0923       0.335444
         1.0924       0.335411
         1.0925       0.335377
         1.0926       0.335343
         1.0927        0.33531
         1.0928       0.335276
         1.0929       0.335243
          1.093       0.335209
         1.0931       0.335176
         1.0932       0.335142
         1.0933       0.335109
         1.0934       0.335075
         1.0935       0.335042
         1.0936       0.335008
         1.0937       0.334975
         1.0938       0.334941
         1.0939       0.334908
          1.094       0.334874
         1.0941       0.334841
         1.0942       0.334807
         1.0943       0.334774
         1.0944        0.33474
         1.0945       0.334707
         1.0946       0.334673
         1.0947        0.33464
         1.0948       0.334607
         1.0949       0.334573
          1.095        0.33454
         1.0951       0.334506
         1.0952       0.334473
         1.0953       0.334439
         1.0954       0.334406
         1.0955       0.334372
         1.0956       0.334339
         1.0957       0.334306
         1.0958       0.334272
         1.0959       0.334239
          1.096       0.334205
         1.0961       0.334172
         1.0962       0.334138
         1.0963       0.334105
         1.0964       0.334072
         1.0965       0.334038
         1.0966       0.334005
         1.0967       0.333971
         1.0968       0.333938
         1.0969       0.333905
          1.097       0.333871
         1.0971       0.333838
         1.0972       0.333804
         1.0973       0.333771
         1.0974       0.333738
         1.0975       0.333704
         1.0976       0.333671
         1.0977       0.333638
         1.0978       0.333604
         1.0979       0.333571
          1.098       0.333538
         1.0981       0.333504
         1.0982       0.333471
         1.0983       0.333437
         1.0984       0.333404
         1.0985       0.333371
         1.0986       0.333337
         1.0987       0.333304
         1.0988       0.333271
         1.0989       0.333237
          1.099       0.333204
         1.0991       0.333171
         1.0992       0.333138
         1.0993       0.333104
         1.0994       0.333071
         1.0995       0.333038
         1.0996       0.333004
         1.0997       0.332971
         1.0998       0.332938
         1.0999       0.332904
            1.1       0.332871
         1.1001       0.332838
         1.1002       0.332805
         1.1003       0.332771
         1.1004       0.332738
         1.1005       0.332705
         1.1006       0.332671
         1.1007       0.332638
         1.1008       0.332605
         1.1009       0.332572
          1.101       0.332538
         1.1011       0.332505
         1.1012       0.332472
         1.1013       0.332439
         1.1014       0.332405
         1.1015       0.332372
         1.1016       0.332339
         1.1017       0.332306
         1.1018       0.332272
         1.1019       0.332239
          1.102       0.332206
         1.1021       0.332173
         1.1022        0.33214
         1.1023       0.332106
         1.1024       0.332073
         1.1025        0.33204
         1.1026       0.332007
         1.1027       0.331974
         1.1028        0.33194
         1.1029       0.331907
          1.103       0.331874
         1.1031       0.331841
         1.1032       0.331808
         1.1033       0.331774
         1.1034       0.331741
         1.1035       0.331708
         1.1036       0.331675
         1.1037       0.331642
         1.1038       0.331609
         1.1039       0.331575
          1.104       0.331542
         1.1041       0.331509
         1.1042       0.331476
         1.1043       0.331443
         1.1044        0.33141
         1.1045       0.331377
         1.1046       0.331343
         1.1047        0.33131
         1.1048       0.331277
         1.1049       0.331244
          1.105       0.331211
         1.1051       0.331178
         1.1052       0.331145
         1.1053       0.331112
         1.1054       0.331078
         1.1055       0.331045
         1.1056       0.331012
         1.1057       0.330979
         1.1058       0.330946
         1.1059       0.330913
          1.106        0.33088
         1.1061       0.330847
         1.1062       0.330814
         1.1063       0.330781
         1.1064       0.330748
         1.1065       0.330714
         1.1066       0.330681
         1.1067       0.330648
         1.1068       0.330615
         1.1069       0.330582
          1.107       0.330549
         1.1071       0.330516
         1.1072       0.330483
         1.1073        0.33045
         1.1074       0.330417
         1.1075       0.330384
         1.1076       0.330351
         1.1077       0.330318
         1.1078       0.330285
         1.1079       0.330252
          1.108       0.330219
         1.1081       0.330186
         1.1082       0.330153
         1.1083        0.33012
         1.1084       0.330087
         1.1085       0.330054
         1.1086       0.330021
         1.1087       0.329988
         1.1088       0.329955
         1.1089       0.329922
          1.109       0.329889
         1.1091       0.329856
         1.1092       0.329823
         1.1093        0.32979
         1.1094       0.329757
         1.1095       0.329724
         1.1096       0.329691
         1.1097       0.329658
         1.1098       0.329625
         1.1099       0.329592
           1.11       0.329559
         1.1101       0.329526
         1.1102       0.329493
         1.1103        0.32946
         1.1104       0.329427
         1.1105       0.329394
         1.1106       0.329361
         1.1107       0.329328
         1.1108       0.329295
         1.1109       0.329263
          1.111        0.32923
         1.1111       0.329197
         1.1112       0.329164
         1.1113       0.329131
         1.1114       0.329098
         1.1115       0.329065
         1.1116       0.329032
         1.1117       0.328999
         1.1118       0.328966
         1.1119       0.328933
          1.112       0.328901
         1.1121       0.328868
         1.1122       0.328835
         1.1123       0.328802
         1.1124       0.328769
         1.1125       0.328736
         1.1126       0.328703
         1.1127        0.32867
         1.1128       0.328638
         1.1129       0.328605
          1.113       0.328572
         1.1131       0.328539
         1.1132       0.328506
         1.1133       0.328473
         1.1134        0.32844
         1.1135       0.328408
         1.1136       0.328375
         1.1137       0.328342
         1.1138       0.328309
         1.1139       0.328276
          1.114       0.328243
         1.1141       0.328211
         1.1142       0.328178
         1.1143       0.328145
         1.1144       0.328112
         1.1145       0.328079
         1.1146       0.328046
         1.1147       0.328014
         1.1148       0.327981
         1.1149       0.327948
          1.115       0.327915
         1.1151       0.327883
         1.1152        0.32785
         1.1153       0.327817
         1.1154       0.327784
         1.1155       0.327751
         1.1156       0.327719
         1.1157       0.327686
         1.1158       0.327653
         1.1159        0.32762
          1.116       0.327588
         1.1161       0.327555
         1.1162       0.327522
         1.1163       0.327489
         1.1164       0.327457
         1.1165       0.327424
         1.1166       0.327391
         1.1167       0.327358
         1.1168       0.327326
         1.1169       0.327293
          1.117        0.32726
         1.1171       0.327227
         1.1172       0.327195
         1.1173       0.327162
         1.1174       0.327129
         1.1175       0.327097
         1.1176       0.327064
         1.1177       0.327031
         1.1178       0.326998
         1.1179       0.326966
          1.118       0.326933
         1.1181         0.3269
         1.1182       0.326868
         1.1183       0.326835
         1.1184       0.326802
         1.1185        0.32677
         1.1186       0.326737
         1.1187       0.326704
         1.1188       0.326672
         1.1189       0.326639
          1.119       0.326606
         1.1191       0.326574
         1.1192       0.326541
         1.1193       0.326508
         1.1194       0.326476
         1.1195       0.326443
         1.1196        0.32641
         1.1197       0.326378
         1.1198       0.326345
         1.1199       0.326312
           1.12        0.32628
         1.1201       0.326247
         1.1202       0.326215
         1.1203       0.326182
         1.1204       0.326149
         1.1205       0.326117
         1.1206       0.326084
         1.1207       0.326051
         1.1208       0.326019
         1.1209       0.325986
          1.121       0.325954
         1.1211       0.325921
         1.1212       0.325889
         1.1213       0.325856
         1.1214       0.325823
         1.1215       0.325791
         1.1216       0.325758
         1.1217       0.325726
         1.1218       0.325693
         1.1219        0.32566
          1.122       0.325628
         1.1221       0.325595
         1.1222       0.325563
         1.1223        0.32553
         1.1224       0.325498
         1.1225       0.325465
         1.1226       0.325433
         1.1227         0.3254
         1.1228       0.325368
         1.1229       0.325335
          1.123       0.325302
         1.1231        0.32527
         1.1232       0.325237
         1.1233       0.325205
         1.1234       0.325172
         1.1235        0.32514
         1.1236       0.325107
         1.1237       0.325075
         1.1238       0.325042
         1.1239        0.32501
          1.124       0.324977
         1.1241       0.324945
         1.1242       0.324912
         1.1243        0.32488
         1.1244       0.324847
         1.1245       0.324815
         1.1246       0.324782
         1.1247        0.32475
         1.1248       0.324717
         1.1249       0.324685
          1.125       0.324652
         1.1251        0.32462
         1.1252       0.324588
         1.1253       0.324555
         1.1254       0.324523
         1.1255        0.32449
         1.1256       0.324458
         1.1257       0.324425
         1.1258       0.324393
         1.1259        0.32436
          1.126       0.324328
         1.1261       0.324296
         1.1262       0.324263
         1.1263       0.324231
         1.1264       0.324198
         1.1265       0.324166
         1.1266       0.324133
         1.1267       0.324101
         1.1268       0.324069
         1.1269       0.324036
          1.127       0.324004
         1.1271       0.323971
         1.1272       0.323939
         1.1273       0.323907
         1.1274       0.323874
         1.1275       0.323842
         1.1276       0.323809
         1.1277       0.323777
         1.1278       0.323745
         1.1279       0.323712
          1.128        0.32368
         1.1281       0.323648
         1.1282       0.323615
         1.1283       0.323583
         1.1284       0.323551
         1.1285       0.323518
         1.1286       0.323486
         1.1287       0.323453
         1.1288       0.323421
         1.1289       0.323389
          1.129       0.323356
         1.1291       0.323324
         1.1292       0.323292
         1.1293       0.323259
         1.1294       0.323227
         1.1295       0.323195
         1.1296       0.323163
         1.1297        0.32313
         1.1298       0.323098
         1.1299       0.323066
           1.13       0.323033
         1.1301       0.323001
         1.1302       0.322969
         1.1303       0.322936
         1.1304       0.322904
         1.1305       0.322872
         1.1306        0.32284
         1.1307       0.322807
         1.1308       0.322775
         1.1309       0.322743
          1.131        0.32271
         1.1311       0.322678
         1.1312       0.322646
         1.1313       0.322614
         1.1314       0.322581
         1.1315       0.322549
         1.1316       0.322517
         1.1317       0.322485
         1.1318       0.322452
         1.1319        0.32242
          1.132       0.322388
         1.1321       0.322356
         1.1322       0.322323
         1.1323       0.322291
         1.1324       0.322259
         1.1325       0.322227
         1.1326       0.322194
         1.1327       0.322162
         1.1328        0.32213
         1.1329       0.322098
          1.133       0.322066
         1.1331       0.322033
         1.1332       0.322001
         1.1333       0.321969
         1.1334       0.321937
         1.1335       0.321905
         1.1336       0.321872
         1.1337        0.32184
         1.1338       0.321808
         1.1339       0.321776
          1.134       0.321744
         1.1341       0.321712
         1.1342       0.321679
         1.1343       0.321647
         1.1344       0.321615
         1.1345       0.321583
         1.1346       0.321551
         1.1347       0.321519
         1.1348       0.321486
         1.1349       0.321454
          1.135       0.321422
         1.1351        0.32139
         1.1352       0.321358
         1.1353       0.321326
         1.1354       0.321294
         1.1355       0.321261
         1.1356       0.321229
         1.1357       0.321197
         1.1358       0.321165
         1.1359       0.321133
          1.136       0.321101
         1.1361       0.321069
         1.1362       0.321037
         1.1363       0.321005
         1.1364       0.320972
         1.1365        0.32094
         1.1366       0.320908
         1.1367       0.320876
         1.1368       0.320844
         1.1369       0.320812
          1.137        0.32078
         1.1371       0.320748
         1.1372       0.320716
         1.1373       0.320684
         1.1374       0.320652
         1.1375        0.32062
         1.1376       0.320588
         1.1377       0.320555
         1.1378       0.320523
         1.1379       0.320491
          1.138       0.320459
         1.1381       0.320427
         1.1382       0.320395
         1.1383       0.320363
         1.1384       0.320331
         1.1385       0.320299
         1.1386       0.320267
         1.1387       0.320235
         1.1388       0.320203
         1.1389       0.320171
          1.139       0.320139
         1.1391       0.320107
         1.1392       0.320075
         1.1393       0.320043
         1.1394       0.320011
         1.1395       0.319979
         1.1396       0.319947
         1.1397       0.319915
         1.1398       0.319883
         1.1399       0.319851
           1.14       0.319819
         1.1401       0.319787
         1.1402       0.319755
         1.1403       0.319723
         1.1404       0.319691
         1.1405       0.319659
         1.1406       0.319627
         1.1407       0.319595
         1.1408       0.319563
         1.1409       0.319531
          1.141       0.319499
         1.1411       0.319467
         1.1412       0.319435
         1.1413       0.319404
         1.1414       0.319372
         1.1415        0.31934
         1.1416       0.319308
         1.1417       0.319276
         1.1418       0.319244
         1.1419       0.319212
          1.142        0.31918
         1.1421       0.319148
         1.1422       0.319116
         1.1423       0.319084
         1.1424       0.319052
         1.1425        0.31902
         1.1426       0.318989
         1.1427       0.318957
         1.1428       0.318925
         1.1429       0.318893
          1.143       0.318861
         1.1431       0.318829
         1.1432       0.318797
         1.1433       0.318765
         1.1434       0.318733
         1.1435       0.318702
         1.1436        0.31867
         1.1437       0.318638
         1.1438       0.318606
         1.1439       0.318574
          1.144       0.318542
         1.1441        0.31851
         1.1442       0.318479
         1.1443       0.318447
         1.1444       0.318415
         1.1445       0.318383
         1.1446       0.318351
         1.1447       0.318319
         1.1448       0.318288
         1.1449       0.318256
          1.145       0.318224
         1.1451       0.318192
         1.1452        0.31816
         1.1453       0.318128
         1.1454       0.318097
         1.1455       0.318065
         1.1456       0.318033
         1.1457       0.318001
         1.1458       0.317969
         1.1459       0.317938
          1.146       0.317906
         1.1461       0.317874
         1.1462       0.317842
         1.1463       0.317811
         1.1464       0.317779
         1.1465       0.317747
         1.1466       0.317715
         1.1467       0.317683
         1.1468       0.317652
         1.1469        0.31762
          1.147       0.317588
         1.1471       0.317556
         1.1472       0.317525
         1.1473       0.317493
         1.1474       0.317461
         1.1475       0.317429
         1.1476       0.317398
         1.1477       0.317366
         1.1478       0.317334
         1.1479       0.317302
          1.148       0.317271
         1.1481       0.317239
         1.1482       0.317207
         1.1483       0.317176
         1.1484       0.317144
         1.1485       0.317112
         1.1486        0.31708
         1.1487       0.317049
         1.1488       0.317017
         1.1489       0.316985
          1.149       0.316954
         1.1491       0.316922
         1.1492        0.31689
         1.1493       0.316859
         1.1494       0.316827
         1.1495       0.316795
         1.1496       0.316763
         1.1497       0.316732
         1.1498         0.3167
         1.1499       0.316668
           1.15       0.316637
         1.1501       0.316605
         1.1502       0.316573
         1.1503       0.316542
         1.1504        0.31651
         1.1505       0.316479
         1.1506       0.316447
         1.1507       0.316415
         1.1508       0.316384
         1.1509       0.316352
          1.151        0.31632
         1.1511       0.316289
         1.1512       0.316257
         1.1513       0.316225
         1.1514       0.316194
         1.1515       0.316162
         1.1516       0.316131
         1.1517       0.316099
         1.1518       0.316067
         1.1519       0.316036
          1.152       0.316004
         1.1521       0.315973
         1.1522       0.315941
         1.1523       0.315909
         1.1524       0.315878
         1.1525       0.315846
         1.1526       0.315815
         1.1527       0.315783
         1.1528       0.315751
         1.1529        0.31572
          1.153       0.315688
         1.1531       0.315657
         1.1532       0.315625
         1.1533       0.315594
         1.1534       0.315562
         1.1535        0.31553
         1.1536       0.315499
         1.1537       0.315467
         1.1538       0.315436
         1.1539       0.315404
          1.154       0.315373
         1.1541       0.315341
         1.1542        0.31531
         1.1543       0.315278
         1.1544       0.315247
         1.1545       0.315215
         1.1546       0.315184
         1.1547       0.315152
         1.1548       0.315121
         1.1549       0.315089
          1.155       0.315058
         1.1551       0.315026
         1.1552       0.314995
         1.1553       0.314963
         1.1554       0.314932
         1.1555         0.3149
         1.1556       0.314869
         1.1557       0.314837
         1.1558       0.314806
         1.1559       0.314774
          1.156       0.314743
         1.1561       0.314711
         1.1562        0.31468
         1.1563       0.314648
         1.1564       0.314617
         1.1565       0.314585
         1.1566       0.314554
         1.1567       0.314522
         1.1568       0.314491
         1.1569        0.31446
          1.157       0.314428
         1.1571       0.314397
         1.1572       0.314365
         1.1573       0.314334
         1.1574       0.314302
         1.1575       0.314271
         1.1576       0.314239
         1.1577       0.314208
         1.1578       0.314177
         1.1579       0.314145
          1.158       0.314114
         1.1581       0.314082
         1.1582       0.314051
         1.1583        0.31402
         1.1584       0.313988
         1.1585       0.313957
         1.1586       0.313925
         1.1587       0.313894
         1.1588       0.313863
         1.1589       0.313831
          1.159         0.3138
         1.1591       0.313768
         1.1592       0.313737
         1.1593       0.313706
         1.1594       0.313674
         1.1595       0.313643
         1.1596       0.313612
         1.1597        0.31358
         1.1598       0.313549
         1.1599       0.313518
           1.16       0.313486
         1.1601       0.313455
         1.1602       0.313424
         1.1603       0.313392
         1.1604       0.313361
         1.1605       0.313329
         1.1606       0.313298
         1.1607       0.313267
         1.1608       0.313236
         1.1609       0.313204
          1.161       0.313173
         1.1611       0.313142
         1.1612        0.31311
         1.1613       0.313079
         1.1614       0.313048
         1.1615       0.313016
         1.1616       0.312985
         1.1617       0.312954
         1.1618       0.312922
         1.1619       0.312891
          1.162        0.31286
         1.1621       0.312829
         1.1622       0.312797
         1.1623       0.312766
         1.1624       0.312735
         1.1625       0.312703
         1.1626       0.312672
         1.1627       0.312641
         1.1628        0.31261
         1.1629       0.312578
          1.163       0.312547
         1.1631       0.312516
         1.1632       0.312485
         1.1633       0.312453
         1.1634       0.312422
         1.1635       0.312391
         1.1636        0.31236
         1.1637       0.312328
         1.1638       0.312297
         1.1639       0.312266
          1.164       0.312235
         1.1641       0.312204
         1.1642       0.312172
         1.1643       0.312141
         1.1644        0.31211
         1.1645       0.312079
         1.1646       0.312047
         1.1647       0.312016
         1.1648       0.311985
         1.1649       0.311954
          1.165       0.311923
         1.1651       0.311891
         1.1652        0.31186
         1.1653       0.311829
         1.1654       0.311798
         1.1655       0.311767
         1.1656       0.311736
         1.1657       0.311704
         1.1658       0.311673
         1.1659       0.311642
          1.166       0.311611
         1.1661        0.31158
         1.1662       0.311549
         1.1663       0.311517
         1.1664       0.311486
         1.1665       0.311455
         1.1666       0.311424
         1.1667       0.311393
         1.1668       0.311362
         1.1669       0.311331
          1.167       0.311299
         1.1671       0.311268
         1.1672       0.311237
         1.1673       0.311206
         1.1674       0.311175
         1.1675       0.311144
         1.1676       0.311113
         1.1677       0.311082
         1.1678       0.311051
         1.1679       0.311019
          1.168       0.310988
         1.1681       0.310957
         1.1682       0.310926
         1.1683       0.310895
         1.1684       0.310864
         1.1685       0.310833
         1.1686       0.310802
         1.1687       0.310771
         1.1688        0.31074
         1.1689       0.310709
          1.169       0.310677
         1.1691       0.310646
         1.1692       0.310615
         1.1693       0.310584
         1.1694       0.310553
         1.1695       0.310522
         1.1696       0.310491
         1.1697        0.31046
         1.1698       0.310429
         1.1699       0.310398
           1.17       0.310367
         1.1701       0.310336
         1.1702       0.310305
         1.1703       0.310274
         1.1704       0.310243
         1.1705       0.310212
         1.1706       0.310181
         1.1707        0.31015
         1.1708       0.310119
         1.1709       0.310088
          1.171       0.310057
         1.1711       0.310026
         1.1712       0.309995
         1.1713       0.309964
         1.1714       0.309933
         1.1715       0.309902
         1.1716       0.309871
         1.1717        0.30984
         1.1718       0.309809
         1.1719       0.309778
          1.172       0.309747
         1.1721       0.309716
         1.1722       0.309685
         1.1723       0.309654
         1.1724       0.309623
         1.1725       0.309592
         1.1726       0.309561
         1.1727        0.30953
         1.1728       0.309499
         1.1729       0.309468
          1.173       0.309437
         1.1731       0.309406
         1.1732       0.309375
         1.1733       0.309344
         1.1734       0.309314
         1.1735       0.309283
         1.1736       0.309252
         1.1737       0.309221
         1.1738        0.30919
         1.1739       0.309159
          1.174       0.309128
         1.1741       0.309097
         1.1742       0.309066
         1.1743       0.309035
         1.1744       0.309004
         1.1745       0.308973
         1.1746       0.308943
         1.1747       0.308912
         1.1748       0.308881
         1.1749        0.30885
          1.175       0.308819
         1.1751       0.308788
         1.1752       0.308757
         1.1753       0.308726
         1.1754       0.308695
         1.1755       0.308665
         1.1756       0.308634
         1.1757       0.308603
         1.1758       0.308572
         1.1759       0.308541
          1.176        0.30851
         1.1761       0.308479
         1.1762       0.308449
         1.1763       0.308418
         1.1764       0.308387
         1.1765       0.308356
         1.1766       0.308325
         1.1767       0.308294
         1.1768       0.308264
         1.1769       0.308233
          1.177       0.308202
         1.1771       0.308171
         1.1772        0.30814
         1.1773        0.30811
         1.1774       0.308079
         1.1775       0.308048
         1.1776       0.308017
         1.1777       0.307986
         1.1778       0.307956
         1.1779       0.307925
          1.178       0.307894
         1.1781       0.307863
         1.1782       0.307832
         1.1783       0.307802
         1.1784       0.307771
         1.1785        0.30774
         1.1786       0.307709
         1.1787       0.307678
         1.1788       0.307648
         1.1789       0.307617
          1.179       0.307586
         1.1791       0.307555
         1.1792       0.307525
         1.1793       0.307494
         1.1794       0.307463
         1.1795       0.307432
         1.1796       0.307402
         1.1797       0.307371
         1.1798        0.30734
         1.1799       0.307309
           1.18       0.307279
         1.1801       0.307248
         1.1802       0.307217
         1.1803       0.307187
         1.1804       0.307156
         1.1805       0.307125
         1.1806       0.307094
         1.1807       0.307064
         1.1808       0.307033
         1.1809       0.307002
          1.181       0.306972
         1.1811       0.306941
         1.1812        0.30691
         1.1813        0.30688
         1.1814       0.306849
         1.1815       0.306818
         1.1816       0.306788
         1.1817       0.306757
         1.1818       0.306726
         1.1819       0.306695
          1.182       0.306665
         1.1821       0.306634
         1.1822       0.306603
         1.1823       0.306573
         1.1824       0.306542
         1.1825       0.306512
         1.1826       0.306481
         1.1827        0.30645
         1.1828        0.30642
         1.1829       0.306389
          1.183       0.306358
         1.1831       0.306328
         1.1832       0.306297
         1.1833       0.306266
         1.1834       0.306236
         1.1835       0.306205
         1.1836       0.306175
         1.1837       0.306144
         1.1838       0.306113
         1.1839       0.306083
          1.184       0.306052
         1.1841       0.306021
         1.1842       0.305991
         1.1843        0.30596
         1.1844        0.30593
         1.1845       0.305899
         1.1846       0.305869
         1.1847       0.305838
         1.1848       0.305807
         1.1849       0.305777
          1.185       0.305746
         1.1851       0.305716
         1.1852       0.305685
         1.1853       0.305654
         1.1854       0.305624
         1.1855       0.305593
         1.1856       0.305563
         1.1857       0.305532
         1.1858       0.305502
         1.1859       0.305471
          1.186       0.305441
         1.1861        0.30541
         1.1862        0.30538
         1.1863       0.305349
         1.1864       0.305318
         1.1865       0.305288
         1.1866       0.305257
         1.1867       0.305227
         1.1868       0.305196
         1.1869       0.305166
          1.187       0.305135
         1.1871       0.305105
         1.1872       0.305074
         1.1873       0.305044
         1.1874       0.305013
         1.1875       0.304983
         1.1876       0.304952
         1.1877       0.304922
         1.1878       0.304891
         1.1879       0.304861
          1.188        0.30483
         1.1881         0.3048
         1.1882       0.304769
         1.1883       0.304739
         1.1884       0.304708
         1.1885       0.304678
         1.1886       0.304647
         1.1887       0.304617
         1.1888       0.304587
         1.1889       0.304556
          1.189       0.304526
         1.1891       0.304495
         1.1892       0.304465
         1.1893       0.304434
         1.1894       0.304404
         1.1895       0.304373
         1.1896       0.304343
         1.1897       0.304313
         1.1898       0.304282
         1.1899       0.304252
           1.19       0.304221
         1.1901       0.304191
         1.1902        0.30416
         1.1903        0.30413
         1.1904         0.3041
         1.1905       0.304069
         1.1906       0.304039
         1.1907       0.304008
         1.1908       0.303978
         1.1909       0.303948
          1.191       0.303917
         1.1911       0.303887
         1.1912       0.303856
         1.1913       0.303826
         1.1914       0.303796
         1.1915       0.303765
         1.1916       0.303735
         1.1917       0.303705
         1.1918       0.303674
         1.1919       0.303644
          1.192       0.303613
         1.1921       0.303583
         1.1922       0.303553
         1.1923       0.303522
         1.1924       0.303492
         1.1925       0.303462
         1.1926       0.303431
         1.1927       0.303401
         1.1928       0.303371
         1.1929        0.30334
          1.193        0.30331
         1.1931        0.30328
         1.1932       0.303249
         1.1933       0.303219
         1.1934       0.303189
         1.1935       0.303158
         1.1936       0.303128
         1.1937       0.303098
         1.1938       0.303067
         1.1939       0.303037
          1.194       0.303007
         1.1941       0.302977
         1.1942       0.302946
         1.1943       0.302916
         1.1944       0.302886
         1.1945       0.302855
         1.1946       0.302825
         1.1947       0.302795
         1.1948       0.302765
         1.1949       0.302734
          1.195       0.302704
         1.1951       0.302674
         1.1952       0.302643
         1.1953       0.302613
         1.1954       0.302583
         1.1955       0.302553
         1.1956       0.302522
         1.1957       0.302492
         1.1958       0.302462
         1.1959       0.302432
          1.196       0.302401
         1.1961       0.302371
         1.1962       0.302341
         1.1963       0.302311
         1.1964        0.30228
         1.1965        0.30225
         1.1966        0.30222
         1.1967        0.30219
         1.1968        0.30216
         1.1969       0.302129
          1.197       0.302099
         1.1971       0.302069
         1.1972       0.302039
         1.1973       0.302009
         1.1974       0.301978
         1.1975       0.301948
         1.1976       0.301918
         1.1977       0.301888
         1.1978       0.301858
         1.1979       0.301827
          1.198       0.301797
         1.1981       0.301767
         1.1982       0.301737
         1.1983       0.301707
         1.1984       0.301677
         1.1985       0.301646
         1.1986       0.301616
         1.1987       0.301586
         1.1988       0.301556
         1.1989       0.301526
          1.199       0.301496
         1.1991       0.301465
         1.1992       0.301435
         1.1993       0.301405
         1.1994       0.301375
         1.1995       0.301345
         1.1996       0.301315
         1.1997       0.301285
         1.1998       0.301254
         1.1999       0.301224
            1.2       0.301194
         1.2001       0.301164
         1.2002       0.301134
         1.2003       0.301104
         1.2004       0.301074
         1.2005       0.301044
         1.2006       0.301014
         1.2007       0.300983
         1.2008       0.300953
         1.2009       0.300923
          1.201       0.300893
         1.2011       0.300863
         1.2012       0.300833
         1.2013       0.300803
         1.2014       0.300773
         1.2015       0.300743
         1.2016       0.300713
         1.2017       0.300683
         1.2018       0.300653
         1.2019       0.300623
          1.202       0.300592
         1.2021       0.300562
         1.2022       0.300532
         1.2023       0.300502
         1.2024       0.300472
         1.2025       0.300442
         1.2026       0.300412
         1.2027       0.300382
         1.2028       0.300352
         1.2029       0.300322
          1.203       0.300292
         1.2031       0.300262
         1.2032       0.300232
         1.2033       0.300202
         1.2034       0.300172
         1.2035       0.300142
         1.2036       0.300112
         1.2037       0.300082
         1.2038       0.300052
         1.2039       0.300022
          1.204       0.299992
         1.2041       0.299962
         1.2042       0.299932
         1.2043       0.299902
         1.2044       0.299872
         1.2045       0.299842
         1.2046       0.299812
         1.2047       0.299782
         1.2048       0.299752
         1.2049       0.299722
          1.205       0.299692
         1.2051       0.299662
         1.2052       0.299632
         1.2053       0.299602
         1.2054       0.299572
         1.2055       0.299542
         1.2056       0.299512
         1.2057       0.299482
         1.2058       0.299452
         1.2059       0.299422
          1.206       0.299392
         1.2061       0.299363
         1.2062       0.299333
         1.2063       0.299303
         1.2064       0.299273
         1.2065       0.299243
         1.2066       0.299213
         1.2067       0.299183
         1.2068       0.299153
         1.2069       0.299123
          1.207       0.299093
         1.2071       0.299063
         1.2072       0.299033
         1.2073       0.299004
         1.2074       0.298974
         1.2075       0.298944
         1.2076       0.298914
         1.2077       0.298884
         1.2078       0.298854
         1.2079       0.298824
          1.208       0.298794
         1.2081       0.298764
         1.2082       0.298735
         1.2083       0.298705
         1.2084       0.298675
         1.2085       0.298645
         1.2086       0.298615
         1.2087       0.298585
         1.2088       0.298555
         1.2089       0.298525
          1.209       0.298496
         1.2091       0.298466
         1.2092       0.298436
         1.2093       0.298406
         1.2094       0.298376
         1.2095       0.298346
         1.2096       0.298317
         1.2097       0.298287
         1.2098       0.298257
         1.2099       0.298227
           1.21       0.298197
         1.2101       0.298167
         1.2102       0.298138
         1.2103       0.298108
         1.2104       0.298078
         1.2105       0.298048
         1.2106       0.298018
         1.2107       0.297989
         1.2108       0.297959
         1.2109       0.297929
          1.211       0.297899
         1.2111       0.297869
         1.2112        0.29784
         1.2113        0.29781
         1.2114        0.29778
         1.2115        0.29775
         1.2116       0.297721
         1.2117       0.297691
         1.2118       0.297661
         1.2119       0.297631
          1.212       0.297601
         1.2121       0.297572
         1.2122       0.297542
         1.2123       0.297512
         1.2124       0.297482
         1.2125       0.297453
         1.2126       0.297423
         1.2127       0.297393
         1.2128       0.297364
         1.2129       0.297334
          1.213       0.297304
         1.2131       0.297274
         1.2132       0.297245
         1.2133       0.297215
         1.2134       0.297185
         1.2135       0.297155
         1.2136       0.297126
         1.2137       0.297096
         1.2138       0.297066
         1.2139       0.297037
          1.214       0.297007
         1.2141       0.296977
         1.2142       0.296947
         1.2143       0.296918
         1.2144       0.296888
         1.2145       0.296858
         1.2146       0.296829
         1.2147       0.296799
         1.2148       0.296769
         1.2149        0.29674
          1.215        0.29671
         1.2151        0.29668
         1.2152       0.296651
         1.2153       0.296621
         1.2154       0.296591
         1.2155       0.296562
         1.2156       0.296532
         1.2157       0.296502
         1.2158       0.296473
         1.2159       0.296443
          1.216       0.296413
         1.2161       0.296384
         1.2162       0.296354
         1.2163       0.296325
         1.2164       0.296295
         1.2165       0.296265
         1.2166       0.296236
         1.2167       0.296206
         1.2168       0.296176
         1.2169       0.296147
          1.217       0.296117
         1.2171       0.296088
         1.2172       0.296058
         1.2173       0.296028
         1.2174       0.295999
         1.2175       0.295969
         1.2176        0.29594
         1.2177        0.29591
         1.2178        0.29588
         1.2179       0.295851
          1.218       0.295821
         1.2181       0.295792
         1.2182       0.295762
         1.2183       0.295732
         1.2184       0.295703
         1.2185       0.295673
         1.2186       0.295644
         1.2187       0.295614
         1.2188       0.295585
         1.2189       0.295555
          1.219       0.295526
         1.2191       0.295496
         1.2192       0.295466
         1.2193       0.295437
         1.2194       0.295407
         1.2195       0.295378
         1.2196       0.295348
         1.2197       0.295319
         1.2198       0.295289
         1.2199        0.29526
           1.22        0.29523
         1.2201       0.295201
         1.2202       0.295171
         1.2203       0.295142
         1.2204       0.295112
         1.2205       0.295083
         1.2206       0.295053
         1.2207       0.295024
         1.2208       0.294994
         1.2209       0.294965
          1.221       0.294935
         1.2211       0.294906
         1.2212       0.294876
         1.2213       0.294847
         1.2214       0.294817
         1.2215       0.294788
         1.2216       0.294758
         1.2217       0.294729
         1.2218       0.294699
         1.2219        0.29467
          1.222        0.29464
         1.2221       0.294611
         1.2222       0.294581
         1.2223       0.294552
         1.2224       0.294522
         1.2225       0.294493
         1.2226       0.294464
         1.2227       0.294434
         1.2228       0.294405
         1.2229       0.294375
          1.223       0.294346
         1.2231       0.294316
         1.2232       0.294287
         1.2233       0.294258
         1.2234       0.294228
         1.2235       0.294199
         1.2236       0.294169
         1.2237        0.29414
         1.2238        0.29411
         1.2239       0.294081
          1.224       0.294052
         1.2241       0.294022
         1.2242       0.293993
         1.2243       0.293963
         1.2244       0.293934
         1.2245       0.293905
         1.2246       0.293875
         1.2247       0.293846
         1.2248       0.293816
         1.2249       0.293787
          1.225       0.293758
         1.2251       0.293728
         1.2252       0.293699
         1.2253        0.29367
         1.2254        0.29364
         1.2255       0.293611
         1.2256       0.293582
         1.2257       0.293552
         1.2258       0.293523
         1.2259       0.293493
          1.226       0.293464
         1.2261       0.293435
         1.2262       0.293405
         1.2263       0.293376
         1.2264       0.293347
         1.2265       0.293317
         1.2266       0.293288
         1.2267       0.293259
         1.2268       0.293229
         1.2269         0.2932
          1.227       0.293171
         1.2271       0.293141
         1.2272       0.293112
         1.2273       0.293083
         1.2274       0.293054
         1.2275       0.293024
         1.2276       0.292995
         1.2277       0.292966
         1.2278       0.292936
         1.2279       0.292907
          1.228       0.292878
         1.2281       0.292848
         1.2282       0.292819
         1.2283        0.29279
         1.2284       0.292761
         1.2285       0.292731
         1.2286       0.292702
         1.2287       0.292673
         1.2288       0.292644
         1.2289       0.292614
          1.229       0.292585
         1.2291       0.292556
         1.2292       0.292527
         1.2293       0.292497
         1.2294       0.292468
         1.2295       0.292439
         1.2296        0.29241
         1.2297        0.29238
         1.2298       0.292351
         1.2299       0.292322
           1.23       0.292293
         1.2301       0.292263
         1.2302       0.292234
         1.2303       0.292205
         1.2304       0.292176
         1.2305       0.292146
         1.2306       0.292117
         1.2307       0.292088
         1.2308       0.292059
         1.2309        0.29203
          1.231          0.292
         1.2311       0.291971
         1.2312       0.291942
         1.2313       0.291913
         1.2314       0.291884
         1.2315       0.291854
         1.2316       0.291825
         1.2317       0.291796
         1.2318       0.291767
         1.2319       0.291738
          1.232       0.291709
         1.2321       0.291679
         1.2322        0.29165
         1.2323       0.291621
         1.2324       0.291592
         1.2325       0.291563
         1.2326       0.291534
         1.2327       0.291504
         1.2328       0.291475
         1.2329       0.291446
          1.233       0.291417
         1.2331       0.291388
         1.2332       0.291359
         1.2333        0.29133
         1.2334         0.2913
         1.2335       0.291271
         1.2336       0.291242
         1.2337       0.291213
         1.2338       0.291184
         1.2339       0.291155
          1.234       0.291126
         1.2341       0.291097
         1.2342       0.291068
         1.2343       0.291038
         1.2344       0.291009
         1.2345        0.29098
         1.2346       0.290951
         1.2347       0.290922
         1.2348       0.290893
         1.2349       0.290864
          1.235       0.290835
         1.2351       0.290806
         1.2352       0.290777
         1.2353       0.290748
         1.2354       0.290718
         1.2355       0.290689
         1.2356        0.29066
         1.2357       0.290631
         1.2358       0.290602
         1.2359       0.290573
          1.236       0.290544
         1.2361       0.290515
         1.2362       0.290486
         1.2363       0.290457
         1.2364       0.290428
         1.2365       0.290399
         1.2366        0.29037
         1.2367       0.290341
         1.2368       0.290312
         1.2369       0.290283
          1.237       0.290254
         1.2371       0.290225
         1.2372       0.290196
         1.2373       0.290167
         1.2374       0.290138
         1.2375       0.290109
         1.2376        0.29008
         1.2377       0.290051
         1.2378       0.290022
         1.2379       0.289993
          1.238       0.289964
         1.2381       0.289935
         1.2382       0.289906
         1.2383       0.289877
         1.2384       0.289848
         1.2385       0.289819
         1.2386        0.28979
         1.2387       0.289761
         1.2388       0.289732
         1.2389       0.289703
          1.239       0.289674
         1.2391       0.289645
         1.2392       0.289616
         1.2393       0.289587
         1.2394       0.289558
         1.2395       0.289529
         1.2396         0.2895
         1.2397       0.289471
         1.2398       0.289442
         1.2399       0.289413
           1.24       0.289384
         1.2401       0.289355
         1.2402       0.289326
         1.2403       0.289297
         1.2404       0.289269
         1.2405        0.28924
         1.2406       0.289211
         1.2407       0.289182
         1.2408       0.289153
         1.2409       0.289124
          1.241       0.289095
         1.2411       0.289066
         1.2412       0.289037
         1.2413       0.289008
         1.2414       0.288979
         1.2415        0.28895
         1.2416       0.288922
         1.2417       0.288893
         1.2418       0.288864
         1.2419       0.288835
          1.242       0.288806
         1.2421       0.288777
         1.2422       0.288748
         1.2423       0.288719
         1.2424       0.288691
         1.2425       0.288662
         1.2426       0.288633
         1.2427       0.288604
         1.2428       0.288575
         1.2429       0.288546
          1.243       0.288517
         1.2431       0.288489
         1.2432        0.28846
         1.2433       0.288431
         1.2434       0.288402
         1.2435       0.288373
         1.2436       0.288344
         1.2437       0.288315
         1.2438       0.288287
         1.2439       0.288258
          1.244       0.288229
         1.2441         0.2882
         1.2442       0.288171
         1.2443       0.288143
         1.2444       0.288114
         1.2445       0.288085
         1.2446       0.288056
         1.2447       0.288027
         1.2448       0.287999
         1.2449        0.28797
          1.245       0.287941
         1.2451       0.287912
         1.2452       0.287883
         1.2453       0.287855
         1.2454       0.287826
         1.2455       0.287797
         1.2456       0.287768
         1.2457       0.287739
         1.2458       0.287711
         1.2459       0.287682
          1.246       0.287653
         1.2461       0.287624
         1.2462       0.287596
         1.2463       0.287567
         1.2464       0.287538
         1.2465       0.287509
         1.2466       0.287481
         1.2467       0.287452
         1.2468       0.287423
         1.2469       0.287394
          1.247       0.287366
         1.2471       0.287337
         1.2472       0.287308
         1.2473       0.287279
         1.2474       0.287251
         1.2475       0.287222
         1.2476       0.287193
         1.2477       0.287165
         1.2478       0.287136
         1.2479       0.287107
          1.248       0.287078
         1.2481        0.28705
         1.2482       0.287021
         1.2483       0.286992
         1.2484       0.286964
         1.2485       0.286935
         1.2486       0.286906
         1.2487       0.286878
         1.2488       0.286849
         1.2489        0.28682
          1.249       0.286791
         1.2491       0.286763
         1.2492       0.286734
         1.2493       0.286705
         1.2494       0.286677
         1.2495       0.286648
         1.2496       0.286619
         1.2497       0.286591
         1.2498       0.286562
         1.2499       0.286533
           1.25       0.286505
         1.2501       0.286476
         1.2502       0.286448
         1.2503       0.286419
         1.2504        0.28639
         1.2505       0.286362
         1.2506       0.286333
         1.2507       0.286304
         1.2508       0.286276
         1.2509       0.286247
          1.251       0.286218
         1.2511        0.28619
         1.2512       0.286161
         1.2513       0.286133
         1.2514       0.286104
         1.2515       0.286075
         1.2516       0.286047
         1.2517       0.286018
         1.2518        0.28599
         1.2519       0.285961
          1.252       0.285932
         1.2521       0.285904
         1.2522       0.285875
         1.2523       0.285847
         1.2524       0.285818
         1.2525       0.285789
         1.2526       0.285761
         1.2527       0.285732
         1.2528       0.285704
         1.2529       0.285675
          1.253       0.285647
         1.2531       0.285618
         1.2532       0.285589
         1.2533       0.285561
         1.2534       0.285532
         1.2535       0.285504
         1.2536       0.285475
         1.2537       0.285447
         1.2538       0.285418
         1.2539        0.28539
          1.254       0.285361
         1.2541       0.285333
         1.2542       0.285304
         1.2543       0.285275
         1.2544       0.285247
         1.2545       0.285218
         1.2546        0.28519
         1.2547       0.285161
         1.2548       0.285133
         1.2549       0.285104
          1.255       0.285076
         1.2551       0.285047
         1.2552       0.285019
         1.2553        0.28499
         1.2554       0.284962
         1.2555       0.284933
         1.2556       0.284905
         1.2557       0.284876
         1.2558       0.284848
         1.2559       0.284819
          1.256       0.284791
         1.2561       0.284762
         1.2562       0.284734
         1.2563       0.284706
         1.2564       0.284677
         1.2565       0.284649
         1.2566        0.28462
         1.2567       0.284592
         1.2568       0.284563
         1.2569       0.284535
          1.257       0.284506
         1.2571       0.284478
         1.2572       0.284449
         1.2573       0.284421
         1.2574       0.284393
         1.2575       0.284364
         1.2576       0.284336
         1.2577       0.284307
         1.2578       0.284279
         1.2579        0.28425
          1.258       0.284222
         1.2581       0.284193
         1.2582       0.284165
         1.2583       0.284137
         1.2584       0.284108
         1.2585        0.28408
         1.2586       0.284051
         1.2587       0.284023
         1.2588       0.283995
         1.2589       0.283966
          1.259       0.283938
         1.2591       0.283909
         1.2592       0.283881
         1.2593       0.283853
         1.2594       0.283824
         1.2595       0.283796
         1.2596       0.283768
         1.2597       0.283739
         1.2598       0.283711
         1.2599       0.283682
           1.26       0.283654
         1.2601       0.283626
         1.2602       0.283597
         1.2603       0.283569
         1.2604       0.283541
         1.2605       0.283512
         1.2606       0.283484
         1.2607       0.283456
         1.2608       0.283427
         1.2609       0.283399
          1.261       0.283371
         1.2611       0.283342
         1.2612       0.283314
         1.2613       0.283286
         1.2614       0.283257
         1.2615       0.283229
         1.2616       0.283201
         1.2617       0.283172
         1.2618       0.283144
         1.2619       0.283116
          1.262       0.283087
         1.2621       0.283059
         1.2622       0.283031
         1.2623       0.283002
         1.2624       0.282974
         1.2625       0.282946
         1.2626       0.282917
         1.2627       0.282889
         1.2628       0.282861
         1.2629       0.282833
          1.263       0.282804
         1.2631       0.282776
         1.2632       0.282748
         1.2633        0.28272
         1.2634       0.282691
         1.2635       0.282663
         1.2636       0.282635
         1.2637       0.282606
         1.2638       0.282578
         1.2639        0.28255
          1.264       0.282522
         1.2641       0.282493
         1.2642       0.282465
         1.2643       0.282437
         1.2644       0.282409
         1.2645        0.28238
         1.2646       0.282352
         1.2647       0.282324
         1.2648       0.282296
         1.2649       0.282268
          1.265       0.282239
         1.2651       0.282211
         1.2652       0.282183
         1.2653       0.282155
         1.2654       0.282126
         1.2655       0.282098
         1.2656        0.28207
         1.2657       0.282042
         1.2658       0.282014
         1.2659       0.281985
          1.266       0.281957
         1.2661       0.281929
         1.2662       0.281901
         1.2663       0.281873
         1.2664       0.281844
         1.2665       0.281816
         1.2666       0.281788
         1.2667        0.28176
         1.2668       0.281732
         1.2669       0.281704
          1.267       0.281675
         1.2671       0.281647
         1.2672       0.281619
         1.2673       0.281591
         1.2674       0.281563
         1.2675       0.281535
         1.2676       0.281506
         1.2677       0.281478
         1.2678        0.28145
         1.2679       0.281422
          1.268       0.281394
         1.2681       0.281366
         1.2682       0.281338
         1.2683       0.281309
         1.2684       0.281281
         1.2685       0.281253
         1.2686       0.281225
         1.2687       0.281197
         1.2688       0.281169
         1.2689       0.281141
          1.269       0.281113
         1.2691       0.281084
         1.2692       0.281056
         1.2693       0.281028
         1.2694          0.281
         1.2695       0.280972
         1.2696       0.280944
         1.2697       0.280916
         1.2698       0.280888
         1.2699        0.28086
           1.27       0.280832
         1.2701       0.280804
         1.2702       0.280775
         1.2703       0.280747
         1.2704       0.280719
         1.2705       0.280691
         1.2706       0.280663
         1.2707       0.280635
         1.2708       0.280607
         1.2709       0.280579
          1.271       0.280551
         1.2711       0.280523
         1.2712       0.280495
         1.2713       0.280467
         1.2714       0.280439
         1.2715       0.280411
         1.2716       0.280383
         1.2717       0.280355
         1.2718       0.280327
         1.2719       0.280299
          1.272       0.280271
         1.2721       0.280243
         1.2722       0.280214
         1.2723       0.280186
         1.2724       0.280158
         1.2725        0.28013
         1.2726       0.280102
         1.2727       0.280074
         1.2728       0.280046
         1.2729       0.280018
          1.273        0.27999
         1.2731       0.279962
         1.2732       0.279934
         1.2733       0.279906
         1.2734       0.279878
         1.2735        0.27985
         1.2736       0.279822
         1.2737       0.279794
         1.2738       0.279767
         1.2739       0.279739
          1.274       0.279711
         1.2741       0.279683
         1.2742       0.279655
         1.2743       0.279627
         1.2744       0.279599
         1.2745       0.279571
         1.2746       0.279543
         1.2747       0.279515
         1.2748       0.279487
         1.2749       0.279459
          1.275       0.279431
         1.2751       0.279403
         1.2752       0.279375
         1.2753       0.279347
         1.2754       0.279319
         1.2755       0.279291
         1.2756       0.279263
         1.2757       0.279235
         1.2758       0.279208
         1.2759        0.27918
          1.276       0.279152
         1.2761       0.279124
         1.2762       0.279096
         1.2763       0.279068
         1.2764        0.27904
         1.2765       0.279012
         1.2766       0.278984
         1.2767       0.278956
         1.2768       0.278928
         1.2769       0.278901
          1.277       0.278873
         1.2771       0.278845
         1.2772       0.278817
         1.2773       0.278789
         1.2774       0.278761
         1.2775       0.278733
         1.2776       0.278705
         1.2777       0.278678
         1.2778        0.27865
         1.2779       0.278622
          1.278       0.278594
         1.2781       0.278566
         1.2782       0.278538
         1.2783        0.27851
         1.2784       0.278483
         1.2785       0.278455
         1.2786       0.278427
         1.2787       0.278399
         1.2788       0.278371
         1.2789       0.278343
          1.279       0.278315
         1.2791       0.278288
         1.2792        0.27826
         1.2793       0.278232
         1.2794       0.278204
         1.2795       0.278176
         1.2796       0.278149
         1.2797       0.278121
         1.2798       0.278093
         1.2799       0.278065
           1.28       0.278037
         1.2801        0.27801
         1.2802       0.277982
         1.2803       0.277954
         1.2804       0.277926
         1.2805       0.277898
         1.2806       0.277871
         1.2807       0.277843
         1.2808       0.277815
         1.2809       0.277787
          1.281       0.277759
         1.2811       0.277732
         1.2812       0.277704
         1.2813       0.277676
         1.2814       0.277648
         1.2815       0.277621
         1.2816       0.277593
         1.2817       0.277565
         1.2818       0.277537
         1.2819        0.27751
          1.282       0.277482
         1.2821       0.277454
         1.2822       0.277426
         1.2823       0.277399
         1.2824       0.277371
         1.2825       0.277343
         1.2826       0.277315
         1.2827       0.277288
         1.2828        0.27726
         1.2829       0.277232
          1.283       0.277204
         1.2831       0.277177
         1.2832       0.277149
         1.2833       0.277121
         1.2834       0.277094
         1.2835       0.277066
         1.2836       0.277038
         1.2837        0.27701
         1.2838       0.276983
         1.2839       0.276955
          1.284       0.276927
         1.2841         0.2769
         1.2842       0.276872
         1.2843       0.276844
         1.2844       0.276817
         1.2845       0.276789
         1.2846       0.276761
         1.2847       0.276734
         1.2848       0.276706
         1.2849       0.276678
          1.285       0.276651
         1.2851       0.276623
         1.2852       0.276595
         1.2853       0.276568
         1.2854        0.27654
         1.2855       0.276512
         1.2856       0.276485
         1.2857       0.276457
         1.2858       0.276429
         1.2859       0.276402
          1.286       0.276374
         1.2861       0.276346
         1.2862       0.276319
         1.2863       0.276291
         1.2864       0.276264
         1.2865       0.276236
         1.2866       0.276208
         1.2867       0.276181
         1.2868       0.276153
         1.2869       0.276125
          1.287       0.276098
         1.2871        0.27607
         1.2872       0.276043
         1.2873       0.276015
         1.2874       0.275987
         1.2875        0.27596
         1.2876       0.275932
         1.2877       0.275905
         1.2878       0.275877
         1.2879       0.275849
          1.288       0.275822
         1.2881       0.275794
         1.2882       0.275767
         1.2883       0.275739
         1.2884       0.275712
         1.2885       0.275684
         1.2886       0.275656
         1.2887       0.275629
         1.2888       0.275601
         1.2889       0.275574
          1.289       0.275546
         1.2891       0.275519
         1.2892       0.275491
         1.2893       0.275464
         1.2894       0.275436
         1.2895       0.275408
         1.2896       0.275381
         1.2897       0.275353
         1.2898       0.275326
         1.2899       0.275298
           1.29       0.275271
         1.2901       0.275243
         1.2902       0.275216
         1.2903       0.275188
         1.2904       0.275161
         1.2905       0.275133
         1.2906       0.275106
         1.2907       0.275078
         1.2908       0.275051
         1.2909       0.275023
          1.291       0.274996
         1.2911       0.274968
         1.2912       0.274941
         1.2913       0.274913
         1.2914       0.274886
         1.2915       0.274858
         1.2916       0.274831
         1.2917       0.274803
         1.2918       0.274776
         1.2919       0.274748
          1.292       0.274721
         1.2921       0.274693
         1.2922       0.274666
         1.2923       0.274638
         1.2924       0.274611
         1.2925       0.274583
         1.2926       0.274556
         1.2927       0.274529
         1.2928       0.274501
         1.2929       0.274474
          1.293       0.274446
         1.2931       0.274419
         1.2932       0.274391
         1.2933       0.274364
         1.2934       0.274336
         1.2935       0.274309
         1.2936       0.274282
         1.2937       0.274254
         1.2938       0.274227
         1.2939       0.274199
          1.294       0.274172
         1.2941       0.274144
         1.2942       0.274117
         1.2943        0.27409
         1.2944       0.274062
         1.2945       0.274035
         1.2946       0.274007
         1.2947        0.27398
         1.2948       0.273953
         1.2949       0.273925
          1.295       0.273898
         1.2951        0.27387
         1.2952       0.273843
         1.2953       0.273816
         1.2954       0.273788
         1.2955       0.273761
         1.2956       0.273734
         1.2957       0.273706
         1.2958       0.273679
         1.2959       0.273651
          1.296       0.273624
         1.2961       0.273597
         1.2962       0.273569
         1.2963       0.273542
         1.2964       0.273515
         1.2965       0.273487
         1.2966        0.27346
         1.2967       0.273433
         1.2968       0.273405
         1.2969       0.273378
          1.297       0.273351
         1.2971       0.273323
         1.2972       0.273296
         1.2973       0.273269
         1.2974       0.273241
         1.2975       0.273214
         1.2976       0.273187
         1.2977       0.273159
         1.2978       0.273132
         1.2979       0.273105
          1.298       0.273077
         1.2981        0.27305
         1.2982       0.273023
         1.2983       0.272996
         1.2984       0.272968
         1.2985       0.272941
         1.2986       0.272914
         1.2987       0.272886
         1.2988       0.272859
         1.2989       0.272832
          1.299       0.272804
         1.2991       0.272777
         1.2992        0.27275
         1.2993       0.272723
         1.2994       0.272695
         1.2995       0.272668
         1.2996       0.272641
         1.2997       0.272614
         1.2998       0.272586
         1.2999       0.272559
            1.3       0.272532
         1.3001       0.272505
         1.3002       0.272477
         1.3003        0.27245
         1.3004       0.272423
         1.3005       0.272396
         1.3006       0.272368
         1.3007       0.272341
         1.3008       0.272314
         1.3009       0.272287
          1.301       0.272259
         1.3011       0.272232
         1.3012       0.272205
         1.3013       0.272178
         1.3014       0.272151
         1.3015       0.272123
         1.3016       0.272096
         1.3017       0.272069
         1.3018       0.272042
         1.3019       0.272014
          1.302       0.271987
         1.3021        0.27196
         1.3022       0.271933
         1.3023       0.271906
         1.3024       0.271879
         1.3025       0.271851
         1.3026       0.271824
         1.3027       0.271797
         1.3028        0.27177
         1.3029       0.271743
          1.303       0.271715
         1.3031       0.271688
         1.3032       0.271661
         1.3033       0.271634
         1.3034       0.271607
         1.3035        0.27158
         1.3036       0.271552
         1.3037       0.271525
         1.3038       0.271498
         1.3039       0.271471
          1.304       0.271444
         1.3041       0.271417
         1.3042        0.27139
         1.3043       0.271362
         1.3044       0.271335
         1.3045       0.271308
         1.3046       0.271281
         1.3047       0.271254
         1.3048       0.271227
         1.3049         0.2712
          1.305       0.271173
         1.3051       0.271145
         1.3052       0.271118
         1.3053       0.271091
         1.3054       0.271064
         1.3055       0.271037
         1.3056        0.27101
         1.3057       0.270983
         1.3058       0.270956
         1.3059       0.270929
          1.306       0.270902
         1.3061       0.270874
         1.3062       0.270847
         1.3063        0.27082
         1.3064       0.270793
         1.3065       0.270766
         1.3066       0.270739
         1.3067       0.270712
         1.3068       0.270685
         1.3069       0.270658
          1.307       0.270631
         1.3071       0.270604
         1.3072       0.270577
         1.3073        0.27055
         1.3074       0.270523
         1.3075       0.270495
         1.3076       0.270468
         1.3077       0.270441
         1.3078       0.270414
         1.3079       0.270387
          1.308        0.27036
         1.3081       0.270333
         1.3082       0.270306
         1.3083       0.270279
         1.3084       0.270252
         1.3085       0.270225
         1.3086       0.270198
         1.3087       0.270171
         1.3088       0.270144
         1.3089       0.270117
          1.309        0.27009
         1.3091       0.270063
         1.3092       0.270036
         1.3093       0.270009
         1.3094       0.269982
         1.3095       0.269955
         1.3096       0.269928
         1.3097       0.269901
         1.3098       0.269874
         1.3099       0.269847
           1.31        0.26982
         1.3101       0.269793
         1.3102       0.269766
         1.3103       0.269739
         1.3104       0.269712
         1.3105       0.269685
         1.3106       0.269658
         1.3107       0.269631
         1.3108       0.269604
         1.3109       0.269577
          1.311        0.26955
         1.3111       0.269523
         1.3112       0.269496
         1.3113        0.26947
         1.3114       0.269443
         1.3115       0.269416
         1.3116       0.269389
         1.3117       0.269362
         1.3118       0.269335
         1.3119       0.269308
          1.312       0.269281
         1.3121       0.269254
         1.3122       0.269227
         1.3123         0.2692
         1.3124       0.269173
         1.3125       0.269146
         1.3126       0.269119
         1.3127       0.269093
         1.3128       0.269066
         1.3129       0.269039
          1.313       0.269012
         1.3131       0.268985
         1.3132       0.268958
         1.3133       0.268931
         1.3134       0.268904
         1.3135       0.268877
         1.3136        0.26885
         1.3137       0.268824
         1.3138       0.268797
         1.3139        0.26877
          1.314       0.268743
         1.3141       0.268716
         1.3142       0.268689
         1.3143       0.268662
         1.3144       0.268635
         1.3145       0.268609
         1.3146       0.268582
         1.3147       0.268555
         1.3148       0.268528
         1.3149       0.268501
          1.315       0.268474
         1.3151       0.268447
         1.3152       0.268421
         1.3153       0.268394
         1.3154       0.268367
         1.3155        0.26834
         1.3156       0.268313
         1.3157       0.268286
         1.3158        0.26826
         1.3159       0.268233
          1.316       0.268206
         1.3161       0.268179
         1.3162       0.268152
         1.3163       0.268126
         1.3164       0.268099
         1.3165       0.268072
         1.3166       0.268045
         1.3167       0.268018
         1.3168       0.267992
         1.3169       0.267965
          1.317       0.267938
         1.3171       0.267911
         1.3172       0.267884
         1.3173       0.267858
         1.3174       0.267831
         1.3175       0.267804
         1.3176       0.267777
         1.3177        0.26775
         1.3178       0.267724
         1.3179       0.267697
          1.318        0.26767
         1.3181       0.267643
         1.3182       0.267617
         1.3183        0.26759
         1.3184       0.267563
         1.3185       0.267536
         1.3186        0.26751
         1.3187       0.267483
         1.3188       0.267456
         1.3189       0.267429
          1.319       0.267403
         1.3191       0.267376
         1.3192       0.267349
         1.3193       0.267322
         1.3194       0.267296
         1.3195       0.267269
         1.3196       0.267242
         1.3197       0.267215
         1.3198       0.267189
         1.3199       0.267162
           1.32       0.267135
         1.3201       0.267109
         1.3202       0.267082
         1.3203       0.267055
         1.3204       0.267028
         1.3205       0.267002
         1.3206       0.266975
         1.3207       0.266948
         1.3208       0.266922
         1.3209       0.266895
          1.321       0.266868
         1.3211       0.266842
         1.3212       0.266815
         1.3213       0.266788
         1.3214       0.266762
         1.3215       0.266735
         1.3216       0.266708
         1.3217       0.266682
         1.3218       0.266655
         1.3219       0.266628
          1.322       0.266602
         1.3221       0.266575
         1.3222       0.266548
         1.3223       0.266522
         1.3224       0.266495
         1.3225       0.266468
         1.3226       0.266442
         1.3227       0.266415
         1.3228       0.266388
         1.3229       0.266362
          1.323       0.266335
         1.3231       0.266308
         1.3232       0.266282
         1.3233       0.266255
         1.3234       0.266229
         1.3235       0.266202
         1.3236       0.266175
         1.3237       0.266149
         1.3238       0.266122
         1.3239       0.266096
          1.324       0.266069
         1.3241       0.266042
         1.3242       0.266016
         1.3243       0.265989
         1.3244       0.265963
         1.3245       0.265936
         1.3246       0.265909
         1.3247       0.265883
         1.3248       0.265856
         1.3249        0.26583
          1.325       0.265803
         1.3251       0.265776
         1.3252        0.26575
         1.3253       0.265723
         1.3254       0.265697
         1.3255        0.26567
         1.3256       0.265644
         1.3257       0.265617
         1.3258        0.26559
         1.3259       0.265564
          1.326       0.265537
         1.3261       0.265511
         1.3262       0.265484
         1.3263       0.265458
         1.3264       0.265431
         1.3265       0.265405
         1.3266       0.265378
         1.3267       0.265351
         1.3268       0.265325
         1.3269       0.265298
          1.327       0.265272
         1.3271       0.265245
         1.3272       0.265219
         1.3273       0.265192
         1.3274       0.265166
         1.3275       0.265139
         1.3276       0.265113
         1.3277       0.265086
         1.3278        0.26506
         1.3279       0.265033
          1.328       0.265007
         1.3281        0.26498
         1.3282       0.264954
         1.3283       0.264927
         1.3284       0.264901
         1.3285       0.264874
         1.3286       0.264848
         1.3287       0.264821
         1.3288       0.264795
         1.3289       0.264768
          1.329       0.264742
         1.3291       0.264715
         1.3292       0.264689
         1.3293       0.264662
         1.3294       0.264636
         1.3295        0.26461
         1.3296       0.264583
         1.3297       0.264557
         1.3298        0.26453
         1.3299       0.264504
           1.33       0.264477
         1.3301       0.264451
         1.3302       0.264424
         1.3303       0.264398
         1.3304       0.264372
         1.3305       0.264345
         1.3306       0.264319
         1.3307       0.264292
         1.3308       0.264266
         1.3309       0.264239
          1.331       0.264213
         1.3311       0.264187
         1.3312        0.26416
         1.3313       0.264134
         1.3314       0.264107
         1.3315       0.264081
         1.3316       0.264054
         1.3317       0.264028
         1.3318       0.264002
         1.3319       0.263975
          1.332       0.263949
         1.3321       0.263922
         1.3322       0.263896
         1.3323        0.26387
         1.3324       0.263843
         1.3325       0.263817
         1.3326       0.263791
         1.3327       0.263764
         1.3328       0.263738
         1.3329       0.263711
          1.333       0.263685
         1.3331       0.263659
         1.3332       0.263632
         1.3333       0.263606
         1.3334        0.26358
         1.3335       0.263553
         1.3336       0.263527
         1.3337       0.263501
         1.3338       0.263474
         1.3339       0.263448
          1.334       0.263421
         1.3341       0.263395
         1.3342       0.263369
         1.3343       0.263342
         1.3344       0.263316
         1.3345        0.26329
         1.3346       0.263263
         1.3347       0.263237
         1.3348       0.263211
         1.3349       0.263185
          1.335       0.263158
         1.3351       0.263132
         1.3352       0.263106
         1.3353       0.263079
         1.3354       0.263053
         1.3355       0.263027
         1.3356          0.263
         1.3357       0.262974
         1.3358       0.262948
         1.3359       0.262921
          1.336       0.262895
         1.3361       0.262869
         1.3362       0.262843
         1.3363       0.262816
         1.3364        0.26279
         1.3365       0.262764
         1.3366       0.262737
         1.3367       0.262711
         1.3368       0.262685
         1.3369       0.262659
          1.337       0.262632
         1.3371       0.262606
         1.3372        0.26258
         1.3373       0.262554
         1.3374       0.262527
         1.3375       0.262501
         1.3376       0.262475
         1.3377       0.262449
         1.3378       0.262422
         1.3379       0.262396
          1.338        0.26237
         1.3381       0.262344
         1.3382       0.262317
         1.3383       0.262291
         1.3384       0.262265
         1.3385       0.262239
         1.3386       0.262213
         1.3387       0.262186
         1.3388        0.26216
         1.3389       0.262134
          1.339       0.262108
         1.3391       0.262081
         1.3392       0.262055
         1.3393       0.262029
         1.3394       0.262003
         1.3395       0.261977
         1.3396        0.26195
         1.3397       0.261924
         1.3398       0.261898
         1.3399       0.261872
           1.34       0.261846
         1.3401       0.261819
         1.3402       0.261793
         1.3403       0.261767
         1.3404       0.261741
         1.3405       0.261715
         1.3406       0.261689
         1.3407       0.261662
         1.3408       0.261636
         1.3409        0.26161
          1.341       0.261584
         1.3411       0.261558
         1.3412       0.261532
         1.3413       0.261506
         1.3414       0.261479
         1.3415       0.261453
         1.3416       0.261427
         1.3417       0.261401
         1.3418       0.261375
         1.3419       0.261349
          1.342       0.261323
         1.3421       0.261296
         1.3422        0.26127
         1.3423       0.261244
         1.3424       0.261218
         1.3425       0.261192
         1.3426       0.261166
         1.3427        0.26114
         1.3428       0.261114
         1.3429       0.261087
          1.343       0.261061
         1.3431       0.261035
         1.3432       0.261009
         1.3433       0.260983
         1.3434       0.260957
         1.3435       0.260931
         1.3436       0.260905
         1.3437       0.260879
         1.3438       0.260853
         1.3439       0.260826
          1.344         0.2608
         1.3441       0.260774
         1.3442       0.260748
         1.3443       0.260722
         1.3444       0.260696
         1.3445        0.26067
         1.3446       0.260644
         1.3447       0.260618
         1.3448       0.260592
         1.3449       0.260566
          1.345        0.26054
         1.3451       0.260514
         1.3452       0.260488
         1.3453       0.260462
         1.3454       0.260436
         1.3455       0.260409
         1.3456       0.260383
         1.3457       0.260357
         1.3458       0.260331
         1.3459       0.260305
          1.346       0.260279
         1.3461       0.260253
         1.3462       0.260227
         1.3463       0.260201
         1.3464       0.260175
         1.3465       0.260149
         1.3466       0.260123
         1.3467       0.260097
         1.3468       0.260071
         1.3469       0.260045
          1.347       0.260019
         1.3471       0.259993
         1.3472       0.259967
         1.3473       0.259941
         1.3474       0.259915
         1.3475       0.259889
         1.3476       0.259863
         1.3477       0.259837
         1.3478       0.259811
         1.3479       0.259785
          1.348       0.259759
         1.3481       0.259733
         1.3482       0.259707
         1.3483       0.259681
         1.3484       0.259655
         1.3485       0.259629
         1.3486       0.259603
         1.3487       0.259578
         1.3488       0.259552
         1.3489       0.259526
          1.349         0.2595
         1.3491       0.259474
         1.3492       0.259448
         1.3493       0.259422
         1.3494       0.259396
         1.3495        0.25937
         1.3496       0.259344
         1.3497       0.259318
         1.3498       0.259292
         1.3499       0.259266
           1.35        0.25924
         1.3501       0.259214
         1.3502       0.259188
         1.3503       0.259163
         1.3504       0.259137
         1.3505       0.259111
         1.3506       0.259085
         1.3507       0.259059
         1.3508       0.259033
         1.3509       0.259007
          1.351       0.258981
         1.3511       0.258955
         1.3512       0.258929
         1.3513       0.258903
         1.3514       0.258878
         1.3515       0.258852
         1.3516       0.258826
         1.3517         0.2588
         1.3518       0.258774
         1.3519       0.258748
          1.352       0.258722
         1.3521       0.258696
         1.3522       0.258671
         1.3523       0.258645
         1.3524       0.258619
         1.3525       0.258593
         1.3526       0.258567
         1.3527       0.258541
         1.3528       0.258515
         1.3529        0.25849
          1.353       0.258464
         1.3531       0.258438
         1.3532       0.258412
         1.3533       0.258386
         1.3534        0.25836
         1.3535       0.258335
         1.3536       0.258309
         1.3537       0.258283
         1.3538       0.258257
         1.3539       0.258231
          1.354       0.258205
         1.3541        0.25818
         1.3542       0.258154
         1.3543       0.258128
         1.3544       0.258102
         1.3545       0.258076
         1.3546       0.258051
         1.3547       0.258025
         1.3548       0.257999
         1.3549       0.257973
          1.355       0.257947
         1.3551       0.257922
         1.3552       0.257896
         1.3553        0.25787
         1.3554       0.257844
         1.3555       0.257818
         1.3556       0.257793
         1.3557       0.257767
         1.3558       0.257741
         1.3559       0.257715
          1.356       0.257689
         1.3561       0.257664
         1.3562       0.257638
         1.3563       0.257612
         1.3564       0.257586
         1.3565       0.257561
         1.3566       0.257535
         1.3567       0.257509
         1.3568       0.257483
         1.3569       0.257458
          1.357       0.257432
         1.3571       0.257406
         1.3572        0.25738
         1.3573       0.257355
         1.3574       0.257329
         1.3575       0.257303
         1.3576       0.257278
         1.3577       0.257252
         1.3578       0.257226
         1.3579         0.2572
          1.358       0.257175
         1.3581       0.257149
         1.3582       0.257123
         1.3583       0.257097
         1.3584       0.257072
         1.3585       0.257046
         1.3586        0.25702
         1.3587       0.256995
         1.3588       0.256969
         1.3589       0.256943
          1.359       0.256918
         1.3591       0.256892
         1.3592       0.256866
         1.3593       0.256841
         1.3594       0.256815
         1.3595       0.256789
         1.3596       0.256763
         1.3597       0.256738
         1.3598       0.256712
         1.3599       0.256686
           1.36       0.256661
         1.3601       0.256635
         1.3602       0.256609
         1.3603       0.256584
         1.3604       0.256558
         1.3605       0.256532
         1.3606       0.256507
         1.3607       0.256481
         1.3608       0.256456
         1.3609        0.25643
          1.361       0.256404
         1.3611       0.256379
         1.3612       0.256353
         1.3613       0.256327
         1.3614       0.256302
         1.3615       0.256276
         1.3616        0.25625
         1.3617       0.256225
         1.3618       0.256199
         1.3619       0.256174
          1.362       0.256148
         1.3621       0.256122
         1.3622       0.256097
         1.3623       0.256071
         1.3624       0.256046
         1.3625        0.25602
         1.3626       0.255994
         1.3627       0.255969
         1.3628       0.255943
         1.3629       0.255918
          1.363       0.255892
         1.3631       0.255866
         1.3632       0.255841
         1.3633       0.255815
         1.3634        0.25579
         1.3635       0.255764
         1.3636       0.255738
         1.3637       0.255713
         1.3638       0.255687
         1.3639       0.255662
          1.364       0.255636
         1.3641       0.255611
         1.3642       0.255585
         1.3643        0.25556
         1.3644       0.255534
         1.3645       0.255508
         1.3646       0.255483
         1.3647       0.255457
         1.3648       0.255432
         1.3649       0.255406
          1.365       0.255381
         1.3651       0.255355
         1.3652        0.25533
         1.3653       0.255304
         1.3654       0.255279
         1.3655       0.255253
         1.3656       0.255228
         1.3657       0.255202
         1.3658       0.255176
         1.3659       0.255151
          1.366       0.255125
         1.3661         0.2551
         1.3662       0.255074
         1.3663       0.255049
         1.3664       0.255023
         1.3665       0.254998
         1.3666       0.254972
         1.3667       0.254947
         1.3668       0.254921
         1.3669       0.254896
          1.367        0.25487
         1.3671       0.254845
         1.3672       0.254819
         1.3673       0.254794
         1.3674       0.254769
         1.3675       0.254743
         1.3676       0.254718
         1.3677       0.254692
         1.3678       0.254667
         1.3679       0.254641
          1.368       0.254616
         1.3681        0.25459
         1.3682       0.254565
         1.3683       0.254539
         1.3684       0.254514
         1.3685       0.254488
         1.3686       0.254463
         1.3687       0.254438
         1.3688       0.254412
         1.3689       0.254387
          1.369       0.254361
         1.3691       0.254336
         1.3692        0.25431
         1.3693       0.254285
         1.3694       0.254259
         1.3695       0.254234
         1.3696       0.254209
         1.3697       0.254183
         1.3698       0.254158
         1.3699       0.254132
           1.37       0.254107
         1.3701       0.254082
         1.3702       0.254056
         1.3703       0.254031
         1.3704       0.254005
         1.3705        0.25398
         1.3706       0.253955
         1.3707       0.253929
         1.3708       0.253904
         1.3709       0.253878
          1.371       0.253853
         1.3711       0.253828
         1.3712       0.253802
         1.3713       0.253777
         1.3714       0.253751
         1.3715       0.253726
         1.3716       0.253701
         1.3717       0.253675
         1.3718        0.25365
         1.3719       0.253625
          1.372       0.253599
         1.3721       0.253574
         1.3722       0.253549
         1.3723       0.253523
         1.3724       0.253498
         1.3725       0.253472
         1.3726       0.253447
         1.3727       0.253422
         1.3728       0.253396
         1.3729       0.253371
          1.373       0.253346
         1.3731        0.25332
         1.3732       0.253295
         1.3733        0.25327
         1.3734       0.253244
         1.3735       0.253219
         1.3736       0.253194
         1.3737       0.253169
         1.3738       0.253143
         1.3739       0.253118
          1.374       0.253093
         1.3741       0.253067
         1.3742       0.253042
         1.3743       0.253017
         1.3744       0.252991
         1.3745       0.252966
         1.3746       0.252941
         1.3747       0.252915
         1.3748        0.25289
         1.3749       0.252865
          1.375        0.25284
         1.3751       0.252814
         1.3752       0.252789
         1.3753       0.252764
         1.3754       0.252738
         1.3755       0.252713
         1.3756       0.252688
         1.3757       0.252663
         1.3758       0.252637
         1.3759       0.252612
          1.376       0.252587
         1.3761       0.252562
         1.3762       0.252536
         1.3763       0.252511
         1.3764       0.252486
         1.3765       0.252461
         1.3766       0.252435
         1.3767        0.25241
         1.3768       0.252385
         1.3769        0.25236
          1.377       0.252334
         1.3771       0.252309
         1.3772       0.252284
         1.3773       0.252259
         1.3774       0.252234
         1.3775       0.252208
         1.3776       0.252183
         1.3777       0.252158
         1.3778       0.252133
         1.3779       0.252107
          1.378       0.252082
         1.3781       0.252057
         1.3782       0.252032
         1.3783       0.252007
         1.3784       0.251981
         1.3785       0.251956
         1.3786       0.251931
         1.3787       0.251906
         1.3788       0.251881
         1.3789       0.251855
          1.379        0.25183
         1.3791       0.251805
         1.3792        0.25178
         1.3793       0.251755
         1.3794        0.25173
         1.3795       0.251704
         1.3796       0.251679
         1.3797       0.251654
         1.3798       0.251629
         1.3799       0.251604
           1.38       0.251579
         1.3801       0.251553
         1.3802       0.251528
         1.3803       0.251503
         1.3804       0.251478
         1.3805       0.251453
         1.3806       0.251428
         1.3807       0.251403
         1.3808       0.251377
         1.3809       0.251352
          1.381       0.251327
         1.3811       0.251302
         1.3812       0.251277
         1.3813       0.251252
         1.3814       0.251227
         1.3815       0.251201
         1.3816       0.251176
         1.3817       0.251151
         1.3818       0.251126
         1.3819       0.251101
          1.382       0.251076
         1.3821       0.251051
         1.3822       0.251026
         1.3823       0.251001
         1.3824       0.250976
         1.3825        0.25095
         1.3826       0.250925
         1.3827         0.2509
         1.3828       0.250875
         1.3829        0.25085
          1.383       0.250825
         1.3831         0.2508
         1.3832       0.250775
         1.3833        0.25075
         1.3834       0.250725
         1.3835         0.2507
         1.3836       0.250675
         1.3837       0.250649
         1.3838       0.250624
         1.3839       0.250599
          1.384       0.250574
         1.3841       0.250549
         1.3842       0.250524
         1.3843       0.250499
         1.3844       0.250474
         1.3845       0.250449
         1.3846       0.250424
         1.3847       0.250399
         1.3848       0.250374
         1.3849       0.250349
          1.385       0.250324
         1.3851       0.250299
         1.3852       0.250274
         1.3853       0.250249
         1.3854       0.250224
         1.3855       0.250199
         1.3856       0.250174
         1.3857       0.250149
         1.3858       0.250124
         1.3859       0.250099
          1.386       0.250074
         1.3861       0.250049
         1.3862       0.250024
         1.3863       0.249999
         1.3864       0.249974
         1.3865       0.249949
         1.3866       0.249924
         1.3867       0.249899
         1.3868       0.249874
         1.3869       0.249849
          1.387       0.249824
         1.3871       0.249799
         1.3872       0.249774
         1.3873       0.249749
         1.3874       0.249724
         1.3875       0.249699
         1.3876       0.249674
         1.3877       0.249649
         1.3878       0.249624
         1.3879       0.249599
          1.388       0.249574
         1.3881       0.249549
         1.3882       0.249524
         1.3883       0.249499
         1.3884       0.249474
         1.3885       0.249449
         1.3886       0.249424
         1.3887       0.249399
         1.3888       0.249374
         1.3889       0.249349
          1.389       0.249325
         1.3891         0.2493
         1.3892       0.249275
         1.3893        0.24925
         1.3894       0.249225
         1.3895         0.2492
         1.3896       0.249175
         1.3897        0.24915
         1.3898       0.249125
         1.3899         0.2491
           1.39       0.249075
         1.3901        0.24905
         1.3902       0.249026
         1.3903       0.249001
         1.3904       0.248976
         1.3905       0.248951
         1.3906       0.248926
         1.3907       0.248901
         1.3908       0.248876
         1.3909       0.248851
          1.391       0.248826
         1.3911       0.248801
         1.3912       0.248777
         1.3913       0.248752
         1.3914       0.248727
         1.3915       0.248702
         1.3916       0.248677
         1.3917       0.248652
         1.3918       0.248627
         1.3919       0.248603
          1.392       0.248578
         1.3921       0.248553
         1.3922       0.248528
         1.3923       0.248503
         1.3924       0.248478
         1.3925       0.248453
         1.3926       0.248429
         1.3927       0.248404
         1.3928       0.248379
         1.3929       0.248354
          1.393       0.248329
         1.3931       0.248304
         1.3932        0.24828
         1.3933       0.248255
         1.3934        0.24823
         1.3935       0.248205
         1.3936        0.24818
         1.3937       0.248155
         1.3938       0.248131
         1.3939       0.248106
          1.394       0.248081
         1.3941       0.248056
         1.3942       0.248031
         1.3943       0.248007
         1.3944       0.247982
         1.3945       0.247957
         1.3946       0.247932
         1.3947       0.247907
         1.3948       0.247883
         1.3949       0.247858
          1.395       0.247833
         1.3951       0.247808
         1.3952       0.247783
         1.3953       0.247759
         1.3954       0.247734
         1.3955       0.247709
         1.3956       0.247684
         1.3957        0.24766
         1.3958       0.247635
         1.3959        0.24761
          1.396       0.247585
         1.3961       0.247561
         1.3962       0.247536
         1.3963       0.247511
         1.3964       0.247486
         1.3965       0.247462
         1.3966       0.247437
         1.3967       0.247412
         1.3968       0.247387
         1.3969       0.247363
          1.397       0.247338
         1.3971       0.247313
         1.3972       0.247288
         1.3973       0.247264
         1.3974       0.247239
         1.3975       0.247214
         1.3976        0.24719
         1.3977       0.247165
         1.3978        0.24714
         1.3979       0.247115
          1.398       0.247091
         1.3981       0.247066
         1.3982       0.247041
         1.3983       0.247017
         1.3984       0.246992
         1.3985       0.246967
         1.3986       0.246942
         1.3987       0.246918
         1.3988       0.246893
         1.3989       0.246868
          1.399       0.246844
         1.3991       0.246819
         1.3992       0.246794
         1.3993        0.24677
         1.3994       0.246745
         1.3995        0.24672
         1.3996       0.246696
         1.3997       0.246671
         1.3998       0.246646
         1.3999       0.246622
            1.4       0.246597
         1.4001       0.246572
         1.4002       0.246548
         1.4003       0.246523
         1.4004       0.246498
         1.4005       0.246474
         1.4006       0.246449
         1.4007       0.246424
         1.4008         0.2464
         1.4009       0.246375
          1.401       0.246351
         1.4011       0.246326
         1.4012       0.246301
         1.4013       0.246277
         1.4014       0.246252
         1.4015       0.246227
         1.4016       0.246203
         1.4017       0.246178
         1.4018       0.246154
         1.4019       0.246129
          1.402       0.246104
         1.4021        0.24608
         1.4022       0.246055
         1.4023        0.24603
         1.4024       0.246006
         1.4025       0.245981
         1.4026       0.245957
         1.4027       0.245932
         1.4028       0.245907
         1.4029       0.245883
          1.403       0.245858
         1.4031       0.245834
         1.4032       0.245809
         1.4033       0.245785
         1.4034        0.24576
         1.4035       0.245735
         1.4036       0.245711
         1.4037       0.245686
         1.4038       0.245662
         1.4039       0.245637
          1.404       0.245613
         1.4041       0.245588
         1.4042       0.245563
         1.4043       0.245539
         1.4044       0.245514
         1.4045        0.24549
         1.4046       0.245465
         1.4047       0.245441
         1.4048       0.245416
         1.4049       0.245392
          1.405       0.245367
         1.4051       0.245343
         1.4052       0.245318
         1.4053       0.245293
         1.4054       0.245269
         1.4055       0.245244
         1.4056        0.24522
         1.4057       0.245195
         1.4058       0.245171
         1.4059       0.245146
          1.406       0.245122
         1.4061       0.245097
         1.4062       0.245073
         1.4063       0.245048
         1.4064       0.245024
         1.4065       0.244999
         1.4066       0.244975
         1.4067        0.24495
         1.4068       0.244926
         1.4069       0.244901
          1.407       0.244877
         1.4071       0.244852
         1.4072       0.244828
         1.4073       0.244803
         1.4074       0.244779
         1.4075       0.244754
         1.4076        0.24473
         1.4077       0.244705
         1.4078       0.244681
         1.4079       0.244657
          1.408       0.244632
         1.4081       0.244608
         1.4082       0.244583
         1.4083       0.244559
         1.4084       0.244534
         1.4085        0.24451
         1.4086       0.244485
         1.4087       0.244461
         1.4088       0.244436
         1.4089       0.244412
          1.409       0.244388
         1.4091       0.244363
         1.4092       0.244339
         1.4093       0.244314
         1.4094        0.24429
         1.4095       0.244265
         1.4096       0.244241
         1.4097       0.244217
         1.4098       0.244192
         1.4099       0.244168
           1.41       0.244143
         1.4101       0.244119
         1.4102       0.244094
         1.4103        0.24407
         1.4104       0.244046
         1.4105       0.244021
         1.4106       0.243997
         1.4107       0.243972
         1.4108       0.243948
         1.4109       0.243924
          1.411       0.243899
         1.4111       0.243875
         1.4112        0.24385
         1.4113       0.243826
         1.4114       0.243802
         1.4115       0.243777
         1.4116       0.243753
         1.4117       0.243729
         1.4118       0.243704
         1.4119        0.24368
          1.412       0.243655
         1.4121       0.243631
         1.4122       0.243607
         1.4123       0.243582
         1.4124       0.243558
         1.4125       0.243534
         1.4126       0.243509
         1.4127       0.243485
         1.4128       0.243461
         1.4129       0.243436
          1.413       0.243412
         1.4131       0.243388
         1.4132       0.243363
         1.4133       0.243339
         1.4134       0.243315
         1.4135        0.24329
         1.4136       0.243266
         1.4137       0.243242
         1.4138       0.243217
         1.4139       0.243193
          1.414       0.243169
         1.4141       0.243144
         1.4142        0.24312
         1.4143       0.243096
         1.4144       0.243071
         1.4145       0.243047
         1.4146       0.243023
         1.4147       0.242999
         1.4148       0.242974
         1.4149        0.24295
          1.415       0.242926
         1.4151       0.242901
         1.4152       0.242877
         1.4153       0.242853
         1.4154       0.242828
         1.4155       0.242804
         1.4156        0.24278
         1.4157       0.242756
         1.4158       0.242731
         1.4159       0.242707
          1.416       0.242683
         1.4161       0.242659
         1.4162       0.242634
         1.4163        0.24261
         1.4164       0.242586
         1.4165       0.242562
         1.4166       0.242537
         1.4167       0.242513
         1.4168       0.242489
         1.4169       0.242465
          1.417        0.24244
         1.4171       0.242416
         1.4172       0.242392
         1.4173       0.242368
         1.4174       0.242343
         1.4175       0.242319
         1.4176       0.242295
         1.4177       0.242271
         1.4178       0.242246
         1.4179       0.242222
          1.418       0.242198
         1.4181       0.242174
         1.4182        0.24215
         1.4183       0.242125
         1.4184       0.242101
         1.4185       0.242077
         1.4186       0.242053
         1.4187       0.242028
         1.4188       0.242004
         1.4189        0.24198
          1.419       0.241956
         1.4191       0.241932
         1.4192       0.241907
         1.4193       0.241883
         1.4194       0.241859
         1.4195       0.241835
         1.4196       0.241811
         1.4197       0.241787
         1.4198       0.241762
         1.4199       0.241738
           1.42       0.241714
         1.4201        0.24169
         1.4202       0.241666
         1.4203       0.241642
         1.4204       0.241617
         1.4205       0.241593
         1.4206       0.241569
         1.4207       0.241545
         1.4208       0.241521
         1.4209       0.241497
          1.421       0.241472
         1.4211       0.241448
         1.4212       0.241424
         1.4213         0.2414
         1.4214       0.241376
         1.4215       0.241352
         1.4216       0.241328
         1.4217       0.241303
         1.4218       0.241279
         1.4219       0.241255
          1.422       0.241231
         1.4221       0.241207
         1.4222       0.241183
         1.4223       0.241159
         1.4224       0.241135
         1.4225        0.24111
         1.4226       0.241086
         1.4227       0.241062
         1.4228       0.241038
         1.4229       0.241014
          1.423        0.24099
         1.4231       0.240966
         1.4232       0.240942
         1.4233       0.240918
         1.4234       0.240894
         1.4235        0.24087
         1.4236       0.240845
         1.4237       0.240821
         1.4238       0.240797
         1.4239       0.240773
          1.424       0.240749
         1.4241       0.240725
         1.4242       0.240701
         1.4243       0.240677
         1.4244       0.240653
         1.4245       0.240629
         1.4246       0.240605
         1.4247       0.240581
         1.4248       0.240557
         1.4249       0.240533
          1.425       0.240508
         1.4251       0.240484
         1.4252        0.24046
         1.4253       0.240436
         1.4254       0.240412
         1.4255       0.240388
         1.4256       0.240364
         1.4257        0.24034
         1.4258       0.240316
         1.4259       0.240292
          1.426       0.240268
         1.4261       0.240244
         1.4262        0.24022
         1.4263       0.240196
         1.4264       0.240172
         1.4265       0.240148
         1.4266       0.240124
         1.4267         0.2401
         1.4268       0.240076
         1.4269       0.240052
          1.427       0.240028
         1.4271       0.240004
         1.4272        0.23998
         1.4273       0.239956
         1.4274       0.239932
         1.4275       0.239908
         1.4276       0.239884
         1.4277        0.23986
         1.4278       0.239836
         1.4279       0.239812
          1.428       0.239788
         1.4281       0.239764
         1.4282        0.23974
         1.4283       0.239716
         1.4284       0.239692
         1.4285       0.239668
         1.4286       0.239644
         1.4287        0.23962
         1.4288       0.239596
         1.4289       0.239572
          1.429       0.239548
         1.4291       0.239524
         1.4292         0.2395
         1.4293       0.239477
         1.4294       0.239453
         1.4295       0.239429
         1.4296       0.239405
         1.4297       0.239381
         1.4298       0.239357
         1.4299       0.239333
           1.43       0.239309
         1.4301       0.239285
         1.4302       0.239261
         1.4303       0.239237
         1.4304       0.239213
         1.4305       0.239189
         1.4306       0.239165
         1.4307       0.239141
         1.4308       0.239118
         1.4309       0.239094
          1.431        0.23907
         1.4311       0.239046
         1.4312       0.239022
         1.4313       0.238998
         1.4314       0.238974
         1.4315        0.23895
         1.4316       0.238926
         1.4317       0.238902
         1.4318       0.238879
         1.4319       0.238855
          1.432       0.238831
         1.4321       0.238807
         1.4322       0.238783
         1.4323       0.238759
         1.4324       0.238735
         1.4325       0.238711
         1.4326       0.238688
         1.4327       0.238664
         1.4328        0.23864
         1.4329       0.238616
          1.433       0.238592
         1.4331       0.238568
         1.4332       0.238544
         1.4333       0.238521
         1.4334       0.238497
         1.4335       0.238473
         1.4336       0.238449
         1.4337       0.238425
         1.4338       0.238401
         1.4339       0.238377
          1.434       0.238354
         1.4341        0.23833
         1.4342       0.238306
         1.4343       0.238282
         1.4344       0.238258
         1.4345       0.238234
         1.4346       0.238211
         1.4347       0.238187
         1.4348       0.238163
         1.4349       0.238139
          1.435       0.238115
         1.4351       0.238092
         1.4352       0.238068
         1.4353       0.238044
         1.4354        0.23802
         1.4355       0.237996
         1.4356       0.237973
         1.4357       0.237949
         1.4358       0.237925
         1.4359       0.237901
          1.436       0.237877
         1.4361       0.237854
         1.4362        0.23783
         1.4363       0.237806
         1.4364       0.237782
         1.4365       0.237758
         1.4366       0.237735
         1.4367       0.237711
         1.4368       0.237687
         1.4369       0.237663
          1.437        0.23764
         1.4371       0.237616
         1.4372       0.237592
         1.4373       0.237568
         1.4374       0.237545
         1.4375       0.237521
         1.4376       0.237497
         1.4377       0.237473
         1.4378        0.23745
         1.4379       0.237426
          1.438       0.237402
         1.4381       0.237378
         1.4382       0.237355
         1.4383       0.237331
         1.4384       0.237307
         1.4385       0.237283
         1.4386        0.23726
         1.4387       0.237236
         1.4388       0.237212
         1.4389       0.237189
          1.439       0.237165
         1.4391       0.237141
         1.4392       0.237117
         1.4393       0.237094
         1.4394        0.23707
         1.4395       0.237046
         1.4396       0.237023
         1.4397       0.236999
         1.4398       0.236975
         1.4399       0.236951
           1.44       0.236928
         1.4401       0.236904
         1.4402        0.23688
         1.4403       0.236857
         1.4404       0.236833
         1.4405       0.236809
         1.4406       0.236786
         1.4407       0.236762
         1.4408       0.236738
         1.4409       0.236715
          1.441       0.236691
         1.4411       0.236667
         1.4412       0.236644
         1.4413        0.23662
         1.4414       0.236596
         1.4415       0.236573
         1.4416       0.236549
         1.4417       0.236525
         1.4418       0.236502
         1.4419       0.236478
          1.442       0.236454
         1.4421       0.236431
         1.4422       0.236407
         1.4423       0.236383
         1.4424        0.23636
         1.4425       0.236336
         1.4426       0.236313
         1.4427       0.236289
         1.4428       0.236265
         1.4429       0.236242
          1.443       0.236218
         1.4431       0.236194
         1.4432       0.236171
         1.4433       0.236147
         1.4434       0.236124
         1.4435         0.2361
         1.4436       0.236076
         1.4437       0.236053
         1.4438       0.236029
         1.4439       0.236006
          1.444       0.235982
         1.4441       0.235958
         1.4442       0.235935
         1.4443       0.235911
         1.4444       0.235888
         1.4445       0.235864
         1.4446        0.23584
         1.4447       0.235817
         1.4448       0.235793
         1.4449        0.23577
          1.445       0.235746
         1.4451       0.235723
         1.4452       0.235699
         1.4453       0.235675
         1.4454       0.235652
         1.4455       0.235628
         1.4456       0.235605
         1.4457       0.235581
         1.4458       0.235558
         1.4459       0.235534
          1.446        0.23551
         1.4461       0.235487
         1.4462       0.235463
         1.4463        0.23544
         1.4464       0.235416
         1.4465       0.235393
         1.4466       0.235369
         1.4467       0.235346
         1.4468       0.235322
         1.4469       0.235299
          1.447       0.235275
         1.4471       0.235252
         1.4472       0.235228
         1.4473       0.235204
         1.4474       0.235181
         1.4475       0.235157
         1.4476       0.235134
         1.4477        0.23511
         1.4478       0.235087
         1.4479       0.235063
          1.448        0.23504
         1.4481       0.235016
         1.4482       0.234993
         1.4483       0.234969
         1.4484       0.234946
         1.4485       0.234922
         1.4486       0.234899
         1.4487       0.234875
         1.4488       0.234852
         1.4489       0.234828
          1.449       0.234805
         1.4491       0.234782
         1.4492       0.234758
         1.4493       0.234735
         1.4494       0.234711
         1.4495       0.234688
         1.4496       0.234664
         1.4497       0.234641
         1.4498       0.234617
         1.4499       0.234594
           1.45        0.23457
         1.4501       0.234547
         1.4502       0.234523
         1.4503         0.2345
         1.4504       0.234476
         1.4505       0.234453
         1.4506        0.23443
         1.4507       0.234406
         1.4508       0.234383
         1.4509       0.234359
          1.451       0.234336
         1.4511       0.234312
         1.4512       0.234289
         1.4513       0.234266
         1.4514       0.234242
         1.4515       0.234219
         1.4516       0.234195
         1.4517       0.234172
         1.4518       0.234148
         1.4519       0.234125
          1.452       0.234102
         1.4521       0.234078
         1.4522       0.234055
         1.4523       0.234031
         1.4524       0.234008
         1.4525       0.233985
         1.4526       0.233961
         1.4527       0.233938
         1.4528       0.233914
         1.4529       0.233891
          1.453       0.233868
         1.4531       0.233844
         1.4532       0.233821
         1.4533       0.233797
         1.4534       0.233774
         1.4535       0.233751
         1.4536       0.233727
         1.4537       0.233704
         1.4538       0.233681
         1.4539       0.233657
          1.454       0.233634
         1.4541       0.233611
         1.4542       0.233587
         1.4543       0.233564
         1.4544        0.23354
         1.4545       0.233517
         1.4546       0.233494
         1.4547        0.23347
         1.4548       0.233447
         1.4549       0.233424
          1.455         0.2334
         1.4551       0.233377
         1.4552       0.233354
         1.4553        0.23333
         1.4554       0.233307
         1.4555       0.233284
         1.4556        0.23326
         1.4557       0.233237
         1.4558       0.233214
         1.4559        0.23319
          1.456       0.233167
         1.4561       0.233144
         1.4562        0.23312
         1.4563       0.233097
         1.4564       0.233074
         1.4565       0.233051
         1.4566       0.233027
         1.4567       0.233004
         1.4568       0.232981
         1.4569       0.232957
          1.457       0.232934
         1.4571       0.232911
         1.4572       0.232887
         1.4573       0.232864
         1.4574       0.232841
         1.4575       0.232818
         1.4576       0.232794
         1.4577       0.232771
         1.4578       0.232748
         1.4579       0.232724
          1.458       0.232701
         1.4581       0.232678
         1.4582       0.232655
         1.4583       0.232631
         1.4584       0.232608
         1.4585       0.232585
         1.4586       0.232562
         1.4587       0.232538
         1.4588       0.232515
         1.4589       0.232492
          1.459       0.232469
         1.4591       0.232445
         1.4592       0.232422
         1.4593       0.232399
         1.4594       0.232376
         1.4595       0.232352
         1.4596       0.232329
         1.4597       0.232306
         1.4598       0.232283
         1.4599        0.23226
           1.46       0.232236
         1.4601       0.232213
         1.4602        0.23219
         1.4603       0.232167
         1.4604       0.232143
         1.4605        0.23212
         1.4606       0.232097
         1.4607       0.232074
         1.4608       0.232051
         1.4609       0.232027
          1.461       0.232004
         1.4611       0.231981
         1.4612       0.231958
         1.4613       0.231935
         1.4614       0.231911
         1.4615       0.231888
         1.4616       0.231865
         1.4617       0.231842
         1.4618       0.231819
         1.4619       0.231795
          1.462       0.231772
         1.4621       0.231749
         1.4622       0.231726
         1.4623       0.231703
         1.4624        0.23168
         1.4625       0.231656
         1.4626       0.231633
         1.4627        0.23161
         1.4628       0.231587
         1.4629       0.231564
          1.463       0.231541
         1.4631       0.231517
         1.4632       0.231494
         1.4633       0.231471
         1.4634       0.231448
         1.4635       0.231425
         1.4636       0.231402
         1.4637       0.231379
         1.4638       0.231355
         1.4639       0.231332
          1.464       0.231309
         1.4641       0.231286
         1.4642       0.231263
         1.4643        0.23124
         1.4644       0.231217
         1.4645       0.231194
         1.4646        0.23117
         1.4647       0.231147
         1.4648       0.231124
         1.4649       0.231101
          1.465       0.231078
         1.4651       0.231055
         1.4652       0.231032
         1.4653       0.231009
         1.4654       0.230986
         1.4655       0.230962
         1.4656       0.230939
         1.4657       0.230916
         1.4658       0.230893
         1.4659        0.23087
          1.466       0.230847
         1.4661       0.230824
         1.4662       0.230801
         1.4663       0.230778
         1.4664       0.230755
         1.4665       0.230732
         1.4666       0.230709
         1.4667       0.230686
         1.4668       0.230662
         1.4669       0.230639
          1.467       0.230616
         1.4671       0.230593
         1.4672        0.23057
         1.4673       0.230547
         1.4674       0.230524
         1.4675       0.230501
         1.4676       0.230478
         1.4677       0.230455
         1.4678       0.230432
         1.4679       0.230409
          1.468       0.230386
         1.4681       0.230363
         1.4682        0.23034
         1.4683       0.230317
         1.4684       0.230294
         1.4685       0.230271
         1.4686       0.230248
         1.4687       0.230225
         1.4688       0.230202
         1.4689       0.230179
          1.469       0.230156
         1.4691       0.230133
         1.4692        0.23011
         1.4693       0.230087
         1.4694       0.230063
         1.4695        0.23004
         1.4696       0.230017
         1.4697       0.229994
         1.4698       0.229971
         1.4699       0.229948
           1.47       0.229925
         1.4701       0.229903
         1.4702        0.22988
         1.4703       0.229857
         1.4704       0.229834
         1.4705       0.229811
         1.4706       0.229788
         1.4707       0.229765
         1.4708       0.229742
         1.4709       0.229719
          1.471       0.229696
         1.4711       0.229673
         1.4712        0.22965
         1.4713       0.229627
         1.4714       0.229604
         1.4715       0.229581
         1.4716       0.229558
         1.4717       0.229535
         1.4718       0.229512
         1.4719       0.229489
          1.472       0.229466
         1.4721       0.229443
         1.4722        0.22942
         1.4723       0.229397
         1.4724       0.229374
         1.4725       0.229351
         1.4726       0.229328
         1.4727       0.229306
         1.4728       0.229283
         1.4729        0.22926
          1.473       0.229237
         1.4731       0.229214
         1.4732       0.229191
         1.4733       0.229168
         1.4734       0.229145
         1.4735       0.229122
         1.4736       0.229099
         1.4737       0.229076
         1.4738       0.229053
         1.4739       0.229031
          1.474       0.229008
         1.4741       0.228985
         1.4742       0.228962
         1.4743       0.228939
         1.4744       0.228916
         1.4745       0.228893
         1.4746        0.22887
         1.4747       0.228847
         1.4748       0.228824
         1.4749       0.228802
          1.475       0.228779
         1.4751       0.228756
         1.4752       0.228733
         1.4753        0.22871
         1.4754       0.228687
         1.4755       0.228664
         1.4756       0.228642
         1.4757       0.228619
         1.4758       0.228596
         1.4759       0.228573
          1.476        0.22855
         1.4761       0.228527
         1.4762       0.228504
         1.4763       0.228482
         1.4764       0.228459
         1.4765       0.228436
         1.4766       0.228413
         1.4767        0.22839
         1.4768       0.228367
         1.4769       0.228344
          1.477       0.228322
         1.4771       0.228299
         1.4772       0.228276
         1.4773       0.228253
         1.4774        0.22823
         1.4775       0.228208
         1.4776       0.228185
         1.4777       0.228162
         1.4778       0.228139
         1.4779       0.228116
          1.478       0.228093
         1.4781       0.228071
         1.4782       0.228048
         1.4783       0.228025
         1.4784       0.228002
         1.4785       0.227979
         1.4786       0.227957
         1.4787       0.227934
         1.4788       0.227911
         1.4789       0.227888
          1.479       0.227865
         1.4791       0.227843
         1.4792        0.22782
         1.4793       0.227797
         1.4794       0.227774
         1.4795       0.227752
         1.4796       0.227729
         1.4797       0.227706
         1.4798       0.227683
         1.4799        0.22766
           1.48       0.227638
         1.4801       0.227615
         1.4802       0.227592
         1.4803       0.227569
         1.4804       0.227547
         1.4805       0.227524
         1.4806       0.227501
         1.4807       0.227478
         1.4808       0.227456
         1.4809       0.227433
          1.481        0.22741
         1.4811       0.227387
         1.4812       0.227365
         1.4813       0.227342
         1.4814       0.227319
         1.4815       0.227296
         1.4816       0.227274
         1.4817       0.227251
         1.4818       0.227228
         1.4819       0.227206
          1.482       0.227183
         1.4821        0.22716
         1.4822       0.227137
         1.4823       0.227115
         1.4824       0.227092
         1.4825       0.227069
         1.4826       0.227047
         1.4827       0.227024
         1.4828       0.227001
         1.4829       0.226979
          1.483       0.226956
         1.4831       0.226933
         1.4832        0.22691
         1.4833       0.226888
         1.4834       0.226865
         1.4835       0.226842
         1.4836        0.22682
         1.4837       0.226797
         1.4838       0.226774
         1.4839       0.226752
          1.484       0.226729
         1.4841       0.226706
         1.4842       0.226684
         1.4843       0.226661
         1.4844       0.226638
         1.4845       0.226616
         1.4846       0.226593
         1.4847        0.22657
         1.4848       0.226548
         1.4849       0.226525
          1.485       0.226502
         1.4851        0.22648
         1.4852       0.226457
         1.4853       0.226434
         1.4854       0.226412
         1.4855       0.226389
         1.4856       0.226366
         1.4857       0.226344
         1.4858       0.226321
         1.4859       0.226299
          1.486       0.226276
         1.4861       0.226253
         1.4862       0.226231
         1.4863       0.226208
         1.4864       0.226185
         1.4865       0.226163
         1.4866        0.22614
         1.4867       0.226118
         1.4868       0.226095
         1.4869       0.226072
          1.487        0.22605
         1.4871       0.226027
         1.4872       0.226005
         1.4873       0.225982
         1.4874       0.225959
         1.4875       0.225937
         1.4876       0.225914
         1.4877       0.225892
         1.4878       0.225869
         1.4879       0.225846
          1.488       0.225824
         1.4881       0.225801
         1.4882       0.225779
         1.4883       0.225756
         1.4884       0.225734
         1.4885       0.225711
         1.4886       0.225688
         1.4887       0.225666
         1.4888       0.225643
         1.4889       0.225621
          1.489       0.225598
         1.4891       0.225576
         1.4892       0.225553
         1.4893        0.22553
         1.4894       0.225508
         1.4895       0.225485
         1.4896       0.225463
         1.4897        0.22544
         1.4898       0.225418
         1.4899       0.225395
           1.49       0.225373
         1.4901        0.22535
         1.4902       0.225328
         1.4903       0.225305
         1.4904       0.225283
         1.4905        0.22526
         1.4906       0.225237
         1.4907       0.225215
         1.4908       0.225192
         1.4909        0.22517
          1.491       0.225147
         1.4911       0.225125
         1.4912       0.225102
         1.4913        0.22508
         1.4914       0.225057
         1.4915       0.225035
         1.4916       0.225012
         1.4917        0.22499
         1.4918       0.224967
         1.4919       0.224945
          1.492       0.224922
         1.4921         0.2249
         1.4922       0.224877
         1.4923       0.224855
         1.4924       0.224832
         1.4925        0.22481
         1.4926       0.224787
         1.4927       0.224765
         1.4928       0.224743
         1.4929        0.22472
          1.493       0.224698
         1.4931       0.224675
         1.4932       0.224653
         1.4933        0.22463
         1.4934       0.224608
         1.4935       0.224585
         1.4936       0.224563
         1.4937        0.22454
         1.4938       0.224518
         1.4939       0.224495
          1.494       0.224473
         1.4941       0.224451
         1.4942       0.224428
         1.4943       0.224406
         1.4944       0.224383
         1.4945       0.224361
         1.4946       0.224338
         1.4947       0.224316
         1.4948       0.224293
         1.4949       0.224271
          1.495       0.224249
         1.4951       0.224226
         1.4952       0.224204
         1.4953       0.224181
         1.4954       0.224159
         1.4955       0.224137
         1.4956       0.224114
         1.4957       0.224092
         1.4958       0.224069
         1.4959       0.224047
          1.496       0.224024
         1.4961       0.224002
         1.4962        0.22398
         1.4963       0.223957
         1.4964       0.223935
         1.4965       0.223912
         1.4966        0.22389
         1.4967       0.223868
         1.4968       0.223845
         1.4969       0.223823
          1.497       0.223801
         1.4971       0.223778
         1.4972       0.223756
         1.4973       0.223733
         1.4974       0.223711
         1.4975       0.223689
         1.4976       0.223666
         1.4977       0.223644
         1.4978       0.223622
         1.4979       0.223599
          1.498       0.223577
         1.4981       0.223555
         1.4982       0.223532
         1.4983        0.22351
         1.4984       0.223487
         1.4985       0.223465
         1.4986       0.223443
         1.4987        0.22342
         1.4988       0.223398
         1.4989       0.223376
          1.499       0.223353
         1.4991       0.223331
         1.4992       0.223309
         1.4993       0.223286
         1.4994       0.223264
         1.4995       0.223242
         1.4996       0.223219
         1.4997       0.223197
         1.4998       0.223175
         1.4999       0.223152
            1.5        0.22313
         1.5001       0.223108
         1.5002       0.223086
         1.5003       0.223063
         1.5004       0.223041
         1.5005       0.223019
         1.5006       0.222996
         1.5007       0.222974
         1.5008       0.222952
         1.5009       0.222929
          1.501       0.222907
         1.5011       0.222885
         1.5012       0.222863
         1.5013        0.22284
         1.5014       0.222818
         1.5015       0.222796
         1.5016       0.222773
         1.5017       0.222751
         1.5018       0.222729
         1.5019       0.222707
          1.502       0.222684
         1.5021       0.222662
         1.5022        0.22264
         1.5023       0.222618
         1.5024       0.222595
         1.5025       0.222573
         1.5026       0.222551
         1.5027       0.222529
         1.5028       0.222506
         1.5029       0.222484
          1.503       0.222462
         1.5031        0.22244
         1.5032       0.222417
         1.5033       0.222395
         1.5034       0.222373
         1.5035       0.222351
         1.5036       0.222328
         1.5037       0.222306
         1.5038       0.222284
         1.5039       0.222262
          1.504       0.222239
         1.5041       0.222217
         1.5042       0.222195
         1.5043       0.222173
         1.5044       0.222151
         1.5045       0.222128
         1.5046       0.222106
         1.5047       0.222084
         1.5048       0.222062
         1.5049        0.22204
          1.505       0.222017
         1.5051       0.221995
         1.5052       0.221973
         1.5053       0.221951
         1.5054       0.221929
         1.5055       0.221906
         1.5056       0.221884
         1.5057       0.221862
         1.5058        0.22184
         1.5059       0.221818
          1.506       0.221795
         1.5061       0.221773
         1.5062       0.221751
         1.5063       0.221729
         1.5064       0.221707
         1.5065       0.221685
         1.5066       0.221662
         1.5067        0.22164
         1.5068       0.221618
         1.5069       0.221596
          1.507       0.221574
         1.5071       0.221552
         1.5072       0.221529
         1.5073       0.221507
         1.5074       0.221485
         1.5075       0.221463
         1.5076       0.221441
         1.5077       0.221419
         1.5078       0.221397
         1.5079       0.221374
          1.508       0.221352
         1.5081        0.22133
         1.5082       0.221308
         1.5083       0.221286
         1.5084       0.221264
         1.5085       0.221242
         1.5086       0.221219
         1.5087       0.221197
         1.5088       0.221175
         1.5089       0.221153
          1.509       0.221131
         1.5091       0.221109
         1.5092       0.221087
         1.5093       0.221065
         1.5094       0.221043
         1.5095        0.22102
         1.5096       0.220998
         1.5097       0.220976
         1.5098       0.220954
         1.5099       0.220932
           1.51        0.22091
         1.5101       0.220888
         1.5102       0.220866
         1.5103       0.220844
         1.5104       0.220822
         1.5105         0.2208
         1.5106       0.220777
         1.5107       0.220755
         1.5108       0.220733
         1.5109       0.220711
          1.511       0.220689
         1.5111       0.220667
         1.5112       0.220645
         1.5113       0.220623
         1.5114       0.220601
         1.5115       0.220579
         1.5116       0.220557
         1.5117       0.220535
         1.5118       0.220513
         1.5119       0.220491
          1.512       0.220469
         1.5121       0.220447
         1.5122       0.220425
         1.5123       0.220402
         1.5124        0.22038
         1.5125       0.220358
         1.5126       0.220336
         1.5127       0.220314
         1.5128       0.220292
         1.5129        0.22027
          1.513       0.220248
         1.5131       0.220226
         1.5132       0.220204
         1.5133       0.220182
         1.5134        0.22016
         1.5135       0.220138
         1.5136       0.220116
         1.5137       0.220094
         1.5138       0.220072
         1.5139        0.22005
          1.514       0.220028
         1.5141       0.220006
         1.5142       0.219984
         1.5143       0.219962
         1.5144        0.21994
         1.5145       0.219918
         1.5146       0.219896
         1.5147       0.219874
         1.5148       0.219852
         1.5149        0.21983
          1.515       0.219808
         1.5151       0.219786
         1.5152       0.219764
         1.5153       0.219742
         1.5154        0.21972
         1.5155       0.219698
         1.5156       0.219676
         1.5157       0.219654
         1.5158       0.219632
         1.5159        0.21961
          1.516       0.219588
         1.5161       0.219567
         1.5162       0.219545
         1.5163       0.219523
         1.5164       0.219501
         1.5165       0.219479
         1.5166       0.219457
         1.5167       0.219435
         1.5168       0.219413
         1.5169       0.219391
          1.517       0.219369
         1.5171       0.219347
         1.5172       0.219325
         1.5173       0.219303
         1.5174       0.219281
         1.5175       0.219259
         1.5176       0.219237
         1.5177       0.219216
         1.5178       0.219194
         1.5179       0.219172
          1.518        0.21915
         1.5181       0.219128
         1.5182       0.219106
         1.5183       0.219084
         1.5184       0.219062
         1.5185        0.21904
         1.5186       0.219018
         1.5187       0.218996
         1.5188       0.218975
         1.5189       0.218953
          1.519       0.218931
         1.5191       0.218909
         1.5192       0.218887
         1.5193       0.218865
         1.5194       0.218843
         1.5195       0.218821
         1.5196       0.218799
         1.5197       0.218778
         1.5198       0.218756
         1.5199       0.218734
           1.52       0.218712
         1.5201        0.21869
         1.5202       0.218668
         1.5203       0.218646
         1.5204       0.218624
         1.5205       0.218603
         1.5206       0.218581
         1.5207       0.218559
         1.5208       0.218537
         1.5209       0.218515
          1.521       0.218493
         1.5211       0.218471
         1.5212        0.21845
         1.5213       0.218428
         1.5214       0.218406
         1.5215       0.218384
         1.5216       0.218362
         1.5217        0.21834
         1.5218       0.218319
         1.5219       0.218297
          1.522       0.218275
         1.5221       0.218253
         1.5222       0.218231
         1.5223       0.218209
         1.5224       0.218188
         1.5225       0.218166
         1.5226       0.218144
         1.5227       0.218122
         1.5228         0.2181
         1.5229       0.218079
          1.523       0.218057
         1.5231       0.218035
         1.5232       0.218013
         1.5233       0.217991
         1.5234        0.21797
         1.5235       0.217948
         1.5236       0.217926
         1.5237       0.217904
         1.5238       0.217882
         1.5239       0.217861
          1.524       0.217839
         1.5241       0.217817
         1.5242       0.217795
         1.5243       0.217773
         1.5244       0.217752
         1.5245        0.21773
         1.5246       0.217708
         1.5247       0.217686
         1.5248       0.217665
         1.5249       0.217643
          1.525       0.217621
         1.5251       0.217599
         1.5252       0.217578
         1.5253       0.217556
         1.5254       0.217534
         1.5255       0.217512
         1.5256       0.217491
         1.5257       0.217469
         1.5258       0.217447
         1.5259       0.217425
          1.526       0.217404
         1.5261       0.217382
         1.5262        0.21736
         1.5263       0.217338
         1.5264       0.217317
         1.5265       0.217295
         1.5266       0.217273
         1.5267       0.217251
         1.5268        0.21723
         1.5269       0.217208
          1.527       0.217186
         1.5271       0.217165
         1.5272       0.217143
         1.5273       0.217121
         1.5274       0.217099
         1.5275       0.217078
         1.5276       0.217056
         1.5277       0.217034
         1.5278       0.217013
         1.5279       0.216991
          1.528       0.216969
         1.5281       0.216947
         1.5282       0.216926
         1.5283       0.216904
         1.5284       0.216882
         1.5285       0.216861
         1.5286       0.216839
         1.5287       0.216817
         1.5288       0.216796
         1.5289       0.216774
          1.529       0.216752
         1.5291       0.216731
         1.5292       0.216709
         1.5293       0.216687
         1.5294       0.216666
         1.5295       0.216644
         1.5296       0.216622
         1.5297       0.216601
         1.5298       0.216579
         1.5299       0.216557
           1.53       0.216536
         1.5301       0.216514
         1.5302       0.216492
         1.5303       0.216471
         1.5304       0.216449
         1.5305       0.216427
         1.5306       0.216406
         1.5307       0.216384
         1.5308       0.216363
         1.5309       0.216341
          1.531       0.216319
         1.5311       0.216298
         1.5312       0.216276
         1.5313       0.216254
         1.5314       0.216233
         1.5315       0.216211
         1.5316       0.216189
         1.5317       0.216168
         1.5318       0.216146
         1.5319       0.216125
          1.532       0.216103
         1.5321       0.216081
         1.5322        0.21606
         1.5323       0.216038
         1.5324       0.216017
         1.5325       0.215995
         1.5326       0.215973
         1.5327       0.215952
         1.5328        0.21593
         1.5329       0.215909
          1.533       0.215887
         1.5331       0.215865
         1.5332       0.215844
         1.5333       0.215822
         1.5334       0.215801
         1.5335       0.215779
         1.5336       0.215758
         1.5337       0.215736
         1.5338       0.215714
         1.5339       0.215693
          1.534       0.215671
         1.5341        0.21565
         1.5342       0.215628
         1.5343       0.215607
         1.5344       0.215585
         1.5345       0.215563
         1.5346       0.215542
         1.5347        0.21552
         1.5348       0.215499
         1.5349       0.215477
          1.535       0.215456
         1.5351       0.215434
         1.5352       0.215413
         1.5353       0.215391
         1.5354        0.21537
         1.5355       0.215348
         1.5356       0.215326
         1.5357       0.215305
         1.5358       0.215283
         1.5359       0.215262
          1.536        0.21524
         1.5361       0.215219
         1.5362       0.215197
         1.5363       0.215176
         1.5364       0.215154
         1.5365       0.215133
         1.5366       0.215111
         1.5367        0.21509
         1.5368       0.215068
         1.5369       0.215047
          1.537       0.215025
         1.5371       0.215004
         1.5372       0.214982
         1.5373       0.214961
         1.5374       0.214939
         1.5375       0.214918
         1.5376       0.214896
         1.5377       0.214875
         1.5378       0.214853
         1.5379       0.214832
          1.538        0.21481
         1.5381       0.214789
         1.5382       0.214767
         1.5383       0.214746
         1.5384       0.214724
         1.5385       0.214703
         1.5386       0.214681
         1.5387        0.21466
         1.5388       0.214639
         1.5389       0.214617
          1.539       0.214596
         1.5391       0.214574
         1.5392       0.214553
         1.5393       0.214531
         1.5394        0.21451
         1.5395       0.214488
         1.5396       0.214467
         1.5397       0.214445
         1.5398       0.214424
         1.5399       0.214403
           1.54       0.214381
         1.5401        0.21436
         1.5402       0.214338
         1.5403       0.214317
         1.5404       0.214295
         1.5405       0.214274
         1.5406       0.214253
         1.5407       0.214231
         1.5408        0.21421
         1.5409       0.214188
          1.541       0.214167
         1.5411       0.214145
         1.5412       0.214124
         1.5413       0.214103
         1.5414       0.214081
         1.5415        0.21406
         1.5416       0.214038
         1.5417       0.214017
         1.5418       0.213996
         1.5419       0.213974
          1.542       0.213953
         1.5421       0.213931
         1.5422        0.21391
         1.5423       0.213889
         1.5424       0.213867
         1.5425       0.213846
         1.5426       0.213824
         1.5427       0.213803
         1.5428       0.213782
         1.5429        0.21376
          1.543       0.213739
         1.5431       0.213718
         1.5432       0.213696
         1.5433       0.213675
         1.5434       0.213653
         1.5435       0.213632
         1.5436       0.213611
         1.5437       0.213589
         1.5438       0.213568
         1.5439       0.213547
          1.544       0.213525
         1.5441       0.213504
         1.5442       0.213483
         1.5443       0.213461
         1.5444        0.21344
         1.5445       0.213419
         1.5446       0.213397
         1.5447       0.213376
         1.5448       0.213355
         1.5449       0.213333
          1.545       0.213312
         1.5451       0.213291
         1.5452       0.213269
         1.5453       0.213248
         1.5454       0.213227
         1.5455       0.213205
         1.5456       0.213184
         1.5457       0.213163
         1.5458       0.213141
         1.5459        0.21312
          1.546       0.213099
         1.5461       0.213077
         1.5462       0.213056
         1.5463       0.213035
         1.5464       0.213013
         1.5465       0.212992
         1.5466       0.212971
         1.5467        0.21295
         1.5468       0.212928
         1.5469       0.212907
          1.547       0.212886
         1.5471       0.212864
         1.5472       0.212843
         1.5473       0.212822
         1.5474       0.212801
         1.5475       0.212779
         1.5476       0.212758
         1.5477       0.212737
         1.5478       0.212715
         1.5479       0.212694
          1.548       0.212673
         1.5481       0.212652
         1.5482        0.21263
         1.5483       0.212609
         1.5484       0.212588
         1.5485       0.212567
         1.5486       0.212545
         1.5487       0.212524
         1.5488       0.212503
         1.5489       0.212482
          1.549        0.21246
         1.5491       0.212439
         1.5492       0.212418
         1.5493       0.212397
         1.5494       0.212375
         1.5495       0.212354
         1.5496       0.212333
         1.5497       0.212312
         1.5498        0.21229
         1.5499       0.212269
           1.55       0.212248
         1.5501       0.212227
         1.5502       0.212206
         1.5503       0.212184
         1.5504       0.212163
         1.5505       0.212142
         1.5506       0.212121
         1.5507       0.212099
         1.5508       0.212078
         1.5509       0.212057
          1.551       0.212036
         1.5511       0.212015
         1.5512       0.211993
         1.5513       0.211972
         1.5514       0.211951
         1.5515        0.21193
         1.5516       0.211909
         1.5517       0.211887
         1.5518       0.211866
         1.5519       0.211845
          1.552       0.211824
         1.5521       0.211803
         1.5522       0.211782
         1.5523        0.21176
         1.5524       0.211739
         1.5525       0.211718
         1.5526       0.211697
         1.5527       0.211676
         1.5528       0.211655
         1.5529       0.211633
          1.553       0.211612
         1.5531       0.211591
         1.5532        0.21157
         1.5533       0.211549
         1.5534       0.211528
         1.5535       0.211506
         1.5536       0.211485
         1.5537       0.211464
         1.5538       0.211443
         1.5539       0.211422
          1.554       0.211401
         1.5541        0.21138
         1.5542       0.211358
         1.5543       0.211337
         1.5544       0.211316
         1.5545       0.211295
         1.5546       0.211274
         1.5547       0.211253
         1.5548       0.211232
         1.5549       0.211211
          1.555       0.211189
         1.5551       0.211168
         1.5552       0.211147
         1.5553       0.211126
         1.5554       0.211105
         1.5555       0.211084
         1.5556       0.211063
         1.5557       0.211042
         1.5558       0.211021
         1.5559       0.210999
          1.556       0.210978
         1.5561       0.210957
         1.5562       0.210936
         1.5563       0.210915
         1.5564       0.210894
         1.5565       0.210873
         1.5566       0.210852
         1.5567       0.210831
         1.5568        0.21081
         1.5569       0.210789
          1.557       0.210767
         1.5571       0.210746
         1.5572       0.210725
         1.5573       0.210704
         1.5574       0.210683
         1.5575       0.210662
         1.5576       0.210641
         1.5577        0.21062
         1.5578       0.210599
         1.5579       0.210578
          1.558       0.210557
         1.5581       0.210536
         1.5582       0.210515
         1.5583       0.210494
         1.5584       0.210473
         1.5585       0.210452
         1.5586        0.21043
         1.5587       0.210409
         1.5588       0.210388
         1.5589       0.210367
          1.559       0.210346
         1.5591       0.210325
         1.5592       0.210304
         1.5593       0.210283
         1.5594       0.210262
         1.5595       0.210241
         1.5596        0.21022
         1.5597       0.210199
         1.5598       0.210178
         1.5599       0.210157
           1.56       0.210136
         1.5601       0.210115
         1.5602       0.210094
         1.5603       0.210073
         1.5604       0.210052
         1.5605       0.210031
         1.5606        0.21001
         1.5607       0.209989
         1.5608       0.209968
         1.5609       0.209947
          1.561       0.209926
         1.5611       0.209905
         1.5612       0.209884
         1.5613       0.209863
         1.5614       0.209842
         1.5615       0.209821
         1.5616         0.2098
         1.5617       0.209779
         1.5618       0.209758
         1.5619       0.209737
          1.562       0.209716
         1.5621       0.209695
         1.5622       0.209674
         1.5623       0.209653
         1.5624       0.209632
         1.5625       0.209611
         1.5626        0.20959
         1.5627       0.209569
         1.5628       0.209549
         1.5629       0.209528
          1.563       0.209507
         1.5631       0.209486
         1.5632       0.209465
         1.5633       0.209444
         1.5634       0.209423
         1.5635       0.209402
         1.5636       0.209381
         1.5637        0.20936
         1.5638       0.209339
         1.5639       0.209318
          1.564       0.209297
         1.5641       0.209276
         1.5642       0.209255
         1.5643       0.209234
         1.5644       0.209214
         1.5645       0.209193
         1.5646       0.209172
         1.5647       0.209151
         1.5648        0.20913
         1.5649       0.209109
          1.565       0.209088
         1.5651       0.209067
         1.5652       0.209046
         1.5653       0.209025
         1.5654       0.209004
         1.5655       0.208984
         1.5656       0.208963
         1.5657       0.208942
         1.5658       0.208921
         1.5659         0.2089
          1.566       0.208879
         1.5661       0.208858
         1.5662       0.208837
         1.5663       0.208816
         1.5664       0.208796
         1.5665       0.208775
         1.5666       0.208754
         1.5667       0.208733
         1.5668       0.208712
         1.5669       0.208691
          1.567        0.20867
         1.5671       0.208649
         1.5672       0.208629
         1.5673       0.208608
         1.5674       0.208587
         1.5675       0.208566
         1.5676       0.208545
         1.5677       0.208524
         1.5678       0.208503
         1.5679       0.208483
          1.568       0.208462
         1.5681       0.208441
         1.5682        0.20842
         1.5683       0.208399
         1.5684       0.208378
         1.5685       0.208357
         1.5686       0.208337
         1.5687       0.208316
         1.5688       0.208295
         1.5689       0.208274
          1.569       0.208253
         1.5691       0.208233
         1.5692       0.208212
         1.5693       0.208191
         1.5694        0.20817
         1.5695       0.208149
         1.5696       0.208128
         1.5697       0.208108
         1.5698       0.208087
         1.5699       0.208066
           1.57       0.208045
         1.5701       0.208024
         1.5702       0.208004
         1.5703       0.207983
         1.5704       0.207962
         1.5705       0.207941
         1.5706        0.20792
         1.5707         0.2079
         1.5708       0.207879
         1.5709       0.207858
          1.571       0.207837
         1.5711       0.207816
         1.5712       0.207796
         1.5713       0.207775
         1.5714       0.207754
         1.5715       0.207733
         1.5716       0.207713
         1.5717       0.207692
         1.5718       0.207671
         1.5719        0.20765
          1.572        0.20763
         1.5721       0.207609
         1.5722       0.207588
         1.5723       0.207567
         1.5724       0.207546
         1.5725       0.207526
         1.5726       0.207505
         1.5727       0.207484
         1.5728       0.207463
         1.5729       0.207443
          1.573       0.207422
         1.5731       0.207401
         1.5732       0.207381
         1.5733        0.20736
         1.5734       0.207339
         1.5735       0.207318
         1.5736       0.207298
         1.5737       0.207277
         1.5738       0.207256
         1.5739       0.207235
          1.574       0.207215
         1.5741       0.207194
         1.5742       0.207173
         1.5743       0.207153
         1.5744       0.207132
         1.5745       0.207111
         1.5746        0.20709
         1.5747        0.20707
         1.5748       0.207049
         1.5749       0.207028
          1.575       0.207008
         1.5751       0.206987
         1.5752       0.206966
         1.5753       0.206945
         1.5754       0.206925
         1.5755       0.206904
         1.5756       0.206883
         1.5757       0.206863
         1.5758       0.206842
         1.5759       0.206821
          1.576       0.206801
         1.5761        0.20678
         1.5762       0.206759
         1.5763       0.206739
         1.5764       0.206718
         1.5765       0.206697
         1.5766       0.206677
         1.5767       0.206656
         1.5768       0.206635
         1.5769       0.206615
          1.577       0.206594
         1.5771       0.206573
         1.5772       0.206553
         1.5773       0.206532
         1.5774       0.206511
         1.5775       0.206491
         1.5776        0.20647
         1.5777       0.206449
         1.5778       0.206429
         1.5779       0.206408
          1.578       0.206387
         1.5781       0.206367
         1.5782       0.206346
         1.5783       0.206326
         1.5784       0.206305
         1.5785       0.206284
         1.5786       0.206264
         1.5787       0.206243
         1.5788       0.206222
         1.5789       0.206202
          1.579       0.206181
         1.5791       0.206161
         1.5792        0.20614
         1.5793       0.206119
         1.5794       0.206099
         1.5795       0.206078
         1.5796       0.206058
         1.5797       0.206037
         1.5798       0.206016
         1.5799       0.205996
           1.58       0.205975
         1.5801       0.205955
         1.5802       0.205934
         1.5803       0.205913
         1.5804       0.205893
         1.5805       0.205872
         1.5806       0.205852
         1.5807       0.205831
         1.5808        0.20581
         1.5809        0.20579
          1.581       0.205769
         1.5811       0.205749
         1.5812       0.205728
         1.5813       0.205708
         1.5814       0.205687
         1.5815       0.205666
         1.5816       0.205646
         1.5817       0.205625
         1.5818       0.205605
         1.5819       0.205584
          1.582       0.205564
         1.5821       0.205543
         1.5822       0.205522
         1.5823       0.205502
         1.5824       0.205481
         1.5825       0.205461
         1.5826        0.20544
         1.5827        0.20542
         1.5828       0.205399
         1.5829       0.205379
          1.583       0.205358
         1.5831       0.205338
         1.5832       0.205317
         1.5833       0.205297
         1.5834       0.205276
         1.5835       0.205255
         1.5836       0.205235
         1.5837       0.205214
         1.5838       0.205194
         1.5839       0.205173
          1.584       0.205153
         1.5841       0.205132
         1.5842       0.205112
         1.5843       0.205091
         1.5844       0.205071
         1.5845        0.20505
         1.5846        0.20503
         1.5847       0.205009
         1.5848       0.204989
         1.5849       0.204968
          1.585       0.204948
         1.5851       0.204927
         1.5852       0.204907
         1.5853       0.204886
         1.5854       0.204866
         1.5855       0.204845
         1.5856       0.204825
         1.5857       0.204804
         1.5858       0.204784
         1.5859       0.204763
          1.586       0.204743
         1.5861       0.204722
         1.5862       0.204702
         1.5863       0.204682
         1.5864       0.204661
         1.5865       0.204641
         1.5866        0.20462
         1.5867         0.2046
         1.5868       0.204579
         1.5869       0.204559
          1.587       0.204538
         1.5871       0.204518
         1.5872       0.204497
         1.5873       0.204477
         1.5874       0.204457
         1.5875       0.204436
         1.5876       0.204416
         1.5877       0.204395
         1.5878       0.204375
         1.5879       0.204354
          1.588       0.204334
         1.5881       0.204313
         1.5882       0.204293
         1.5883       0.204273
         1.5884       0.204252
         1.5885       0.204232
         1.5886       0.204211
         1.5887       0.204191
         1.5888        0.20417
         1.5889        0.20415
          1.589        0.20413
         1.5891       0.204109
         1.5892       0.204089
         1.5893       0.204068
         1.5894       0.204048
         1.5895       0.204028
         1.5896       0.204007
         1.5897       0.203987
         1.5898       0.203966
         1.5899       0.203946
           1.59       0.203926
         1.5901       0.203905
         1.5902       0.203885
         1.5903       0.203864
         1.5904       0.203844
         1.5905       0.203824
         1.5906       0.203803
         1.5907       0.203783
         1.5908       0.203763
         1.5909       0.203742
          1.591       0.203722
         1.5911       0.203701
         1.5912       0.203681
         1.5913       0.203661
         1.5914        0.20364
         1.5915        0.20362
         1.5916         0.2036
         1.5917       0.203579
         1.5918       0.203559
         1.5919       0.203539
          1.592       0.203518
         1.5921       0.203498
         1.5922       0.203477
         1.5923       0.203457
         1.5924       0.203437
         1.5925       0.203416
         1.5926       0.203396
         1.5927       0.203376
         1.5928       0.203355
         1.5929       0.203335
          1.593       0.203315
         1.5931       0.203294
         1.5932       0.203274
         1.5933       0.203254
         1.5934       0.203233
         1.5935       0.203213
         1.5936       0.203193
         1.5937       0.203172
         1.5938       0.203152
         1.5939       0.203132
          1.594       0.203112
         1.5941       0.203091
         1.5942       0.203071
         1.5943       0.203051
         1.5944        0.20303
         1.5945        0.20301
         1.5946        0.20299
         1.5947       0.202969
         1.5948       0.202949
         1.5949       0.202929
          1.595       0.202909
         1.5951       0.202888
         1.5952       0.202868
         1.5953       0.202848
         1.5954       0.202827
         1.5955       0.202807
         1.5956       0.202787
         1.5957       0.202767
         1.5958       0.202746
         1.5959       0.202726
          1.596       0.202706
         1.5961       0.202685
         1.5962       0.202665
         1.5963       0.202645
         1.5964       0.202625
         1.5965       0.202604
         1.5966       0.202584
         1.5967       0.202564
         1.5968       0.202544
         1.5969       0.202523
          1.597       0.202503
         1.5971       0.202483
         1.5972       0.202463
         1.5973       0.202442
         1.5974       0.202422
         1.5975       0.202402
         1.5976       0.202382
         1.5977       0.202361
         1.5978       0.202341
         1.5979       0.202321
          1.598       0.202301
         1.5981        0.20228
         1.5982        0.20226
         1.5983        0.20224
         1.5984        0.20222
         1.5985         0.2022
         1.5986       0.202179
         1.5987       0.202159
         1.5988       0.202139
         1.5989       0.202119
          1.599       0.202099
         1.5991       0.202078
         1.5992       0.202058
         1.5993       0.202038
         1.5994       0.202018
         1.5995       0.201998
         1.5996       0.201977
         1.5997       0.201957
         1.5998       0.201937
         1.5999       0.201917
            1.6       0.201897
         1.6001       0.201876
         1.6002       0.201856
         1.6003       0.201836
         1.6004       0.201816
         1.6005       0.201796
         1.6006       0.201775
         1.6007       0.201755
         1.6008       0.201735
         1.6009       0.201715
          1.601       0.201695
         1.6011       0.201675
         1.6012       0.201654
         1.6013       0.201634
         1.6014       0.201614
         1.6015       0.201594
         1.6016       0.201574
         1.6017       0.201554
         1.6018       0.201533
         1.6019       0.201513
          1.602       0.201493
         1.6021       0.201473
         1.6022       0.201453
         1.6023       0.201433
         1.6024       0.201413
         1.6025       0.201392
         1.6026       0.201372
         1.6027       0.201352
         1.6028       0.201332
         1.6029       0.201312
          1.603       0.201292
         1.6031       0.201272
         1.6032       0.201251
         1.6033       0.201231
         1.6034       0.201211
         1.6035       0.201191
         1.6036       0.201171
         1.6037       0.201151
         1.6038       0.201131
         1.6039       0.201111
          1.604       0.201091
         1.6041        0.20107
         1.6042        0.20105
         1.6043        0.20103
         1.6044        0.20101
         1.6045        0.20099
         1.6046        0.20097
         1.6047        0.20095
         1.6048        0.20093
         1.6049        0.20091
          1.605        0.20089
         1.6051       0.200869
         1.6052       0.200849
         1.6053       0.200829
         1.6054       0.200809
         1.6055       0.200789
         1.6056       0.200769
         1.6057       0.200749
         1.6058       0.200729
         1.6059       0.200709
          1.606       0.200689
         1.6061       0.200669
         1.6062       0.200649
         1.6063       0.200629
         1.6064       0.200609
         1.6065       0.200588
         1.6066       0.200568
         1.6067       0.200548
         1.6068       0.200528
         1.6069       0.200508
          1.607       0.200488
         1.6071       0.200468
         1.6072       0.200448
         1.6073       0.200428
         1.6074       0.200408
         1.6075       0.200388
         1.6076       0.200368
         1.6077       0.200348
         1.6078       0.200328
         1.6079       0.200308
          1.608       0.200288
         1.6081       0.200268
         1.6082       0.200248
         1.6083       0.200228
         1.6084       0.200208
         1.6085       0.200188
         1.6086       0.200168
         1.6087       0.200148
         1.6088       0.200128
         1.6089       0.200108
          1.609       0.200088
         1.6091       0.200068
         1.6092       0.200048
         1.6093       0.200028
         1.6094       0.200008
         1.6095       0.199988
         1.6096       0.199968
         1.6097       0.199948
         1.6098       0.199928
         1.6099       0.199908
           1.61       0.199888
         1.6101       0.199868
         1.6102       0.199848
         1.6103       0.199828
         1.6104       0.199808
         1.6105       0.199788
         1.6106       0.199768
         1.6107       0.199748
         1.6108       0.199728
         1.6109       0.199708
          1.611       0.199688
         1.6111       0.199668
         1.6112       0.199648
         1.6113       0.199628
         1.6114       0.199608
         1.6115       0.199588
         1.6116       0.199568
         1.6117       0.199548
         1.6118       0.199528
         1.6119       0.199508
          1.612       0.199488
         1.6121       0.199468
         1.6122       0.199448
         1.6123       0.199428
         1.6124       0.199408
         1.6125       0.199389
         1.6126       0.199369
         1.6127       0.199349
         1.6128       0.199329
         1.6129       0.199309
          1.613       0.199289
         1.6131       0.199269
         1.6132       0.199249
         1.6133       0.199229
         1.6134       0.199209
         1.6135       0.199189
         1.6136       0.199169
         1.6137       0.199149
         1.6138       0.199129
         1.6139        0.19911
          1.614        0.19909
         1.6141        0.19907
         1.6142        0.19905
         1.6143        0.19903
         1.6144        0.19901
         1.6145        0.19899
         1.6146        0.19897
         1.6147        0.19895
         1.6148        0.19893
         1.6149       0.198911
          1.615       0.198891
         1.6151       0.198871
         1.6152       0.198851
         1.6153       0.198831
         1.6154       0.198811
         1.6155       0.198791
         1.6156       0.198771
         1.6157       0.198752
         1.6158       0.198732
         1.6159       0.198712
          1.616       0.198692
         1.6161       0.198672
         1.6162       0.198652
         1.6163       0.198632
         1.6164       0.198612
         1.6165       0.198593
         1.6166       0.198573
         1.6167       0.198553
         1.6168       0.198533
         1.6169       0.198513
          1.617       0.198493
         1.6171       0.198473
         1.6172       0.198454
         1.6173       0.198434
         1.6174       0.198414
         1.6175       0.198394
         1.6176       0.198374
         1.6177       0.198354
         1.6178       0.198335
         1.6179       0.198315
          1.618       0.198295
         1.6181       0.198275
         1.6182       0.198255
         1.6183       0.198235
         1.6184       0.198216
         1.6185       0.198196
         1.6186       0.198176
         1.6187       0.198156
         1.6188       0.198136
         1.6189       0.198117
          1.619       0.198097
         1.6191       0.198077
         1.6192       0.198057
         1.6193       0.198037
         1.6194       0.198017
         1.6195       0.197998
         1.6196       0.197978
         1.6197       0.197958
         1.6198       0.197938
         1.6199       0.197918
           1.62       0.197899
         1.6201       0.197879
         1.6202       0.197859
         1.6203       0.197839
         1.6204        0.19782
         1.6205         0.1978
         1.6206        0.19778
         1.6207        0.19776
         1.6208        0.19774
         1.6209       0.197721
          1.621       0.197701
         1.6211       0.197681
         1.6212       0.197661
         1.6213       0.197642
         1.6214       0.197622
         1.6215       0.197602
         1.6216       0.197582
         1.6217       0.197563
         1.6218       0.197543
         1.6219       0.197523
          1.622       0.197503
         1.6221       0.197484
         1.6222       0.197464
         1.6223       0.197444
         1.6224       0.197424
         1.6225       0.197405
         1.6226       0.197385
         1.6227       0.197365
         1.6228       0.197345
         1.6229       0.197326
          1.623       0.197306
         1.6231       0.197286
         1.6232       0.197266
         1.6233       0.197247
         1.6234       0.197227
         1.6235       0.197207
         1.6236       0.197188
         1.6237       0.197168
         1.6238       0.197148
         1.6239       0.197128
          1.624       0.197109
         1.6241       0.197089
         1.6242       0.197069
         1.6243        0.19705
         1.6244        0.19703
         1.6245        0.19701
         1.6246        0.19699
         1.6247       0.196971
         1.6248       0.196951
         1.6249       0.196931
          1.625       0.196912
         1.6251       0.196892
         1.6252       0.196872
         1.6253       0.196853
         1.6254       0.196833
         1.6255       0.196813
         1.6256       0.196794
         1.6257       0.196774
         1.6258       0.196754
         1.6259       0.196735
          1.626       0.196715
         1.6261       0.196695
         1.6262       0.196676
         1.6263       0.196656
         1.6264       0.196636
         1.6265       0.196617
         1.6266       0.196597
         1.6267       0.196577
         1.6268       0.196558
         1.6269       0.196538
          1.627       0.196518
         1.6271       0.196499
         1.6272       0.196479
         1.6273       0.196459
         1.6274        0.19644
         1.6275        0.19642
         1.6276         0.1964
         1.6277       0.196381
         1.6278       0.196361
         1.6279       0.196341
          1.628       0.196322
         1.6281       0.196302
         1.6282       0.196283
         1.6283       0.196263
         1.6284       0.196243
         1.6285       0.196224
         1.6286       0.196204
         1.6287       0.196184
         1.6288       0.196165
         1.6289       0.196145
          1.629       0.196126
         1.6291       0.196106
         1.6292       0.196086
         1.6293       0.196067
         1.6294       0.196047
         1.6295       0.196028
         1.6296       0.196008
         1.6297       0.195988
         1.6298       0.195969
         1.6299       0.195949
           1.63        0.19593
         1.6301        0.19591
         1.6302        0.19589
         1.6303       0.195871
         1.6304       0.195851
         1.6305       0.195832
         1.6306       0.195812
         1.6307       0.195792
         1.6308       0.195773
         1.6309       0.195753
          1.631       0.195734
         1.6311       0.195714
         1.6312       0.195695
         1.6313       0.195675
         1.6314       0.195655
         1.6315       0.195636
         1.6316       0.195616
         1.6317       0.195597
         1.6318       0.195577
         1.6319       0.195558
          1.632       0.195538
         1.6321       0.195519
         1.6322       0.195499
         1.6323       0.195479
         1.6324        0.19546
         1.6325        0.19544
         1.6326       0.195421
         1.6327       0.195401
         1.6328       0.195382
         1.6329       0.195362
          1.633       0.195343
         1.6331       0.195323
         1.6332       0.195304
         1.6333       0.195284
         1.6334       0.195265
         1.6335       0.195245
         1.6336       0.195226
         1.6337       0.195206
         1.6338       0.195186
         1.6339       0.195167
          1.634       0.195147
         1.6341       0.195128
         1.6342       0.195108
         1.6343       0.195089
         1.6344       0.195069
         1.6345        0.19505
         1.6346        0.19503
         1.6347       0.195011
         1.6348       0.194991
         1.6349       0.194972
          1.635       0.194952
         1.6351       0.194933
         1.6352       0.194913
         1.6353       0.194894
         1.6354       0.194874
         1.6355       0.194855
         1.6356       0.194835
         1.6357       0.194816
         1.6358       0.194796
         1.6359       0.194777
          1.636       0.194758
         1.6361       0.194738
         1.6362       0.194719
         1.6363       0.194699
         1.6364        0.19468
         1.6365        0.19466
         1.6366       0.194641
         1.6367       0.194621
         1.6368       0.194602
         1.6369       0.194582
          1.637       0.194563
         1.6371       0.194543
         1.6372       0.194524
         1.6373       0.194505
         1.6374       0.194485
         1.6375       0.194466
         1.6376       0.194446
         1.6377       0.194427
         1.6378       0.194407
         1.6379       0.194388
          1.638       0.194368
         1.6381       0.194349
         1.6382        0.19433
         1.6383        0.19431
         1.6384       0.194291
         1.6385       0.194271
         1.6386       0.194252
         1.6387       0.194232
         1.6388       0.194213
         1.6389       0.194194
          1.639       0.194174
         1.6391       0.194155
         1.6392       0.194135
         1.6393       0.194116
         1.6394       0.194096
         1.6395       0.194077
         1.6396       0.194058
         1.6397       0.194038
         1.6398       0.194019
         1.6399       0.193999
           1.64        0.19398
         1.6401       0.193961
         1.6402       0.193941
         1.6403       0.193922
         1.6404       0.193902
         1.6405       0.193883
         1.6406       0.193864
         1.6407       0.193844
         1.6408       0.193825
         1.6409       0.193806
          1.641       0.193786
         1.6411       0.193767
         1.6412       0.193747
         1.6413       0.193728
         1.6414       0.193709
         1.6415       0.193689
         1.6416        0.19367
         1.6417       0.193651
         1.6418       0.193631
         1.6419       0.193612
          1.642       0.193592
         1.6421       0.193573
         1.6422       0.193554
         1.6423       0.193534
         1.6424       0.193515
         1.6425       0.193496
         1.6426       0.193476
         1.6427       0.193457
         1.6428       0.193438
         1.6429       0.193418
          1.643       0.193399
         1.6431        0.19338
         1.6432        0.19336
         1.6433       0.193341
         1.6434       0.193322
         1.6435       0.193302
         1.6436       0.193283
         1.6437       0.193264
         1.6438       0.193244
         1.6439       0.193225
          1.644       0.193206
         1.6441       0.193186
         1.6442       0.193167
         1.6443       0.193148
         1.6444       0.193128
         1.6445       0.193109
         1.6446        0.19309
         1.6447        0.19307
         1.6448       0.193051
         1.6449       0.193032
          1.645       0.193013
         1.6451       0.192993
         1.6452       0.192974
         1.6453       0.192955
         1.6454       0.192935
         1.6455       0.192916
         1.6456       0.192897
         1.6457       0.192878
         1.6458       0.192858
         1.6459       0.192839
          1.646        0.19282
         1.6461         0.1928
         1.6462       0.192781
         1.6463       0.192762
         1.6464       0.192743
         1.6465       0.192723
         1.6466       0.192704
         1.6467       0.192685
         1.6468       0.192665
         1.6469       0.192646
          1.647       0.192627
         1.6471       0.192608
         1.6472       0.192588
         1.6473       0.192569
         1.6474        0.19255
         1.6475       0.192531
         1.6476       0.192511
         1.6477       0.192492
         1.6478       0.192473
         1.6479       0.192454
          1.648       0.192434
         1.6481       0.192415
         1.6482       0.192396
         1.6483       0.192377
         1.6484       0.192357
         1.6485       0.192338
         1.6486       0.192319
         1.6487         0.1923
         1.6488       0.192281
         1.6489       0.192261
          1.649       0.192242
         1.6491       0.192223
         1.6492       0.192204
         1.6493       0.192184
         1.6494       0.192165
         1.6495       0.192146
         1.6496       0.192127
         1.6497       0.192108
         1.6498       0.192088
         1.6499       0.192069
           1.65        0.19205
         1.6501       0.192031
         1.6502       0.192012
         1.6503       0.191992
         1.6504       0.191973
         1.6505       0.191954
         1.6506       0.191935
         1.6507       0.191916
         1.6508       0.191896
         1.6509       0.191877
          1.651       0.191858
         1.6511       0.191839
         1.6512        0.19182
         1.6513         0.1918
         1.6514       0.191781
         1.6515       0.191762
         1.6516       0.191743
         1.6517       0.191724
         1.6518       0.191705
         1.6519       0.191685
          1.652       0.191666
         1.6521       0.191647
         1.6522       0.191628
         1.6523       0.191609
         1.6524        0.19159
         1.6525        0.19157
         1.6526       0.191551
         1.6527       0.191532
         1.6528       0.191513
         1.6529       0.191494
          1.653       0.191475
         1.6531       0.191455
         1.6532       0.191436
         1.6533       0.191417
         1.6534       0.191398
         1.6535       0.191379
         1.6536        0.19136
         1.6537       0.191341
         1.6538       0.191322
         1.6539       0.191302
          1.654       0.191283
         1.6541       0.191264
         1.6542       0.191245
         1.6543       0.191226
         1.6544       0.191207
         1.6545       0.191188
         1.6546       0.191169
         1.6547       0.191149
         1.6548        0.19113
         1.6549       0.191111
          1.655       0.191092
         1.6551       0.191073
         1.6552       0.191054
         1.6553       0.191035
         1.6554       0.191016
         1.6555       0.190997
         1.6556       0.190977
         1.6557       0.190958
         1.6558       0.190939
         1.6559        0.19092
          1.656       0.190901
         1.6561       0.190882
         1.6562       0.190863
         1.6563       0.190844
         1.6564       0.190825
         1.6565       0.190806
         1.6566       0.190787
         1.6567       0.190767
         1.6568       0.190748
         1.6569       0.190729
          1.657        0.19071
         1.6571       0.190691
         1.6572       0.190672
         1.6573       0.190653
         1.6574       0.190634
         1.6575       0.190615
         1.6576       0.190596
         1.6577       0.190577
         1.6578       0.190558
         1.6579       0.190539
          1.658        0.19052
         1.6581       0.190501
         1.6582       0.190482
         1.6583       0.190463
         1.6584       0.190443
         1.6585       0.190424
         1.6586       0.190405
         1.6587       0.190386
         1.6588       0.190367
         1.6589       0.190348
          1.659       0.190329
         1.6591        0.19031
         1.6592       0.190291
         1.6593       0.190272
         1.6594       0.190253
         1.6595       0.190234
         1.6596       0.190215
         1.6597       0.190196
         1.6598       0.190177
         1.6599       0.190158
           1.66       0.190139
         1.6601        0.19012
         1.6602       0.190101
         1.6603       0.190082
         1.6604       0.190063
         1.6605       0.190044
         1.6606       0.190025
         1.6607       0.190006
         1.6608       0.189987
         1.6609       0.189968
          1.661       0.189949
         1.6611        0.18993
         1.6612       0.189911
         1.6613       0.189892
         1.6614       0.189873
         1.6615       0.189854
         1.6616       0.189835
         1.6617       0.189816
         1.6618       0.189797
         1.6619       0.189778
          1.662       0.189759
         1.6621        0.18974
         1.6622       0.189721
         1.6623       0.189702
         1.6624       0.189683
         1.6625       0.189664
         1.6626       0.189645
         1.6627       0.189626
         1.6628       0.189607
         1.6629       0.189588
          1.663       0.189569
         1.6631        0.18955
         1.6632       0.189532
         1.6633       0.189513
         1.6634       0.189494
         1.6635       0.189475
         1.6636       0.189456
         1.6637       0.189437
         1.6638       0.189418
         1.6639       0.189399
          1.664        0.18938
         1.6641       0.189361
         1.6642       0.189342
         1.6643       0.189323
         1.6644       0.189304
         1.6645       0.189285
         1.6646       0.189266
         1.6647       0.189247
         1.6648       0.189229
         1.6649        0.18921
          1.665       0.189191
         1.6651       0.189172
         1.6652       0.189153
         1.6653       0.189134
         1.6654       0.189115
         1.6655       0.189096
         1.6656       0.189077
         1.6657       0.189058
         1.6658       0.189039
         1.6659        0.18902
          1.666       0.189002
         1.6661       0.188983
         1.6662       0.188964
         1.6663       0.188945
         1.6664       0.188926
         1.6665       0.188907
         1.6666       0.188888
         1.6667       0.188869
         1.6668        0.18885
         1.6669       0.188832
          1.667       0.188813
         1.6671       0.188794
         1.6672       0.188775
         1.6673       0.188756
         1.6674       0.188737
         1.6675       0.188718
         1.6676       0.188699
         1.6677       0.188681
         1.6678       0.188662
         1.6679       0.188643
          1.668       0.188624
         1.6681       0.188605
         1.6682       0.188586
         1.6683       0.188567
         1.6684       0.188549
         1.6685        0.18853
         1.6686       0.188511
         1.6687       0.188492
         1.6688       0.188473
         1.6689       0.188454
          1.669       0.188435
         1.6691       0.188417
         1.6692       0.188398
         1.6693       0.188379
         1.6694        0.18836
         1.6695       0.188341
         1.6696       0.188322
         1.6697       0.188304
         1.6698       0.188285
         1.6699       0.188266
           1.67       0.188247
         1.6701       0.188228
         1.6702       0.188209
         1.6703       0.188191
         1.6704       0.188172
         1.6705       0.188153
         1.6706       0.188134
         1.6707       0.188115
         1.6708       0.188097
         1.6709       0.188078
          1.671       0.188059
         1.6711        0.18804
         1.6712       0.188021
         1.6713       0.188003
         1.6714       0.187984
         1.6715       0.187965
         1.6716       0.187946
         1.6717       0.187927
         1.6718       0.187909
         1.6719        0.18789
          1.672       0.187871
         1.6721       0.187852
         1.6722       0.187833
         1.6723       0.187815
         1.6724       0.187796
         1.6725       0.187777
         1.6726       0.187758
         1.6727       0.187739
         1.6728       0.187721
         1.6729       0.187702
          1.673       0.187683
         1.6731       0.187664
         1.6732       0.187646
         1.6733       0.187627
         1.6734       0.187608
         1.6735       0.187589
         1.6736       0.187571
         1.6737       0.187552
         1.6738       0.187533
         1.6739       0.187514
          1.674       0.187496
         1.6741       0.187477
         1.6742       0.187458
         1.6743       0.187439
         1.6744       0.187421
         1.6745       0.187402
         1.6746       0.187383
         1.6747       0.187364
         1.6748       0.187346
         1.6749       0.187327
          1.675       0.187308
         1.6751       0.187289
         1.6752       0.187271
         1.6753       0.187252
         1.6754       0.187233
         1.6755       0.187215
         1.6756       0.187196
         1.6757       0.187177
         1.6758       0.187158
         1.6759        0.18714
          1.676       0.187121
         1.6761       0.187102
         1.6762       0.187084
         1.6763       0.187065
         1.6764       0.187046
         1.6765       0.187027
         1.6766       0.187009
         1.6767        0.18699
         1.6768       0.186971
         1.6769       0.186953
          1.677       0.186934
         1.6771       0.186915
         1.6772       0.186897
         1.6773       0.186878
         1.6774       0.186859
         1.6775       0.186841
         1.6776       0.186822
         1.6777       0.186803
         1.6778       0.186784
         1.6779       0.186766
          1.678       0.186747
         1.6781       0.186728
         1.6782        0.18671
         1.6783       0.186691
         1.6784       0.186672
         1.6785       0.186654
         1.6786       0.186635
         1.6787       0.186616
         1.6788       0.186598
         1.6789       0.186579
          1.679        0.18656
         1.6791       0.186542
         1.6792       0.186523
         1.6793       0.186504
         1.6794       0.186486
         1.6795       0.186467
         1.6796       0.186449
         1.6797        0.18643
         1.6798       0.186411
         1.6799       0.186393
           1.68       0.186374
         1.6801       0.186355
         1.6802       0.186337
         1.6803       0.186318
         1.6804       0.186299
         1.6805       0.186281
         1.6806       0.186262
         1.6807       0.186244
         1.6808       0.186225
         1.6809       0.186206
          1.681       0.186188
         1.6811       0.186169
         1.6812        0.18615
         1.6813       0.186132
         1.6814       0.186113
         1.6815       0.186095
         1.6816       0.186076
         1.6817       0.186057
         1.6818       0.186039
         1.6819        0.18602
          1.682       0.186002
         1.6821       0.185983
         1.6822       0.185964
         1.6823       0.185946
         1.6824       0.185927
         1.6825       0.185909
         1.6826        0.18589
         1.6827       0.185871
         1.6828       0.185853
         1.6829       0.185834
          1.683       0.185816
         1.6831       0.185797
         1.6832       0.185779
         1.6833        0.18576
         1.6834       0.185741
         1.6835       0.185723
         1.6836       0.185704
         1.6837       0.185686
         1.6838       0.185667
         1.6839       0.185649
          1.684        0.18563
         1.6841       0.185611
         1.6842       0.185593
         1.6843       0.185574
         1.6844       0.185556
         1.6845       0.185537
         1.6846       0.185519
         1.6847         0.1855
         1.6848       0.185482
         1.6849       0.185463
          1.685       0.185444
         1.6851       0.185426
         1.6852       0.185407
         1.6853       0.185389
         1.6854        0.18537
         1.6855       0.185352
         1.6856       0.185333
         1.6857       0.185315
         1.6858       0.185296
         1.6859       0.185278
          1.686       0.185259
         1.6861       0.185241
         1.6862       0.185222
         1.6863       0.185204
         1.6864       0.185185
         1.6865       0.185166
         1.6866       0.185148
         1.6867       0.185129
         1.6868       0.185111
         1.6869       0.185092
          1.687       0.185074
         1.6871       0.185055
         1.6872       0.185037
         1.6873       0.185018
         1.6874          0.185
         1.6875       0.184981
         1.6876       0.184963
         1.6877       0.184944
         1.6878       0.184926
         1.6879       0.184907
          1.688       0.184889
         1.6881        0.18487
         1.6882       0.184852
         1.6883       0.184833
         1.6884       0.184815
         1.6885       0.184797
         1.6886       0.184778
         1.6887        0.18476
         1.6888       0.184741
         1.6889       0.184723
          1.689       0.184704
         1.6891       0.184686
         1.6892       0.184667
         1.6893       0.184649
         1.6894        0.18463
         1.6895       0.184612
         1.6896       0.184593
         1.6897       0.184575
         1.6898       0.184556
         1.6899       0.184538
           1.69        0.18452
         1.6901       0.184501
         1.6902       0.184483
         1.6903       0.184464
         1.6904       0.184446
         1.6905       0.184427
         1.6906       0.184409
         1.6907        0.18439
         1.6908       0.184372
         1.6909       0.184354
          1.691       0.184335
         1.6911       0.184317
         1.6912       0.184298
         1.6913        0.18428
         1.6914       0.184261
         1.6915       0.184243
         1.6916       0.184225
         1.6917       0.184206
         1.6918       0.184188
         1.6919       0.184169
          1.692       0.184151
         1.6921       0.184132
         1.6922       0.184114
         1.6923       0.184096
         1.6924       0.184077
         1.6925       0.184059
         1.6926        0.18404
         1.6927       0.184022
         1.6928       0.184004
         1.6929       0.183985
          1.693       0.183967
         1.6931       0.183948
         1.6932        0.18393
         1.6933       0.183912
         1.6934       0.183893
         1.6935       0.183875
         1.6936       0.183856
         1.6937       0.183838
         1.6938        0.18382
         1.6939       0.183801
          1.694       0.183783
         1.6941       0.183765
         1.6942       0.183746
         1.6943       0.183728
         1.6944       0.183709
         1.6945       0.183691
         1.6946       0.183673
         1.6947       0.183654
         1.6948       0.183636
         1.6949       0.183618
          1.695       0.183599
         1.6951       0.183581
         1.6952       0.183563
         1.6953       0.183544
         1.6954       0.183526
         1.6955       0.183507
         1.6956       0.183489
         1.6957       0.183471
         1.6958       0.183452
         1.6959       0.183434
          1.696       0.183416
         1.6961       0.183397
         1.6962       0.183379
         1.6963       0.183361
         1.6964       0.183342
         1.6965       0.183324
         1.6966       0.183306
         1.6967       0.183287
         1.6968       0.183269
         1.6969       0.183251
          1.697       0.183232
         1.6971       0.183214
         1.6972       0.183196
         1.6973       0.183177
         1.6974       0.183159
         1.6975       0.183141
         1.6976       0.183123
         1.6977       0.183104
         1.6978       0.183086
         1.6979       0.183068
          1.698       0.183049
         1.6981       0.183031
         1.6982       0.183013
         1.6983       0.182994
         1.6984       0.182976
         1.6985       0.182958
         1.6986       0.182939
         1.6987       0.182921
         1.6988       0.182903
         1.6989       0.182885
          1.699       0.182866
         1.6991       0.182848
         1.6992        0.18283
         1.6993       0.182811
         1.6994       0.182793
         1.6995       0.182775
         1.6996       0.182757
         1.6997       0.182738
         1.6998        0.18272
         1.6999       0.182702
            1.7       0.182684
         1.7001       0.182665
         1.7002       0.182647
         1.7003       0.182629
         1.7004        0.18261
         1.7005       0.182592
         1.7006       0.182574
         1.7007       0.182556
         1.7008       0.182537
         1.7009       0.182519
          1.701       0.182501
         1.7011       0.182483
         1.7012       0.182464
         1.7013       0.182446
         1.7014       0.182428
         1.7015        0.18241
         1.7016       0.182391
         1.7017       0.182373
         1.7018       0.182355
         1.7019       0.182337
          1.702       0.182319
         1.7021         0.1823
         1.7022       0.182282
         1.7023       0.182264
         1.7024       0.182246
         1.7025       0.182227
         1.7026       0.182209
         1.7027       0.182191
         1.7028       0.182173
         1.7029       0.182155
          1.703       0.182136
         1.7031       0.182118
         1.7032         0.1821
         1.7033       0.182082
         1.7034       0.182063
         1.7035       0.182045
         1.7036       0.182027
         1.7037       0.182009
         1.7038       0.181991
         1.7039       0.181972
          1.704       0.181954
         1.7041       0.181936
         1.7042       0.181918
         1.7043         0.1819
         1.7044       0.181881
         1.7045       0.181863
         1.7046       0.181845
         1.7047       0.181827
         1.7048       0.181809
         1.7049       0.181791
          1.705       0.181772
         1.7051       0.181754
         1.7052       0.181736
         1.7053       0.181718
         1.7054         0.1817
         1.7055       0.181682
         1.7056       0.181663
         1.7057       0.181645
         1.7058       0.181627
         1.7059       0.181609
          1.706       0.181591
         1.7061       0.181573
         1.7062       0.181554
         1.7063       0.181536
         1.7064       0.181518
         1.7065         0.1815
         1.7066       0.181482
         1.7067       0.181464
         1.7068       0.181445
         1.7069       0.181427
          1.707       0.181409
         1.7071       0.181391
         1.7072       0.181373
         1.7073       0.181355
         1.7074       0.181337
         1.7075       0.181319
         1.7076         0.1813
         1.7077       0.181282
         1.7078       0.181264
         1.7079       0.181246
          1.708       0.181228
         1.7081        0.18121
         1.7082       0.181192
         1.7083       0.181174
         1.7084       0.181155
         1.7085       0.181137
         1.7086       0.181119
         1.7087       0.181101
         1.7088       0.181083
         1.7089       0.181065
          1.709       0.181047
         1.7091       0.181029
         1.7092       0.181011
         1.7093       0.180992
         1.7094       0.180974
         1.7095       0.180956
         1.7096       0.180938
         1.7097        0.18092
         1.7098       0.180902
         1.7099       0.180884
           1.71       0.180866
         1.7101       0.180848
         1.7102        0.18083
         1.7103       0.180812
         1.7104       0.180793
         1.7105       0.180775
         1.7106       0.180757
         1.7107       0.180739
         1.7108       0.180721
         1.7109       0.180703
          1.711       0.180685
         1.7111       0.180667
         1.7112       0.180649
         1.7113       0.180631
         1.7114       0.180613
         1.7115       0.180595
         1.7116       0.180577
         1.7117       0.180559
         1.7118       0.180541
         1.7119       0.180522
          1.712       0.180504
         1.7121       0.180486
         1.7122       0.180468
         1.7123        0.18045
         1.7124       0.180432
         1.7125       0.180414
         1.7126       0.180396
         1.7127       0.180378
         1.7128        0.18036
         1.7129       0.180342
          1.713       0.180324
         1.7131       0.180306
         1.7132       0.180288
         1.7133        0.18027
         1.7134       0.180252
         1.7135       0.180234
         1.7136       0.180216
         1.7137       0.180198
         1.7138        0.18018
         1.7139       0.180162
          1.714       0.180144
         1.7141       0.180126
         1.7142       0.180108
         1.7143        0.18009
         1.7144       0.180072
         1.7145       0.180054
         1.7146       0.180036
         1.7147       0.180018
         1.7148           0.18
         1.7149       0.179982
          1.715       0.179964
         1.7151       0.179946
         1.7152       0.179928
         1.7153        0.17991
         1.7154       0.179892
         1.7155       0.179874
         1.7156       0.179856
         1.7157       0.179838
         1.7158        0.17982
         1.7159       0.179802
          1.716       0.179784
         1.7161       0.179766
         1.7162       0.179748
         1.7163        0.17973
         1.7164       0.179712
         1.7165       0.179694
         1.7166       0.179676
         1.7167       0.179658
         1.7168        0.17964
         1.7169       0.179622
          1.717       0.179604
         1.7171       0.179586
         1.7172       0.179568
         1.7173        0.17955
         1.7174       0.179532
         1.7175       0.179514
         1.7176       0.179496
         1.7177       0.179478
         1.7178       0.179461
         1.7179       0.179443
          1.718       0.179425
         1.7181       0.179407
         1.7182       0.179389
         1.7183       0.179371
         1.7184       0.179353
         1.7185       0.179335
         1.7186       0.179317
         1.7187       0.179299
         1.7188       0.179281
         1.7189       0.179263
          1.719       0.179245
         1.7191       0.179227
         1.7192       0.179209
         1.7193       0.179192
         1.7194       0.179174
         1.7195       0.179156
         1.7196       0.179138
         1.7197        0.17912
         1.7198       0.179102
         1.7199       0.179084
           1.72       0.179066
         1.7201       0.179048
         1.7202        0.17903
         1.7203       0.179012
         1.7204       0.178995
         1.7205       0.178977
         1.7206       0.178959
         1.7207       0.178941
         1.7208       0.178923
         1.7209       0.178905
          1.721       0.178887
         1.7211       0.178869
         1.7212       0.178851
         1.7213       0.178834
         1.7214       0.178816
         1.7215       0.178798
         1.7216        0.17878
         1.7217       0.178762
         1.7218       0.178744
         1.7219       0.178726
          1.722       0.178708
         1.7221       0.178691
         1.7222       0.178673
         1.7223       0.178655
         1.7224       0.178637
         1.7225       0.178619
         1.7226       0.178601
         1.7227       0.178583
         1.7228       0.178565
         1.7229       0.178548
          1.723        0.17853
         1.7231       0.178512
         1.7232       0.178494
         1.7233       0.178476
         1.7234       0.178458
         1.7235       0.178441
         1.7236       0.178423
         1.7237       0.178405
         1.7238       0.178387
         1.7239       0.178369
          1.724       0.178351
         1.7241       0.178333
         1.7242       0.178316
         1.7243       0.178298
         1.7244        0.17828
         1.7245       0.178262
         1.7246       0.178244
         1.7247       0.178227
         1.7248       0.178209
         1.7249       0.178191
          1.725       0.178173
         1.7251       0.178155
         1.7252       0.178137
         1.7253        0.17812
         1.7254       0.178102
         1.7255       0.178084
         1.7256       0.178066
         1.7257       0.178048
         1.7258       0.178031
         1.7259       0.178013
          1.726       0.177995
         1.7261       0.177977
         1.7262       0.177959
         1.7263       0.177942
         1.7264       0.177924
         1.7265       0.177906
         1.7266       0.177888
         1.7267        0.17787
         1.7268       0.177853
         1.7269       0.177835
          1.727       0.177817
         1.7271       0.177799
         1.7272       0.177782
         1.7273       0.177764
         1.7274       0.177746
         1.7275       0.177728
         1.7276        0.17771
         1.7277       0.177693
         1.7278       0.177675
         1.7279       0.177657
          1.728       0.177639
         1.7281       0.177622
         1.7282       0.177604
         1.7283       0.177586
         1.7284       0.177568
         1.7285       0.177551
         1.7286       0.177533
         1.7287       0.177515
         1.7288       0.177497
         1.7289        0.17748
          1.729       0.177462
         1.7291       0.177444
         1.7292       0.177426
         1.7293       0.177409
         1.7294       0.177391
         1.7295       0.177373
         1.7296       0.177355
         1.7297       0.177338
         1.7298        0.17732
         1.7299       0.177302
           1.73       0.177284
         1.7301       0.177267
         1.7302       0.177249
         1.7303       0.177231
         1.7304       0.177214
         1.7305       0.177196
         1.7306       0.177178
         1.7307        0.17716
         1.7308       0.177143
         1.7309       0.177125
          1.731       0.177107
         1.7311        0.17709
         1.7312       0.177072
         1.7313       0.177054
         1.7314       0.177036
         1.7315       0.177019
         1.7316       0.177001
         1.7317       0.176983
         1.7318       0.176966
         1.7319       0.176948
          1.732        0.17693
         1.7321       0.176913
         1.7322       0.176895
         1.7323       0.176877
         1.7324       0.176859
         1.7325       0.176842
         1.7326       0.176824
         1.7327       0.176806
         1.7328       0.176789
         1.7329       0.176771
          1.733       0.176753
         1.7331       0.176736
         1.7332       0.176718
         1.7333         0.1767
         1.7334       0.176683
         1.7335       0.176665
         1.7336       0.176647
         1.7337        0.17663
         1.7338       0.176612
         1.7339       0.176594
          1.734       0.176577
         1.7341       0.176559
         1.7342       0.176541
         1.7343       0.176524
         1.7344       0.176506
         1.7345       0.176488
         1.7346       0.176471
         1.7347       0.176453
         1.7348       0.176435
         1.7349       0.176418
          1.735         0.1764
         1.7351       0.176383
         1.7352       0.176365
         1.7353       0.176347
         1.7354        0.17633
         1.7355       0.176312
         1.7356       0.176294
         1.7357       0.176277
         1.7358       0.176259
         1.7359       0.176242
          1.736       0.176224
         1.7361       0.176206
         1.7362       0.176189
         1.7363       0.176171
         1.7364       0.176153
         1.7365       0.176136
         1.7366       0.176118
         1.7367       0.176101
         1.7368       0.176083
         1.7369       0.176065
          1.737       0.176048
         1.7371        0.17603
         1.7372       0.176013
         1.7373       0.175995
         1.7374       0.175977
         1.7375        0.17596
         1.7376       0.175942
         1.7377       0.175925
         1.7378       0.175907
         1.7379       0.175889
          1.738       0.175872
         1.7381       0.175854
         1.7382       0.175837
         1.7383       0.175819
         1.7384       0.175801
         1.7385       0.175784
         1.7386       0.175766
         1.7387       0.175749
         1.7388       0.175731
         1.7389       0.175714
          1.739       0.175696
         1.7391       0.175678
         1.7392       0.175661
         1.7393       0.175643
         1.7394       0.175626
         1.7395       0.175608
         1.7396       0.175591
         1.7397       0.175573
         1.7398       0.175556
         1.7399       0.175538
           1.74        0.17552
         1.7401       0.175503
         1.7402       0.175485
         1.7403       0.175468
         1.7404        0.17545
         1.7405       0.175433
         1.7406       0.175415
         1.7407       0.175398
         1.7408        0.17538
         1.7409       0.175363
          1.741       0.175345
         1.7411       0.175327
         1.7412        0.17531
         1.7413       0.175292
         1.7414       0.175275
         1.7415       0.175257
         1.7416        0.17524
         1.7417       0.175222
         1.7418       0.175205
         1.7419       0.175187
          1.742        0.17517
         1.7421       0.175152
         1.7422       0.175135
         1.7423       0.175117
         1.7424         0.1751
         1.7425       0.175082
         1.7426       0.175065
         1.7427       0.175047
         1.7428        0.17503
         1.7429       0.175012
          1.743       0.174995
         1.7431       0.174977
         1.7432        0.17496
         1.7433       0.174942
         1.7434       0.174925
         1.7435       0.174907
         1.7436        0.17489
         1.7437       0.174872
         1.7438       0.174855
         1.7439       0.174837
          1.744        0.17482
         1.7441       0.174802
         1.7442       0.174785
         1.7443       0.174767
         1.7444        0.17475
         1.7445       0.174732
         1.7446       0.174715
         1.7447       0.174697
         1.7448        0.17468
         1.7449       0.174662
          1.745       0.174645
         1.7451       0.174628
         1.7452        0.17461
         1.7453       0.174593
         1.7454       0.174575
         1.7455       0.174558
         1.7456        0.17454
         1.7457       0.174523
         1.7458       0.174505
         1.7459       0.174488
          1.746        0.17447
         1.7461       0.174453
         1.7462       0.174436
         1.7463       0.174418
         1.7464       0.174401
         1.7465       0.174383
         1.7466       0.174366
         1.7467       0.174348
         1.7468       0.174331
         1.7469       0.174313
          1.747       0.174296
         1.7471       0.174279
         1.7472       0.174261
         1.7473       0.174244
         1.7474       0.174226
         1.7475       0.174209
         1.7476       0.174192
         1.7477       0.174174
         1.7478       0.174157
         1.7479       0.174139
          1.748       0.174122
         1.7481       0.174104
         1.7482       0.174087
         1.7483        0.17407
         1.7484       0.174052
         1.7485       0.174035
         1.7486       0.174017
         1.7487          0.174
         1.7488       0.173983
         1.7489       0.173965
          1.749       0.173948
         1.7491        0.17393
         1.7492       0.173913
         1.7493       0.173896
         1.7494       0.173878
         1.7495       0.173861
         1.7496       0.173843
         1.7497       0.173826
         1.7498       0.173809
         1.7499       0.173791
           1.75       0.173774
         1.7501       0.173757
         1.7502       0.173739
         1.7503       0.173722
         1.7504       0.173704
         1.7505       0.173687
         1.7506        0.17367
         1.7507       0.173652
         1.7508       0.173635
         1.7509       0.173618
          1.751         0.1736
         1.7511       0.173583
         1.7512       0.173566
         1.7513       0.173548
         1.7514       0.173531
         1.7515       0.173513
         1.7516       0.173496
         1.7517       0.173479
         1.7518       0.173461
         1.7519       0.173444
          1.752       0.173427
         1.7521       0.173409
         1.7522       0.173392
         1.7523       0.173375
         1.7524       0.173357
         1.7525        0.17334
         1.7526       0.173323
         1.7527       0.173305
         1.7528       0.173288
         1.7529       0.173271
          1.753       0.173253
         1.7531       0.173236
         1.7532       0.173219
         1.7533       0.173201
         1.7534       0.173184
         1.7535       0.173167
         1.7536       0.173149
         1.7537       0.173132
         1.7538       0.173115
         1.7539       0.173098
          1.754        0.17308
         1.7541       0.173063
         1.7542       0.173046
         1.7543       0.173028
         1.7544       0.173011
         1.7545       0.172994
         1.7546       0.172976
         1.7547       0.172959
         1.7548       0.172942
         1.7549       0.172925
          1.755       0.172907
         1.7551        0.17289
         1.7552       0.172873
         1.7553       0.172855
         1.7554       0.172838
         1.7555       0.172821
         1.7556       0.172804
         1.7557       0.172786
         1.7558       0.172769
         1.7559       0.172752
          1.756       0.172734
         1.7561       0.172717
         1.7562         0.1727
         1.7563       0.172683
         1.7564       0.172665
         1.7565       0.172648
         1.7566       0.172631
         1.7567       0.172614
         1.7568       0.172596
         1.7569       0.172579
          1.757       0.172562
         1.7571       0.172545
         1.7572       0.172527
         1.7573        0.17251
         1.7574       0.172493
         1.7575       0.172476
         1.7576       0.172458
         1.7577       0.172441
         1.7578       0.172424
         1.7579       0.172407
          1.758       0.172389
         1.7581       0.172372
         1.7582       0.172355
         1.7583       0.172338
         1.7584        0.17232
         1.7585       0.172303
         1.7586       0.172286
         1.7587       0.172269
         1.7588       0.172251
         1.7589       0.172234
          1.759       0.172217
         1.7591         0.1722
         1.7592       0.172183
         1.7593       0.172165
         1.7594       0.172148
         1.7595       0.172131
         1.7596       0.172114
         1.7597       0.172096
         1.7598       0.172079
         1.7599       0.172062
           1.76       0.172045
         1.7601       0.172028
         1.7602        0.17201
         1.7603       0.171993
         1.7604       0.171976
         1.7605       0.171959
         1.7606       0.171942
         1.7607       0.171924
         1.7608       0.171907
         1.7609        0.17189
          1.761       0.171873
         1.7611       0.171856
         1.7612       0.171839
         1.7613       0.171821
         1.7614       0.171804
         1.7615       0.171787
         1.7616        0.17177
         1.7617       0.171753
         1.7618       0.171735
         1.7619       0.171718
          1.762       0.171701
         1.7621       0.171684
         1.7622       0.171667
         1.7623        0.17165
         1.7624       0.171632
         1.7625       0.171615
         1.7626       0.171598
         1.7627       0.171581
         1.7628       0.171564
         1.7629       0.171547
          1.763        0.17153
         1.7631       0.171512
         1.7632       0.171495
         1.7633       0.171478
         1.7634       0.171461
         1.7635       0.171444
         1.7636       0.171427
         1.7637       0.171409
         1.7638       0.171392
         1.7639       0.171375
          1.764       0.171358
         1.7641       0.171341
         1.7642       0.171324
         1.7643       0.171307
         1.7644        0.17129
         1.7645       0.171272
         1.7646       0.171255
         1.7647       0.171238
         1.7648       0.171221
         1.7649       0.171204
          1.765       0.171187
         1.7651        0.17117
         1.7652       0.171153
         1.7653       0.171135
         1.7654       0.171118
         1.7655       0.171101
         1.7656       0.171084
         1.7657       0.171067
         1.7658        0.17105
         1.7659       0.171033
          1.766       0.171016
         1.7661       0.170999
         1.7662       0.170981
         1.7663       0.170964
         1.7664       0.170947
         1.7665        0.17093
         1.7666       0.170913
         1.7667       0.170896
         1.7668       0.170879
         1.7669       0.170862
          1.767       0.170845
         1.7671       0.170828
         1.7672       0.170811
         1.7673       0.170794
         1.7674       0.170776
         1.7675       0.170759
         1.7676       0.170742
         1.7677       0.170725
         1.7678       0.170708
         1.7679       0.170691
          1.768       0.170674
         1.7681       0.170657
         1.7682        0.17064
         1.7683       0.170623
         1.7684       0.170606
         1.7685       0.170589
         1.7686       0.170572
         1.7687       0.170555
         1.7688       0.170538
         1.7689        0.17052
          1.769       0.170503
         1.7691       0.170486
         1.7692       0.170469
         1.7693       0.170452
         1.7694       0.170435
         1.7695       0.170418
         1.7696       0.170401
         1.7697       0.170384
         1.7698       0.170367
         1.7699        0.17035
           1.77       0.170333
         1.7701       0.170316
         1.7702       0.170299
         1.7703       0.170282
         1.7704       0.170265
         1.7705       0.170248
         1.7706       0.170231
         1.7707       0.170214
         1.7708       0.170197
         1.7709        0.17018
          1.771       0.170163
         1.7711       0.170146
         1.7712       0.170129
         1.7713       0.170112
         1.7714       0.170095
         1.7715       0.170078
         1.7716       0.170061
         1.7717       0.170044
         1.7718       0.170027
         1.7719        0.17001
          1.772       0.169993
         1.7721       0.169976
         1.7722       0.169959
         1.7723       0.169942
         1.7724       0.169925
         1.7725       0.169908
         1.7726       0.169891
         1.7727       0.169874
         1.7728       0.169857
         1.7729        0.16984
          1.773       0.169823
         1.7731       0.169806
         1.7732       0.169789
         1.7733       0.169772
         1.7734       0.169755
         1.7735       0.169738
         1.7736       0.169721
         1.7737       0.169704
         1.7738       0.169687
         1.7739        0.16967
          1.774       0.169653
         1.7741       0.169636
         1.7742       0.169619
         1.7743       0.169602
         1.7744       0.169585
         1.7745       0.169568
         1.7746       0.169551
         1.7747       0.169534
         1.7748       0.169517
         1.7749         0.1695
          1.775       0.169483
         1.7751       0.169467
         1.7752        0.16945
         1.7753       0.169433
         1.7754       0.169416
         1.7755       0.169399
         1.7756       0.169382
         1.7757       0.169365
         1.7758       0.169348
         1.7759       0.169331
          1.776       0.169314
         1.7761       0.169297
         1.7762        0.16928
         1.7763       0.169263
         1.7764       0.169246
         1.7765       0.169229
         1.7766       0.169213
         1.7767       0.169196
         1.7768       0.169179
         1.7769       0.169162
          1.777       0.169145
         1.7771       0.169128
         1.7772       0.169111
         1.7773       0.169094
         1.7774       0.169077
         1.7775        0.16906
         1.7776       0.169043
         1.7777       0.169026
         1.7778        0.16901
         1.7779       0.168993
          1.778       0.168976
         1.7781       0.168959
         1.7782       0.168942
         1.7783       0.168925
         1.7784       0.168908
         1.7785       0.168891
         1.7786       0.168874
         1.7787       0.168858
         1.7788       0.168841
         1.7789       0.168824
          1.779       0.168807
         1.7791        0.16879
         1.7792       0.168773
         1.7793       0.168756
         1.7794       0.168739
         1.7795       0.168722
         1.7796       0.168706
         1.7797       0.168689
         1.7798       0.168672
         1.7799       0.168655
           1.78       0.168638
         1.7801       0.168621
         1.7802       0.168604
         1.7803       0.168588
         1.7804       0.168571
         1.7805       0.168554
         1.7806       0.168537
         1.7807        0.16852
         1.7808       0.168503
         1.7809       0.168486
          1.781        0.16847
         1.7811       0.168453
         1.7812       0.168436
         1.7813       0.168419
         1.7814       0.168402
         1.7815       0.168385
         1.7816       0.168369
         1.7817       0.168352
         1.7818       0.168335
         1.7819       0.168318
          1.782       0.168301
         1.7821       0.168284
         1.7822       0.168268
         1.7823       0.168251
         1.7824       0.168234
         1.7825       0.168217
         1.7826         0.1682
         1.7827       0.168183
         1.7828       0.168167
         1.7829        0.16815
          1.783       0.168133
         1.7831       0.168116
         1.7832       0.168099
         1.7833       0.168083
         1.7834       0.168066
         1.7835       0.168049
         1.7836       0.168032
         1.7837       0.168015
         1.7838       0.167999
         1.7839       0.167982
          1.784       0.167965
         1.7841       0.167948
         1.7842       0.167931
         1.7843       0.167915
         1.7844       0.167898
         1.7845       0.167881
         1.7846       0.167864
         1.7847       0.167847
         1.7848       0.167831
         1.7849       0.167814
          1.785       0.167797
         1.7851        0.16778
         1.7852       0.167764
         1.7853       0.167747
         1.7854        0.16773
         1.7855       0.167713
         1.7856       0.167696
         1.7857        0.16768
         1.7858       0.167663
         1.7859       0.167646
          1.786       0.167629
         1.7861       0.167613
         1.7862       0.167596
         1.7863       0.167579
         1.7864       0.167562
         1.7865       0.167546
         1.7866       0.167529
         1.7867       0.167512
         1.7868       0.167495
         1.7869       0.167479
          1.787       0.167462
         1.7871       0.167445
         1.7872       0.167428
         1.7873       0.167412
         1.7874       0.167395
         1.7875       0.167378
         1.7876       0.167361
         1.7877       0.167345
         1.7878       0.167328
         1.7879       0.167311
          1.788       0.167294
         1.7881       0.167278
         1.7882       0.167261
         1.7883       0.167244
         1.7884       0.167228
         1.7885       0.167211
         1.7886       0.167194
         1.7887       0.167177
         1.7888       0.167161
         1.7889       0.167144
          1.789       0.167127
         1.7891       0.167111
         1.7892       0.167094
         1.7893       0.167077
         1.7894        0.16706
         1.7895       0.167044
         1.7896       0.167027
         1.7897        0.16701
         1.7898       0.166994
         1.7899       0.166977
           1.79        0.16696
         1.7901       0.166943
         1.7902       0.166927
         1.7903        0.16691
         1.7904       0.166893
         1.7905       0.166877
         1.7906        0.16686
         1.7907       0.166843
         1.7908       0.166827
         1.7909        0.16681
          1.791       0.166793
         1.7911       0.166777
         1.7912        0.16676
         1.7913       0.166743
         1.7914       0.166727
         1.7915        0.16671
         1.7916       0.166693
         1.7917       0.166677
         1.7918        0.16666
         1.7919       0.166643
          1.792       0.166627
         1.7921        0.16661
         1.7922       0.166593
         1.7923       0.166577
         1.7924        0.16656
         1.7925       0.166543
         1.7926       0.166527
         1.7927        0.16651
         1.7928       0.166493
         1.7929       0.166477
          1.793        0.16646
         1.7931       0.166443
         1.7932       0.166427
         1.7933        0.16641
         1.7934       0.166393
         1.7935       0.166377
         1.7936        0.16636
         1.7937       0.166344
         1.7938       0.166327
         1.7939        0.16631
          1.794       0.166294
         1.7941       0.166277
         1.7942        0.16626
         1.7943       0.166244
         1.7944       0.166227
         1.7945       0.166211
         1.7946       0.166194
         1.7947       0.166177
         1.7948       0.166161
         1.7949       0.166144
          1.795       0.166127
         1.7951       0.166111
         1.7952       0.166094
         1.7953       0.166078
         1.7954       0.166061
         1.7955       0.166044
         1.7956       0.166028
         1.7957       0.166011
         1.7958       0.165995
         1.7959       0.165978
          1.796       0.165961
         1.7961       0.165945
         1.7962       0.165928
         1.7963       0.165912
         1.7964       0.165895
         1.7965       0.165878
         1.7966       0.165862
         1.7967       0.165845
         1.7968       0.165829
         1.7969       0.165812
          1.797       0.165796
         1.7971       0.165779
         1.7972       0.165762
         1.7973       0.165746
         1.7974       0.165729
         1.7975       0.165713
         1.7976       0.165696
         1.7977        0.16568
         1.7978       0.165663
         1.7979       0.165646
          1.798        0.16563
         1.7981       0.165613
         1.7982       0.165597
         1.7983        0.16558
         1.7984       0.165564
         1.7985       0.165547
         1.7986        0.16553
         1.7987       0.165514
         1.7988       0.165497
         1.7989       0.165481
          1.799       0.165464
         1.7991       0.165448
         1.7992       0.165431
         1.7993       0.165415
         1.7994       0.165398
         1.7995       0.165382
         1.7996       0.165365
         1.7997       0.165348
         1.7998       0.165332
         1.7999       0.165315
            1.8       0.165299
         1.8001       0.165282
         1.8002       0.165266
         1.8003       0.165249
         1.8004       0.165233
         1.8005       0.165216
         1.8006         0.1652
         1.8007       0.165183
         1.8008       0.165167
         1.8009        0.16515
          1.801       0.165134
         1.8011       0.165117
         1.8012       0.165101
         1.8013       0.165084
         1.8014       0.165068
         1.8015       0.165051
         1.8016       0.165035
         1.8017       0.165018
         1.8018       0.165002
         1.8019       0.164985
          1.802       0.164969
         1.8021       0.164952
         1.8022       0.164936
         1.8023       0.164919
         1.8024       0.164903
         1.8025       0.164886
         1.8026        0.16487
         1.8027       0.164853
         1.8028       0.164837
         1.8029        0.16482
          1.803       0.164804
         1.8031       0.164787
         1.8032       0.164771
         1.8033       0.164754
         1.8034       0.164738
         1.8035       0.164721
         1.8036       0.164705
         1.8037       0.164688
         1.8038       0.164672
         1.8039       0.164655
          1.804       0.164639
         1.8041       0.164623
         1.8042       0.164606
         1.8043        0.16459
         1.8044       0.164573
         1.8045       0.164557
         1.8046        0.16454
         1.8047       0.164524
         1.8048       0.164507
         1.8049       0.164491
          1.805       0.164474
         1.8051       0.164458
         1.8052       0.164442
         1.8053       0.164425
         1.8054       0.164409
         1.8055       0.164392
         1.8056       0.164376
         1.8057       0.164359
         1.8058       0.164343
         1.8059       0.164327
          1.806        0.16431
         1.8061       0.164294
         1.8062       0.164277
         1.8063       0.164261
         1.8064       0.164244
         1.8065       0.164228
         1.8066       0.164212
         1.8067       0.164195
         1.8068       0.164179
         1.8069       0.164162
          1.807       0.164146
         1.8071       0.164129
         1.8072       0.164113
         1.8073       0.164097
         1.8074        0.16408
         1.8075       0.164064
         1.8076       0.164047
         1.8077       0.164031
         1.8078       0.164015
         1.8079       0.163998
          1.808       0.163982
         1.8081       0.163965
         1.8082       0.163949
         1.8083       0.163933
         1.8084       0.163916
         1.8085         0.1639
         1.8086       0.163883
         1.8087       0.163867
         1.8088       0.163851
         1.8089       0.163834
          1.809       0.163818
         1.8091       0.163802
         1.8092       0.163785
         1.8093       0.163769
         1.8094       0.163752
         1.8095       0.163736
         1.8096        0.16372
         1.8097       0.163703
         1.8098       0.163687
         1.8099       0.163671
           1.81       0.163654
         1.8101       0.163638
         1.8102       0.163621
         1.8103       0.163605
         1.8104       0.163589
         1.8105       0.163572
         1.8106       0.163556
         1.8107        0.16354
         1.8108       0.163523
         1.8109       0.163507
          1.811       0.163491
         1.8111       0.163474
         1.8112       0.163458
         1.8113       0.163442
         1.8114       0.163425
         1.8115       0.163409
         1.8116       0.163393
         1.8117       0.163376
         1.8118        0.16336
         1.8119       0.163343
          1.812       0.163327
         1.8121       0.163311
         1.8122       0.163295
         1.8123       0.163278
         1.8124       0.163262
         1.8125       0.163246
         1.8126       0.163229
         1.8127       0.163213
         1.8128       0.163197
         1.8129        0.16318
          1.813       0.163164
         1.8131       0.163148
         1.8132       0.163131
         1.8133       0.163115
         1.8134       0.163099
         1.8135       0.163082
         1.8136       0.163066
         1.8137        0.16305
         1.8138       0.163033
         1.8139       0.163017
          1.814       0.163001
         1.8141       0.162985
         1.8142       0.162968
         1.8143       0.162952
         1.8144       0.162936
         1.8145       0.162919
         1.8146       0.162903
         1.8147       0.162887
         1.8148        0.16287
         1.8149       0.162854
          1.815       0.162838
         1.8151       0.162822
         1.8152       0.162805
         1.8153       0.162789
         1.8154       0.162773
         1.8155       0.162757
         1.8156        0.16274
         1.8157       0.162724
         1.8158       0.162708
         1.8159       0.162691
          1.816       0.162675
         1.8161       0.162659
         1.8162       0.162643
         1.8163       0.162626
         1.8164        0.16261
         1.8165       0.162594
         1.8166       0.162578
         1.8167       0.162561
         1.8168       0.162545
         1.8169       0.162529
          1.817       0.162513
         1.8171       0.162496
         1.8172        0.16248
         1.8173       0.162464
         1.8174       0.162448
         1.8175       0.162431
         1.8176       0.162415
         1.8177       0.162399
         1.8178       0.162383
         1.8179       0.162366
          1.818        0.16235
         1.8181       0.162334
         1.8182       0.162318
         1.8183       0.162301
         1.8184       0.162285
         1.8185       0.162269
         1.8186       0.162253
         1.8187       0.162237
         1.8188        0.16222
         1.8189       0.162204
          1.819       0.162188
         1.8191       0.162172
         1.8192       0.162155
         1.8193       0.162139
         1.8194       0.162123
         1.8195       0.162107
         1.8196       0.162091
         1.8197       0.162074
         1.8198       0.162058
         1.8199       0.162042
           1.82       0.162026
         1.8201        0.16201
         1.8202       0.161993
         1.8203       0.161977
         1.8204       0.161961
         1.8205       0.161945
         1.8206       0.161929
         1.8207       0.161912
         1.8208       0.161896
         1.8209        0.16188
          1.821       0.161864
         1.8211       0.161848
         1.8212       0.161831
         1.8213       0.161815
         1.8214       0.161799
         1.8215       0.161783
         1.8216       0.161767
         1.8217       0.161751
         1.8218       0.161734
         1.8219       0.161718
          1.822       0.161702
         1.8221       0.161686
         1.8222        0.16167
         1.8223       0.161654
         1.8224       0.161637
         1.8225       0.161621
         1.8226       0.161605
         1.8227       0.161589
         1.8228       0.161573
         1.8229       0.161557
          1.823        0.16154
         1.8231       0.161524
         1.8232       0.161508
         1.8233       0.161492
         1.8234       0.161476
         1.8235        0.16146
         1.8236       0.161444
         1.8237       0.161427
         1.8238       0.161411
         1.8239       0.161395
          1.824       0.161379
         1.8241       0.161363
         1.8242       0.161347
         1.8243       0.161331
         1.8244       0.161314
         1.8245       0.161298
         1.8246       0.161282
         1.8247       0.161266
         1.8248        0.16125
         1.8249       0.161234
          1.825       0.161218
         1.8251       0.161202
         1.8252       0.161185
         1.8253       0.161169
         1.8254       0.161153
         1.8255       0.161137
         1.8256       0.161121
         1.8257       0.161105
         1.8258       0.161089
         1.8259       0.161073
          1.826       0.161057
         1.8261        0.16104
         1.8262       0.161024
         1.8263       0.161008
         1.8264       0.160992
         1.8265       0.160976
         1.8266        0.16096
         1.8267       0.160944
         1.8268       0.160928
         1.8269       0.160912
          1.827       0.160896
         1.8271       0.160879
         1.8272       0.160863
         1.8273       0.160847
         1.8274       0.160831
         1.8275       0.160815
         1.8276       0.160799
         1.8277       0.160783
         1.8278       0.160767
         1.8279       0.160751
          1.828       0.160735
         1.8281       0.160719
         1.8282       0.160703
         1.8283       0.160687
         1.8284        0.16067
         1.8285       0.160654
         1.8286       0.160638
         1.8287       0.160622
         1.8288       0.160606
         1.8289        0.16059
          1.829       0.160574
         1.8291       0.160558
         1.8292       0.160542
         1.8293       0.160526
         1.8294        0.16051
         1.8295       0.160494
         1.8296       0.160478
         1.8297       0.160462
         1.8298       0.160446
         1.8299        0.16043
           1.83       0.160414
         1.8301       0.160398
         1.8302       0.160381
         1.8303       0.160365
         1.8304       0.160349
         1.8305       0.160333
         1.8306       0.160317
         1.8307       0.160301
         1.8308       0.160285
         1.8309       0.160269
          1.831       0.160253
         1.8311       0.160237
         1.8312       0.160221
         1.8313       0.160205
         1.8314       0.160189
         1.8315       0.160173
         1.8316       0.160157
         1.8317       0.160141
         1.8318       0.160125
         1.8319       0.160109
          1.832       0.160093
         1.8321       0.160077
         1.8322       0.160061
         1.8323       0.160045
         1.8324       0.160029
         1.8325       0.160013
         1.8326       0.159997
         1.8327       0.159981
         1.8328       0.159965
         1.8329       0.159949
          1.833       0.159933
         1.8331       0.159917
         1.8332       0.159901
         1.8333       0.159885
         1.8334       0.159869
         1.8335       0.159853
         1.8336       0.159837
         1.8337       0.159821
         1.8338       0.159805
         1.8339       0.159789
          1.834       0.159773
         1.8341       0.159757
         1.8342       0.159741
         1.8343       0.159725
         1.8344       0.159709
         1.8345       0.159693
         1.8346       0.159677
         1.8347       0.159661
         1.8348       0.159645
         1.8349       0.159629
          1.835       0.159614
         1.8351       0.159598
         1.8352       0.159582
         1.8353       0.159566
         1.8354        0.15955
         1.8355       0.159534
         1.8356       0.159518
         1.8357       0.159502
         1.8358       0.159486
         1.8359        0.15947
          1.836       0.159454
         1.8361       0.159438
         1.8362       0.159422
         1.8363       0.159406
         1.8364        0.15939
         1.8365       0.159374
         1.8366       0.159358
         1.8367       0.159342
         1.8368       0.159326
         1.8369       0.159311
          1.837       0.159295
         1.8371       0.159279
         1.8372       0.159263
         1.8373       0.159247
         1.8374       0.159231
         1.8375       0.159215
         1.8376       0.159199
         1.8377       0.159183
         1.8378       0.159167
         1.8379       0.159151
          1.838       0.159135
         1.8381       0.159119
         1.8382       0.159104
         1.8383       0.159088
         1.8384       0.159072
         1.8385       0.159056
         1.8386        0.15904
         1.8387       0.159024
         1.8388       0.159008
         1.8389       0.158992
          1.839       0.158976
         1.8391        0.15896
         1.8392       0.158945
         1.8393       0.158929
         1.8394       0.158913
         1.8395       0.158897
         1.8396       0.158881
         1.8397       0.158865
         1.8398       0.158849
         1.8399       0.158833
           1.84       0.158817
         1.8401       0.158802
         1.8402       0.158786
         1.8403        0.15877
         1.8404       0.158754
         1.8405       0.158738
         1.8406       0.158722
         1.8407       0.158706
         1.8408        0.15869
         1.8409       0.158675
          1.841       0.158659
         1.8411       0.158643
         1.8412       0.158627
         1.8413       0.158611
         1.8414       0.158595
         1.8415       0.158579
         1.8416       0.158564
         1.8417       0.158548
         1.8418       0.158532
         1.8419       0.158516
          1.842         0.1585
         1.8421       0.158484
         1.8422       0.158468
         1.8423       0.158453
         1.8424       0.158437
         1.8425       0.158421
         1.8426       0.158405
         1.8427       0.158389
         1.8428       0.158373
         1.8429       0.158358
          1.843       0.158342
         1.8431       0.158326
         1.8432        0.15831
         1.8433       0.158294
         1.8434       0.158278
         1.8435       0.158263
         1.8436       0.158247
         1.8437       0.158231
         1.8438       0.158215
         1.8439       0.158199
          1.844       0.158183
         1.8441       0.158168
         1.8442       0.158152
         1.8443       0.158136
         1.8444        0.15812
         1.8445       0.158104
         1.8446       0.158089
         1.8447       0.158073
         1.8448       0.158057
         1.8449       0.158041
          1.845       0.158025
         1.8451        0.15801
         1.8452       0.157994
         1.8453       0.157978
         1.8454       0.157962
         1.8455       0.157946
         1.8456       0.157931
         1.8457       0.157915
         1.8458       0.157899
         1.8459       0.157883
          1.846       0.157867
         1.8461       0.157852
         1.8462       0.157836
         1.8463        0.15782
         1.8464       0.157804
         1.8465       0.157788
         1.8466       0.157773
         1.8467       0.157757
         1.8468       0.157741
         1.8469       0.157725
          1.847        0.15771
         1.8471       0.157694
         1.8472       0.157678
         1.8473       0.157662
         1.8474       0.157647
         1.8475       0.157631
         1.8476       0.157615
         1.8477       0.157599
         1.8478       0.157583
         1.8479       0.157568
          1.848       0.157552
         1.8481       0.157536
         1.8482        0.15752
         1.8483       0.157505
         1.8484       0.157489
         1.8485       0.157473
         1.8486       0.157457
         1.8487       0.157442
         1.8488       0.157426
         1.8489        0.15741
          1.849       0.157394
         1.8491       0.157379
         1.8492       0.157363
         1.8493       0.157347
         1.8494       0.157332
         1.8495       0.157316
         1.8496         0.1573
         1.8497       0.157284
         1.8498       0.157269
         1.8499       0.157253
           1.85       0.157237
         1.8501       0.157221
         1.8502       0.157206
         1.8503        0.15719
         1.8504       0.157174
         1.8505       0.157159
         1.8506       0.157143
         1.8507       0.157127
         1.8508       0.157111
         1.8509       0.157096
          1.851        0.15708
         1.8511       0.157064
         1.8512       0.157049
         1.8513       0.157033
         1.8514       0.157017
         1.8515       0.157001
         1.8516       0.156986
         1.8517        0.15697
         1.8518       0.156954
         1.8519       0.156939
          1.852       0.156923
         1.8521       0.156907
         1.8522       0.156892
         1.8523       0.156876
         1.8524        0.15686
         1.8525       0.156845
         1.8526       0.156829
         1.8527       0.156813
         1.8528       0.156798
         1.8529       0.156782
          1.853       0.156766
         1.8531        0.15675
         1.8532       0.156735
         1.8533       0.156719
         1.8534       0.156703
         1.8535       0.156688
         1.8536       0.156672
         1.8537       0.156656
         1.8538       0.156641
         1.8539       0.156625
          1.854       0.156609
         1.8541       0.156594
         1.8542       0.156578
         1.8543       0.156563
         1.8544       0.156547
         1.8545       0.156531
         1.8546       0.156516
         1.8547         0.1565
         1.8548       0.156484
         1.8549       0.156469
          1.855       0.156453
         1.8551       0.156437
         1.8552       0.156422
         1.8553       0.156406
         1.8554        0.15639
         1.8555       0.156375
         1.8556       0.156359
         1.8557       0.156343
         1.8558       0.156328
         1.8559       0.156312
          1.856       0.156297
         1.8561       0.156281
         1.8562       0.156265
         1.8563        0.15625
         1.8564       0.156234
         1.8565       0.156218
         1.8566       0.156203
         1.8567       0.156187
         1.8568       0.156172
         1.8569       0.156156
          1.857        0.15614
         1.8571       0.156125
         1.8572       0.156109
         1.8573       0.156094
         1.8574       0.156078
         1.8575       0.156062
         1.8576       0.156047
         1.8577       0.156031
         1.8578       0.156015
         1.8579          0.156
          1.858       0.155984
         1.8581       0.155969
         1.8582       0.155953
         1.8583       0.155938
         1.8584       0.155922
         1.8585       0.155906
         1.8586       0.155891
         1.8587       0.155875
         1.8588        0.15586
         1.8589       0.155844
          1.859       0.155828
         1.8591       0.155813
         1.8592       0.155797
         1.8593       0.155782
         1.8594       0.155766
         1.8595        0.15575
         1.8596       0.155735
         1.8597       0.155719
         1.8598       0.155704
         1.8599       0.155688
           1.86       0.155673
         1.8601       0.155657
         1.8602       0.155642
         1.8603       0.155626
         1.8604        0.15561
         1.8605       0.155595
         1.8606       0.155579
         1.8607       0.155564
         1.8608       0.155548
         1.8609       0.155533
          1.861       0.155517
         1.8611       0.155501
         1.8612       0.155486
         1.8613        0.15547
         1.8614       0.155455
         1.8615       0.155439
         1.8616       0.155424
         1.8617       0.155408
         1.8618       0.155393
         1.8619       0.155377
          1.862       0.155362
         1.8621       0.155346
         1.8622       0.155331
         1.8623       0.155315
         1.8624       0.155299
         1.8625       0.155284
         1.8626       0.155268
         1.8627       0.155253
         1.8628       0.155237
         1.8629       0.155222
          1.863       0.155206
         1.8631       0.155191
         1.8632       0.155175
         1.8633        0.15516
         1.8634       0.155144
         1.8635       0.155129
         1.8636       0.155113
         1.8637       0.155098
         1.8638       0.155082
         1.8639       0.155067
          1.864       0.155051
         1.8641       0.155036
         1.8642        0.15502
         1.8643       0.155005
         1.8644       0.154989
         1.8645       0.154974
         1.8646       0.154958
         1.8647       0.154943
         1.8648       0.154927
         1.8649       0.154912
          1.865       0.154896
         1.8651       0.154881
         1.8652       0.154865
         1.8653        0.15485
         1.8654       0.154834
         1.8655       0.154819
         1.8656       0.154803
         1.8657       0.154788
         1.8658       0.154772
         1.8659       0.154757
          1.866       0.154741
         1.8661       0.154726
         1.8662        0.15471
         1.8663       0.154695
         1.8664        0.15468
         1.8665       0.154664
         1.8666       0.154649
         1.8667       0.154633
         1.8668       0.154618
         1.8669       0.154602
          1.867       0.154587
         1.8671       0.154571
         1.8672       0.154556
         1.8673        0.15454
         1.8674       0.154525
         1.8675       0.154509
         1.8676       0.154494
         1.8677       0.154479
         1.8678       0.154463
         1.8679       0.154448
          1.868       0.154432
         1.8681       0.154417
         1.8682       0.154401
         1.8683       0.154386
         1.8684        0.15437
         1.8685       0.154355
         1.8686        0.15434
         1.8687       0.154324
         1.8688       0.154309
         1.8689       0.154293
          1.869       0.154278
         1.8691       0.154262
         1.8692       0.154247
         1.8693       0.154232
         1.8694       0.154216
         1.8695       0.154201
         1.8696       0.154185
         1.8697        0.15417
         1.8698       0.154154
         1.8699       0.154139
           1.87       0.154124
         1.8701       0.154108
         1.8702       0.154093
         1.8703       0.154077
         1.8704       0.154062
         1.8705       0.154047
         1.8706       0.154031
         1.8707       0.154016
         1.8708          0.154
         1.8709       0.153985
          1.871        0.15397
         1.8711       0.153954
         1.8712       0.153939
         1.8713       0.153923
         1.8714       0.153908
         1.8715       0.153893
         1.8716       0.153877
         1.8717       0.153862
         1.8718       0.153846
         1.8719       0.153831
          1.872       0.153816
         1.8721         0.1538
         1.8722       0.153785
         1.8723        0.15377
         1.8724       0.153754
         1.8725       0.153739
         1.8726       0.153723
         1.8727       0.153708
         1.8728       0.153693
         1.8729       0.153677
          1.873       0.153662
         1.8731       0.153647
         1.8732       0.153631
         1.8733       0.153616
         1.8734       0.153601
         1.8735       0.153585
         1.8736        0.15357
         1.8737       0.153554
         1.8738       0.153539
         1.8739       0.153524
          1.874       0.153508
         1.8741       0.153493
         1.8742       0.153478
         1.8743       0.153462
         1.8744       0.153447
         1.8745       0.153432
         1.8746       0.153416
         1.8747       0.153401
         1.8748       0.153386
         1.8749        0.15337
          1.875       0.153355
         1.8751        0.15334
         1.8752       0.153324
         1.8753       0.153309
         1.8754       0.153294
         1.8755       0.153278
         1.8756       0.153263
         1.8757       0.153248
         1.8758       0.153232
         1.8759       0.153217
          1.876       0.153202
         1.8761       0.153186
         1.8762       0.153171
         1.8763       0.153156
         1.8764        0.15314
         1.8765       0.153125
         1.8766        0.15311
         1.8767       0.153094
         1.8768       0.153079
         1.8769       0.153064
          1.877       0.153049
         1.8771       0.153033
         1.8772       0.153018
         1.8773       0.153003
         1.8774       0.152987
         1.8775       0.152972
         1.8776       0.152957
         1.8777       0.152941
         1.8778       0.152926
         1.8779       0.152911
          1.878       0.152896
         1.8781        0.15288
         1.8782       0.152865
         1.8783        0.15285
         1.8784       0.152834
         1.8785       0.152819
         1.8786       0.152804
         1.8787       0.152789
         1.8788       0.152773
         1.8789       0.152758
          1.879       0.152743
         1.8791       0.152728
         1.8792       0.152712
         1.8793       0.152697
         1.8794       0.152682
         1.8795       0.152666
         1.8796       0.152651
         1.8797       0.152636
         1.8798       0.152621
         1.8799       0.152605
           1.88        0.15259
         1.8801       0.152575
         1.8802        0.15256
         1.8803       0.152544
         1.8804       0.152529
         1.8805       0.152514
         1.8806       0.152499
         1.8807       0.152483
         1.8808       0.152468
         1.8809       0.152453
          1.881       0.152438
         1.8811       0.152422
         1.8812       0.152407
         1.8813       0.152392
         1.8814       0.152377
         1.8815       0.152361
         1.8816       0.152346
         1.8817       0.152331
         1.8818       0.152316
         1.8819         0.1523
          1.882       0.152285
         1.8821        0.15227
         1.8822       0.152255
         1.8823        0.15224
         1.8824       0.152224
         1.8825       0.152209
         1.8826       0.152194
         1.8827       0.152179
         1.8828       0.152163
         1.8829       0.152148
          1.883       0.152133
         1.8831       0.152118
         1.8832       0.152103
         1.8833       0.152087
         1.8834       0.152072
         1.8835       0.152057
         1.8836       0.152042
         1.8837       0.152027
         1.8838       0.152011
         1.8839       0.151996
          1.884       0.151981
         1.8841       0.151966
         1.8842       0.151951
         1.8843       0.151935
         1.8844        0.15192
         1.8845       0.151905
         1.8846        0.15189
         1.8847       0.151875
         1.8848       0.151859
         1.8849       0.151844
          1.885       0.151829
         1.8851       0.151814
         1.8852       0.151799
         1.8853       0.151784
         1.8854       0.151768
         1.8855       0.151753
         1.8856       0.151738
         1.8857       0.151723
         1.8858       0.151708
         1.8859       0.151692
          1.886       0.151677
         1.8861       0.151662
         1.8862       0.151647
         1.8863       0.151632
         1.8864       0.151617
         1.8865       0.151601
         1.8866       0.151586
         1.8867       0.151571
         1.8868       0.151556
         1.8869       0.151541
          1.887       0.151526
         1.8871       0.151511
         1.8872       0.151495
         1.8873        0.15148
         1.8874       0.151465
         1.8875        0.15145
         1.8876       0.151435
         1.8877        0.15142
         1.8878       0.151405
         1.8879       0.151389
          1.888       0.151374
         1.8881       0.151359
         1.8882       0.151344
         1.8883       0.151329
         1.8884       0.151314
         1.8885       0.151299
         1.8886       0.151283
         1.8887       0.151268
         1.8888       0.151253
         1.8889       0.151238
          1.889       0.151223
         1.8891       0.151208
         1.8892       0.151193
         1.8893       0.151178
         1.8894       0.151162
         1.8895       0.151147
         1.8896       0.151132
         1.8897       0.151117
         1.8898       0.151102
         1.8899       0.151087
           1.89       0.151072
         1.8901       0.151057
         1.8902       0.151042
         1.8903       0.151027
         1.8904       0.151011
         1.8905       0.150996
         1.8906       0.150981
         1.8907       0.150966
         1.8908       0.150951
         1.8909       0.150936
          1.891       0.150921
         1.8911       0.150906
         1.8912       0.150891
         1.8913       0.150876
         1.8914        0.15086
         1.8915       0.150845
         1.8916        0.15083
         1.8917       0.150815
         1.8918         0.1508
         1.8919       0.150785
          1.892        0.15077
         1.8921       0.150755
         1.8922        0.15074
         1.8923       0.150725
         1.8924        0.15071
         1.8925       0.150695
         1.8926        0.15068
         1.8927       0.150664
         1.8928       0.150649
         1.8929       0.150634
          1.893       0.150619
         1.8931       0.150604
         1.8932       0.150589
         1.8933       0.150574
         1.8934       0.150559
         1.8935       0.150544
         1.8936       0.150529
         1.8937       0.150514
         1.8938       0.150499
         1.8939       0.150484
          1.894       0.150469
         1.8941       0.150454
         1.8942       0.150439
         1.8943       0.150424
         1.8944       0.150409
         1.8945       0.150394
         1.8946       0.150378
         1.8947       0.150363
         1.8948       0.150348
         1.8949       0.150333
          1.895       0.150318
         1.8951       0.150303
         1.8952       0.150288
         1.8953       0.150273
         1.8954       0.150258
         1.8955       0.150243
         1.8956       0.150228
         1.8957       0.150213
         1.8958       0.150198
         1.8959       0.150183
          1.896       0.150168
         1.8961       0.150153
         1.8962       0.150138
         1.8963       0.150123
         1.8964       0.150108
         1.8965       0.150093
         1.8966       0.150078
         1.8967       0.150063
         1.8968       0.150048
         1.8969       0.150033
          1.897       0.150018
         1.8971       0.150003
         1.8972       0.149988
         1.8973       0.149973
         1.8974       0.149958
         1.8975       0.149943
         1.8976       0.149928
         1.8977       0.149913
         1.8978       0.149898
         1.8979       0.149883
          1.898       0.149868
         1.8981       0.149853
         1.8982       0.149838
         1.8983       0.149823
         1.8984       0.149808
         1.8985       0.149793
         1.8986       0.149778
         1.8987       0.149763
         1.8988       0.149748
         1.8989       0.149733
          1.899       0.149718
         1.8991       0.149703
         1.8992       0.149688
         1.8993       0.149673
         1.8994       0.149658
         1.8995       0.149643
         1.8996       0.149628
         1.8997       0.149614
         1.8998       0.149599
         1.8999       0.149584
            1.9       0.149569
         1.9001       0.149554
         1.9002       0.149539
         1.9003       0.149524
         1.9004       0.149509
         1.9005       0.149494
         1.9006       0.149479
         1.9007       0.149464
         1.9008       0.149449
         1.9009       0.149434
          1.901       0.149419
         1.9011       0.149404
         1.9012       0.149389
         1.9013       0.149374
         1.9014       0.149359
         1.9015       0.149344
         1.9016        0.14933
         1.9017       0.149315
         1.9018         0.1493
         1.9019       0.149285
          1.902        0.14927
         1.9021       0.149255
         1.9022        0.14924
         1.9023       0.149225
         1.9024        0.14921
         1.9025       0.149195
         1.9026        0.14918
         1.9027       0.149165
         1.9028        0.14915
         1.9029       0.149136
          1.903       0.149121
         1.9031       0.149106
         1.9032       0.149091
         1.9033       0.149076
         1.9034       0.149061
         1.9035       0.149046
         1.9036       0.149031
         1.9037       0.149016
         1.9038       0.149001
         1.9039       0.148986
          1.904       0.148972
         1.9041       0.148957
         1.9042       0.148942
         1.9043       0.148927
         1.9044       0.148912
         1.9045       0.148897
         1.9046       0.148882
         1.9047       0.148867
         1.9048       0.148852
         1.9049       0.148838
          1.905       0.148823
         1.9051       0.148808
         1.9052       0.148793
         1.9053       0.148778
         1.9054       0.148763
         1.9055       0.148748
         1.9056       0.148733
         1.9057       0.148719
         1.9058       0.148704
         1.9059       0.148689
          1.906       0.148674
         1.9061       0.148659
         1.9062       0.148644
         1.9063       0.148629
         1.9064       0.148614
         1.9065         0.1486
         1.9066       0.148585
         1.9067        0.14857
         1.9068       0.148555
         1.9069        0.14854
          1.907       0.148525
         1.9071        0.14851
         1.9072       0.148496
         1.9073       0.148481
         1.9074       0.148466
         1.9075       0.148451
         1.9076       0.148436
         1.9077       0.148421
         1.9078       0.148407
         1.9079       0.148392
          1.908       0.148377
         1.9081       0.148362
         1.9082       0.148347
         1.9083       0.148332
         1.9084       0.148318
         1.9085       0.148303
         1.9086       0.148288
         1.9087       0.148273
         1.9088       0.148258
         1.9089       0.148243
          1.909       0.148229
         1.9091       0.148214
         1.9092       0.148199
         1.9093       0.148184
         1.9094       0.148169
         1.9095       0.148154
         1.9096        0.14814
         1.9097       0.148125
         1.9098        0.14811
         1.9099       0.148095
           1.91        0.14808
         1.9101       0.148066
         1.9102       0.148051
         1.9103       0.148036
         1.9104       0.148021
         1.9105       0.148006
         1.9106       0.147992
         1.9107       0.147977
         1.9108       0.147962
         1.9109       0.147947
          1.911       0.147932
         1.9111       0.147918
         1.9112       0.147903
         1.9113       0.147888
         1.9114       0.147873
         1.9115       0.147858
         1.9116       0.147844
         1.9117       0.147829
         1.9118       0.147814
         1.9119       0.147799
          1.912       0.147785
         1.9121        0.14777
         1.9122       0.147755
         1.9123        0.14774
         1.9124       0.147725
         1.9125       0.147711
         1.9126       0.147696
         1.9127       0.147681
         1.9128       0.147666
         1.9129       0.147652
          1.913       0.147637
         1.9131       0.147622
         1.9132       0.147607
         1.9133       0.147593
         1.9134       0.147578
         1.9135       0.147563
         1.9136       0.147548
         1.9137       0.147534
         1.9138       0.147519
         1.9139       0.147504
          1.914       0.147489
         1.9141       0.147475
         1.9142        0.14746
         1.9143       0.147445
         1.9144        0.14743
         1.9145       0.147416
         1.9146       0.147401
         1.9147       0.147386
         1.9148       0.147371
         1.9149       0.147357
          1.915       0.147342
         1.9151       0.147327
         1.9152       0.147312
         1.9153       0.147298
         1.9154       0.147283
         1.9155       0.147268
         1.9156       0.147253
         1.9157       0.147239
         1.9158       0.147224
         1.9159       0.147209
          1.916       0.147195
         1.9161        0.14718
         1.9162       0.147165
         1.9163        0.14715
         1.9164       0.147136
         1.9165       0.147121
         1.9166       0.147106
         1.9167       0.147092
         1.9168       0.147077
         1.9169       0.147062
          1.917       0.147047
         1.9171       0.147033
         1.9172       0.147018
         1.9173       0.147003
         1.9174       0.146989
         1.9175       0.146974
         1.9176       0.146959
         1.9177       0.146945
         1.9178        0.14693
         1.9179       0.146915
          1.918         0.1469
         1.9181       0.146886
         1.9182       0.146871
         1.9183       0.146856
         1.9184       0.146842
         1.9185       0.146827
         1.9186       0.146812
         1.9187       0.146798
         1.9188       0.146783
         1.9189       0.146768
          1.919       0.146754
         1.9191       0.146739
         1.9192       0.146724
         1.9193        0.14671
         1.9194       0.146695
         1.9195        0.14668
         1.9196       0.146666
         1.9197       0.146651
         1.9198       0.146636
         1.9199       0.146622
           1.92       0.146607
         1.9201       0.146592
         1.9202       0.146578
         1.9203       0.146563
         1.9204       0.146548
         1.9205       0.146534
         1.9206       0.146519
         1.9207       0.146504
         1.9208        0.14649
         1.9209       0.146475
          1.921        0.14646
         1.9211       0.146446
         1.9212       0.146431
         1.9213       0.146417
         1.9214       0.146402
         1.9215       0.146387
         1.9216       0.146373
         1.9217       0.146358
         1.9218       0.146343
         1.9219       0.146329
          1.922       0.146314
         1.9221       0.146299
         1.9222       0.146285
         1.9223        0.14627
         1.9224       0.146256
         1.9225       0.146241
         1.9226       0.146226
         1.9227       0.146212
         1.9228       0.146197
         1.9229       0.146182
          1.923       0.146168
         1.9231       0.146153
         1.9232       0.146139
         1.9233       0.146124
         1.9234       0.146109
         1.9235       0.146095
         1.9236        0.14608
         1.9237       0.146066
         1.9238       0.146051
         1.9239       0.146036
          1.924       0.146022
         1.9241       0.146007
         1.9242       0.145993
         1.9243       0.145978
         1.9244       0.145963
         1.9245       0.145949
         1.9246       0.145934
         1.9247        0.14592
         1.9248       0.145905
         1.9249        0.14589
          1.925       0.145876
         1.9251       0.145861
         1.9252       0.145847
         1.9253       0.145832
         1.9254       0.145817
         1.9255       0.145803
         1.9256       0.145788
         1.9257       0.145774
         1.9258       0.145759
         1.9259       0.145745
          1.926        0.14573
         1.9261       0.145715
         1.9262       0.145701
         1.9263       0.145686
         1.9264       0.145672
         1.9265       0.145657
         1.9266       0.145643
         1.9267       0.145628
         1.9268       0.145613
         1.9269       0.145599
          1.927       0.145584
         1.9271        0.14557
         1.9272       0.145555
         1.9273       0.145541
         1.9274       0.145526
         1.9275       0.145512
         1.9276       0.145497
         1.9277       0.145482
         1.9278       0.145468
         1.9279       0.145453
          1.928       0.145439
         1.9281       0.145424
         1.9282        0.14541
         1.9283       0.145395
         1.9284       0.145381
         1.9285       0.145366
         1.9286       0.145352
         1.9287       0.145337
         1.9288       0.145322
         1.9289       0.145308
          1.929       0.145293
         1.9291       0.145279
         1.9292       0.145264
         1.9293        0.14525
         1.9294       0.145235
         1.9295       0.145221
         1.9296       0.145206
         1.9297       0.145192
         1.9298       0.145177
         1.9299       0.145163
           1.93       0.145148
         1.9301       0.145134
         1.9302       0.145119
         1.9303       0.145105
         1.9304        0.14509
         1.9305       0.145076
         1.9306       0.145061
         1.9307       0.145047
         1.9308       0.145032
         1.9309       0.145018
          1.931       0.145003
         1.9311       0.144989
         1.9312       0.144974
         1.9313        0.14496
         1.9314       0.144945
         1.9315       0.144931
         1.9316       0.144916
         1.9317       0.144902
         1.9318       0.144887
         1.9319       0.144873
          1.932       0.144858
         1.9321       0.144844
         1.9322       0.144829
         1.9323       0.144815
         1.9324         0.1448
         1.9325       0.144786
         1.9326       0.144771
         1.9327       0.144757
         1.9328       0.144742
         1.9329       0.144728
          1.933       0.144713
         1.9331       0.144699
         1.9332       0.144684
         1.9333        0.14467
         1.9334       0.144656
         1.9335       0.144641
         1.9336       0.144627
         1.9337       0.144612
         1.9338       0.144598
         1.9339       0.144583
          1.934       0.144569
         1.9341       0.144554
         1.9342        0.14454
         1.9343       0.144525
         1.9344       0.144511
         1.9345       0.144497
         1.9346       0.144482
         1.9347       0.144468
         1.9348       0.144453
         1.9349       0.144439
          1.935       0.144424
         1.9351        0.14441
         1.9352       0.144395
         1.9353       0.144381
         1.9354       0.144367
         1.9355       0.144352
         1.9356       0.144338
         1.9357       0.144323
         1.9358       0.144309
         1.9359       0.144294
          1.936        0.14428
         1.9361       0.144265
         1.9362       0.144251
         1.9363       0.144237
         1.9364       0.144222
         1.9365       0.144208
         1.9366       0.144193
         1.9367       0.144179
         1.9368       0.144165
         1.9369        0.14415
          1.937       0.144136
         1.9371       0.144121
         1.9372       0.144107
         1.9373       0.144092
         1.9374       0.144078
         1.9375       0.144064
         1.9376       0.144049
         1.9377       0.144035
         1.9378        0.14402
         1.9379       0.144006
          1.938       0.143992
         1.9381       0.143977
         1.9382       0.143963
         1.9383       0.143948
         1.9384       0.143934
         1.9385        0.14392
         1.9386       0.143905
         1.9387       0.143891
         1.9388       0.143877
         1.9389       0.143862
          1.939       0.143848
         1.9391       0.143833
         1.9392       0.143819
         1.9393       0.143805
         1.9394        0.14379
         1.9395       0.143776
         1.9396       0.143761
         1.9397       0.143747
         1.9398       0.143733
         1.9399       0.143718
           1.94       0.143704
         1.9401        0.14369
         1.9402       0.143675
         1.9403       0.143661
         1.9404       0.143646
         1.9405       0.143632
         1.9406       0.143618
         1.9407       0.143603
         1.9408       0.143589
         1.9409       0.143575
          1.941        0.14356
         1.9411       0.143546
         1.9412       0.143532
         1.9413       0.143517
         1.9414       0.143503
         1.9415       0.143489
         1.9416       0.143474
         1.9417        0.14346
         1.9418       0.143446
         1.9419       0.143431
          1.942       0.143417
         1.9421       0.143402
         1.9422       0.143388
         1.9423       0.143374
         1.9424       0.143359
         1.9425       0.143345
         1.9426       0.143331
         1.9427       0.143316
         1.9428       0.143302
         1.9429       0.143288
          1.943       0.143273
         1.9431       0.143259
         1.9432       0.143245
         1.9433       0.143231
         1.9434       0.143216
         1.9435       0.143202
         1.9436       0.143188
         1.9437       0.143173
         1.9438       0.143159
         1.9439       0.143145
          1.944        0.14313
         1.9441       0.143116
         1.9442       0.143102
         1.9443       0.143087
         1.9444       0.143073
         1.9445       0.143059
         1.9446       0.143044
         1.9447        0.14303
         1.9448       0.143016
         1.9449       0.143002
          1.945       0.142987
         1.9451       0.142973
         1.9452       0.142959
         1.9453       0.142944
         1.9454        0.14293
         1.9455       0.142916
         1.9456       0.142901
         1.9457       0.142887
         1.9458       0.142873
         1.9459       0.142859
          1.946       0.142844
         1.9461        0.14283
         1.9462       0.142816
         1.9463       0.142801
         1.9464       0.142787
         1.9465       0.142773
         1.9466       0.142759
         1.9467       0.142744
         1.9468        0.14273
         1.9469       0.142716
          1.947       0.142702
         1.9471       0.142687
         1.9472       0.142673
         1.9473       0.142659
         1.9474       0.142644
         1.9475        0.14263
         1.9476       0.142616
         1.9477       0.142602
         1.9478       0.142587
         1.9479       0.142573
          1.948       0.142559
         1.9481       0.142545
         1.9482        0.14253
         1.9483       0.142516
         1.9484       0.142502
         1.9485       0.142488
         1.9486       0.142473
         1.9487       0.142459
         1.9488       0.142445
         1.9489       0.142431
          1.949       0.142416
         1.9491       0.142402
         1.9492       0.142388
         1.9493       0.142374
         1.9494       0.142359
         1.9495       0.142345
         1.9496       0.142331
         1.9497       0.142317
         1.9498       0.142303
         1.9499       0.142288
           1.95       0.142274
         1.9501        0.14226
         1.9502       0.142246
         1.9503       0.142231
         1.9504       0.142217
         1.9505       0.142203
         1.9506       0.142189
         1.9507       0.142175
         1.9508        0.14216
         1.9509       0.142146
          1.951       0.142132
         1.9511       0.142118
         1.9512       0.142103
         1.9513       0.142089
         1.9514       0.142075
         1.9515       0.142061
         1.9516       0.142047
         1.9517       0.142032
         1.9518       0.142018
         1.9519       0.142004
          1.952        0.14199
         1.9521       0.141976
         1.9522       0.141961
         1.9523       0.141947
         1.9524       0.141933
         1.9525       0.141919
         1.9526       0.141905
         1.9527        0.14189
         1.9528       0.141876
         1.9529       0.141862
          1.953       0.141848
         1.9531       0.141834
         1.9532        0.14182
         1.9533       0.141805
         1.9534       0.141791
         1.9535       0.141777
         1.9536       0.141763
         1.9537       0.141749
         1.9538       0.141734
         1.9539        0.14172
          1.954       0.141706
         1.9541       0.141692
         1.9542       0.141678
         1.9543       0.141664
         1.9544       0.141649
         1.9545       0.141635
         1.9546       0.141621
         1.9547       0.141607
         1.9548       0.141593
         1.9549       0.141579
          1.955       0.141564
         1.9551        0.14155
         1.9552       0.141536
         1.9553       0.141522
         1.9554       0.141508
         1.9555       0.141494
         1.9556        0.14148
         1.9557       0.141465
         1.9558       0.141451
         1.9559       0.141437
          1.956       0.141423
         1.9561       0.141409
         1.9562       0.141395
         1.9563       0.141381
         1.9564       0.141366
         1.9565       0.141352
         1.9566       0.141338
         1.9567       0.141324
         1.9568        0.14131
         1.9569       0.141296
          1.957       0.141282
         1.9571       0.141268
         1.9572       0.141253
         1.9573       0.141239
         1.9574       0.141225
         1.9575       0.141211
         1.9576       0.141197
         1.9577       0.141183
         1.9578       0.141169
         1.9579       0.141155
          1.958        0.14114
         1.9581       0.141126
         1.9582       0.141112
         1.9583       0.141098
         1.9584       0.141084
         1.9585        0.14107
         1.9586       0.141056
         1.9587       0.141042
         1.9588       0.141028
         1.9589       0.141013
          1.959       0.140999
         1.9591       0.140985
         1.9592       0.140971
         1.9593       0.140957
         1.9594       0.140943
         1.9595       0.140929
         1.9596       0.140915
         1.9597       0.140901
         1.9598       0.140887
         1.9599       0.140873
           1.96       0.140858
         1.9601       0.140844
         1.9602        0.14083
         1.9603       0.140816
         1.9604       0.140802
         1.9605       0.140788
         1.9606       0.140774
         1.9607        0.14076
         1.9608       0.140746
         1.9609       0.140732
          1.961       0.140718
         1.9611       0.140704
         1.9612       0.140689
         1.9613       0.140675
         1.9614       0.140661
         1.9615       0.140647
         1.9616       0.140633
         1.9617       0.140619
         1.9618       0.140605
         1.9619       0.140591
          1.962       0.140577
         1.9621       0.140563
         1.9622       0.140549
         1.9623       0.140535
         1.9624       0.140521
         1.9625       0.140507
         1.9626       0.140493
         1.9627       0.140479
         1.9628       0.140465
         1.9629       0.140451
          1.963       0.140436
         1.9631       0.140422
         1.9632       0.140408
         1.9633       0.140394
         1.9634        0.14038
         1.9635       0.140366
         1.9636       0.140352
         1.9637       0.140338
         1.9638       0.140324
         1.9639        0.14031
          1.964       0.140296
         1.9641       0.140282
         1.9642       0.140268
         1.9643       0.140254
         1.9644        0.14024
         1.9645       0.140226
         1.9646       0.140212
         1.9647       0.140198
         1.9648       0.140184
         1.9649        0.14017
          1.965       0.140156
         1.9651       0.140142
         1.9652       0.140128
         1.9653       0.140114
         1.9654         0.1401
         1.9655       0.140086
         1.9656       0.140072
         1.9657       0.140058
         1.9658       0.140044
         1.9659        0.14003
          1.966       0.140016
         1.9661       0.140002
         1.9662       0.139988
         1.9663       0.139974
         1.9664        0.13996
         1.9665       0.139946
         1.9666       0.139932
         1.9667       0.139918
         1.9668       0.139904
         1.9669        0.13989
          1.967       0.139876
         1.9671       0.139862
         1.9672       0.139848
         1.9673       0.139834
         1.9674        0.13982
         1.9675       0.139806
         1.9676       0.139792
         1.9677       0.139778
         1.9678       0.139764
         1.9679        0.13975
          1.968       0.139736
         1.9681       0.139722
         1.9682       0.139708
         1.9683       0.139694
         1.9684        0.13968
         1.9685       0.139666
         1.9686       0.139652
         1.9687       0.139638
         1.9688       0.139624
         1.9689        0.13961
          1.969       0.139596
         1.9691       0.139582
         1.9692       0.139568
         1.9693       0.139555
         1.9694       0.139541
         1.9695       0.139527
         1.9696       0.139513
         1.9697       0.139499
         1.9698       0.139485
         1.9699       0.139471
           1.97       0.139457
         1.9701       0.139443
         1.9702       0.139429
         1.9703       0.139415
         1.9704       0.139401
         1.9705       0.139387
         1.9706       0.139373
         1.9707       0.139359
         1.9708       0.139345
         1.9709       0.139331
          1.971       0.139317
         1.9711       0.139304
         1.9712        0.13929
         1.9713       0.139276
         1.9714       0.139262
         1.9715       0.139248
         1.9716       0.139234
         1.9717        0.13922
         1.9718       0.139206
         1.9719       0.139192
          1.972       0.139178
         1.9721       0.139164
         1.9722        0.13915
         1.9723       0.139136
         1.9724       0.139123
         1.9725       0.139109
         1.9726       0.139095
         1.9727       0.139081
         1.9728       0.139067
         1.9729       0.139053
          1.973       0.139039
         1.9731       0.139025
         1.9732       0.139011
         1.9733       0.138997
         1.9734       0.138984
         1.9735        0.13897
         1.9736       0.138956
         1.9737       0.138942
         1.9738       0.138928
         1.9739       0.138914
          1.974         0.1389
         1.9741       0.138886
         1.9742       0.138872
         1.9743       0.138858
         1.9744       0.138845
         1.9745       0.138831
         1.9746       0.138817
         1.9747       0.138803
         1.9748       0.138789
         1.9749       0.138775
          1.975       0.138761
         1.9751       0.138747
         1.9752       0.138734
         1.9753        0.13872
         1.9754       0.138706
         1.9755       0.138692
         1.9756       0.138678
         1.9757       0.138664
         1.9758        0.13865
         1.9759       0.138636
          1.976       0.138623
         1.9761       0.138609
         1.9762       0.138595
         1.9763       0.138581
         1.9764       0.138567
         1.9765       0.138553
         1.9766       0.138539
         1.9767       0.138526
         1.9768       0.138512
         1.9769       0.138498
          1.977       0.138484
         1.9771        0.13847
         1.9772       0.138456
         1.9773       0.138443
         1.9774       0.138429
         1.9775       0.138415
         1.9776       0.138401
         1.9777       0.138387
         1.9778       0.138373
         1.9779       0.138359
          1.978       0.138346
         1.9781       0.138332
         1.9782       0.138318
         1.9783       0.138304
         1.9784        0.13829
         1.9785       0.138277
         1.9786       0.138263
         1.9787       0.138249
         1.9788       0.138235
         1.9789       0.138221
          1.979       0.138207
         1.9791       0.138194
         1.9792        0.13818
         1.9793       0.138166
         1.9794       0.138152
         1.9795       0.138138
         1.9796       0.138124
         1.9797       0.138111
         1.9798       0.138097
         1.9799       0.138083
           1.98       0.138069
         1.9801       0.138055
         1.9802       0.138042
         1.9803       0.138028
         1.9804       0.138014
         1.9805          0.138
         1.9806       0.137986
         1.9807       0.137973
         1.9808       0.137959
         1.9809       0.137945
          1.981       0.137931
         1.9811       0.137917
         1.9812       0.137904
         1.9813        0.13789
         1.9814       0.137876
         1.9815       0.137862
         1.9816       0.137849
         1.9817       0.137835
         1.9818       0.137821
         1.9819       0.137807
          1.982       0.137793
         1.9821        0.13778
         1.9822       0.137766
         1.9823       0.137752
         1.9824       0.137738
         1.9825       0.137725
         1.9826       0.137711
         1.9827       0.137697
         1.9828       0.137683
         1.9829       0.137669
          1.983       0.137656
         1.9831       0.137642
         1.9832       0.137628
         1.9833       0.137614
         1.9834       0.137601
         1.9835       0.137587
         1.9836       0.137573
         1.9837       0.137559
         1.9838       0.137546
         1.9839       0.137532
          1.984       0.137518
         1.9841       0.137504
         1.9842       0.137491
         1.9843       0.137477
         1.9844       0.137463
         1.9845       0.137449
         1.9846       0.137436
         1.9847       0.137422
         1.9848       0.137408
         1.9849       0.137394
          1.985       0.137381
         1.9851       0.137367
         1.9852       0.137353
         1.9853       0.137339
         1.9854       0.137326
         1.9855       0.137312
         1.9856       0.137298
         1.9857       0.137284
         1.9858       0.137271
         1.9859       0.137257
          1.986       0.137243
         1.9861        0.13723
         1.9862       0.137216
         1.9863       0.137202
         1.9864       0.137188
         1.9865       0.137175
         1.9866       0.137161
         1.9867       0.137147
         1.9868       0.137134
         1.9869        0.13712
          1.987       0.137106
         1.9871       0.137092
         1.9872       0.137079
         1.9873       0.137065
         1.9874       0.137051
         1.9875       0.137038
         1.9876       0.137024
         1.9877        0.13701
         1.9878       0.136996
         1.9879       0.136983
          1.988       0.136969
         1.9881       0.136955
         1.9882       0.136942
         1.9883       0.136928
         1.9884       0.136914
         1.9885       0.136901
         1.9886       0.136887
         1.9887       0.136873
         1.9888        0.13686
         1.9889       0.136846
          1.989       0.136832
         1.9891       0.136819
         1.9892       0.136805
         1.9893       0.136791
         1.9894       0.136777
         1.9895       0.136764
         1.9896        0.13675
         1.9897       0.136736
         1.9898       0.136723
         1.9899       0.136709
           1.99       0.136695
         1.9901       0.136682
         1.9902       0.136668
         1.9903       0.136654
         1.9904       0.136641
         1.9905       0.136627
         1.9906       0.136613
         1.9907         0.1366
         1.9908       0.136586
         1.9909       0.136572
          1.991       0.136559
         1.9911       0.136545
         1.9912       0.136531
         1.9913       0.136518
         1.9914       0.136504
         1.9915       0.136491
         1.9916       0.136477
         1.9917       0.136463
         1.9918        0.13645
         1.9919       0.136436
          1.992       0.136422
         1.9921       0.136409
         1.9922       0.136395
         1.9923       0.136381
         1.9924       0.136368
         1.9925       0.136354
         1.9926        0.13634
         1.9927       0.136327
         1.9928       0.136313
         1.9929         0.1363
          1.993       0.136286
         1.9931       0.136272
         1.9932       0.136259
         1.9933       0.136245
         1.9934       0.136231
         1.9935       0.136218
         1.9936       0.136204
         1.9937       0.136191
         1.9938       0.136177
         1.9939       0.136163
          1.994        0.13615
         1.9941       0.136136
         1.9942       0.136123
         1.9943       0.136109
         1.9944       0.136095
         1.9945       0.136082
         1.9946       0.136068
         1.9947       0.136054
         1.9948       0.136041
         1.9949       0.136027
          1.995       0.136014
         1.9951          0.136
         1.9952       0.135986
         1.9953       0.135973
         1.9954       0.135959
         1.9955       0.135946
         1.9956       0.135932
         1.9957       0.135918
         1.9958       0.135905
         1.9959       0.135891
          1.996       0.135878
         1.9961       0.135864
         1.9962       0.135851
         1.9963       0.135837
         1.9964       0.135823
         1.9965        0.13581
         1.9966       0.135796
         1.9967       0.135783
         1.9968       0.135769
         1.9969       0.135755
          1.997       0.135742
         1.9971       0.135728
         1.9972       0.135715
         1.9973       0.135701
         1.9974       0.135688
         1.9975       0.135674
         1.9976        0.13566
         1.9977       0.135647
         1.9978       0.135633
         1.9979        0.13562
          1.998       0.135606
         1.9981       0.135593
         1.9982       0.135579
         1.9983       0.135566
         1.9984       0.135552
         1.9985       0.135538
         1.9986       0.135525
         1.9987       0.135511
         1.9988       0.135498
         1.9989       0.135484
          1.999       0.135471
         1.9991       0.135457
         1.9992       0.135444
         1.9993        0.13543
         1.9994       0.135417
         1.9995       0.135403
         1.9996       0.135389
         1.9997       0.135376
         1.9998       0.135362
         1.9999       0.135349
              2       0.135335
